device_id,bus,pool,pool_share,capacity_mwh,active_power_limit_mw,aging_weight,apparent_power_rating_mva,initial_soc_mwh,terminal_soc_mwh
storage_bus_1,1,load_side,0.059788980070339975,419.9146834955919,139.9715611651973,0.01,139.9715611651973,209.95734174779594,209.95734174779594
storage_bus_9,9,renewable_side,0.3576517560181726,2511.888039456894,837.2960131522981,0.01,837.2960131522981,1255.944019728447,1255.944019728447
storage_bus_11,11,load_side,0.08206330597889801,576.3534871508124,192.11782905027079,0.01,192.11782905027079,288.1767435754062,288.1767435754062
storage_bus_15,15,load_side,0.10550996483001172,741.0259120510444,247.00863735034815,0.01,247.00863735034815,370.5129560255222,370.5129560255222
storage_bus_16,16,load_side,0.029308323563892145,205.8405311252901,68.61351037509671,0.01,68.61351037509671,102.92026556264506,102.92026556264506
storage_bus_22,22,load_side,0.011723329425556858,82.33621245011605,27.445404150038684,0.01,27.445404150038684,41.168106225058025,41.168106225058025
storage_bus_24,24,load_side,0.015240328253223915,107.03707618515087,35.67902539505029,0.01,35.67902539505029,53.51853809257543,53.51853809257543
storage_bus_29,29,load_side,0.02813599062133646,197.60690988027852,65.86896996009284,0.01,65.86896996009284,98.80345494013926,98.80345494013926
storage_bus_32,32,load_side,0.06916764361078546,485.7836534556847,161.92788448522825,0.01,161.92788448522825,242.89182672784236,242.89182672784236
storage_bus_41,41,load_side,0.04337631887456037,304.6439860654294,101.54799535514313,0.01,101.54799535514313,152.3219930327147,152.3219930327147
storage_bus_44,44,load_side,0.01875732708089097,131.73793992018568,43.912646640061894,0.01,43.912646640061894,65.86896996009284,65.86896996009284
storage_bus_54,54,renewable_side,0.17587268851926322,1235.2029462319156,411.73431541063854,0.01,411.73431541063854,617.6014731159578,617.6014731159578
storage_bus_58,58,load_side,0.01406799531066823,98.80345494013926,32.93448498004642,0.01,32.93448498004642,49.40172747006963,49.40172747006963
storage_bus_61,61,renewable_side,0.12466562943252979,875.5614874907134,291.8538291635711,0.01,291.8538291635711,437.7807437453567,437.7807437453567
storage_bus_71,71,renewable_side,0.12679729951102142,890.5328010216309,296.8442670072103,0.01,296.8442670072103,445.26640051081546,445.26640051081546
storage_bus_72,72,load_side,0.01406799531066823,98.80345494013926,32.93448498004642,0.01,32.93448498004642,49.40172747006963,49.40172747006963
storage_bus_76,76,load_side,0.07971864009378664,559.8862446607892,186.62874822026308,0.01,186.62874822026308,279.9431223303946,279.9431223303946
storage_bus_79,79,load_side,0.04572098475967175,321.1112285554526,107.03707618515087,0.01,107.03707618515087,160.5556142777263,160.5556142777263
storage_bus_80,80,renewable_side,0.215012626519013,1510.0936477937455,503.36454926458185,0.01,503.36454926458185,755.0468238968728,755.0468238968728
storage_bus_82,82,load_side,0.06330597889800703,444.61554723062665,148.2051824102089,0.01,148.2051824102089,222.30777361531332,222.30777361531332
storage_bus_86,86,load_side,0.0246189917936694,172.9060461452437,57.63534871508123,0.01,57.63534871508123,86.45302307262185,86.45302307262185
storage_bus_88,88,load_side,0.05627198124267292,395.21381976055704,131.73793992018568,0.01,131.73793992018568,197.60690988027852,197.60690988027852
storage_bus_92,92,load_side,0.07620164126611957,535.1853809257543,178.39512697525143,0.01,178.39512697525143,267.59269046287716,267.59269046287716
storage_bus_97,97,load_side,0.017584994138335287,123.50431867517408,41.168106225058025,0.01,41.168106225058025,61.75215933758704,61.75215933758704
storage_bus_98,98,load_side,0.03985932004689332,279.9431223303946,93.31437411013154,0.01,93.31437411013154,139.9715611651973,139.9715611651973
storage_bus_112,112,load_side,0.07971864009378664,559.8862446607892,186.62874822026308,0.01,186.62874822026308,279.9431223303946,279.9431223303946
storage_bus_115,115,load_side,0.02579132473622509,181.1396673902553,60.379889130085104,0.01,60.379889130085104,90.56983369512766,90.56983369512766
