bus,source_p_mw,source_q_mvar,category,load_share,utility_type,battery_pool,annual_load_mwh,annual_available_nd_mwh,annual_available_net_mwh
1,51.0,27.0,load_only,0.012022630834512023,none,load_side,369839.70900405955,14470.118171041091,355369.5908330185
2,20.0,9.0,load_only,0.004714757190004715,none,none,145035.18000159197,5674.556145506303,139360.62385608567
3,39.0,10.0,load_only,0.009193776520509194,none,none,282818.60100310436,11065.384483737333,271753.216519367
4,39.0,12.0,load_only,0.009193776520509194,none,none,282818.60100310436,11065.384483737333,271753.216519367
5,0.0,0.0,neither,0.0,none,none,0.0,0.0,0.0
6,52.0,22.0,load_only,0.012258368694012258,none,none,377091.4680041391,14753.845978316407,362337.6220258227
7,19.0,2.0,load_only,0.004479019330504479,none,none,137783.42100151235,5390.828338231008,132392.59266328134
8,28.0,0.0,load_only,0.006600660066006601,none,none,203049.25200222875,7944.37860370885,195104.8733985199
9,0.0,0.0,neither,0.0,both,renewable_side,0.0,6049537.559323566,-6049537.559323566
10,0.0,0.0,generation_no_load,0.0,solar_only,none,0.0,4026759.4906423558,-4026759.4906423558
11,70.0,23.0,load_only,0.0165016501650165,none,load_side,507623.1300055718,19860.946509272093,487762.1834962997
12,47.0,10.0,load_generation,0.01107967939651108,solar_only,none,340832.67300374113,3934939.771658684,-3594107.098654943
13,34.0,16.0,load_only,0.008015087223008015,none,none,246559.80600270635,9646.745447360709,236913.06055534564
14,14.0,1.0,load_only,0.0033003300330033004,none,none,101524.62600111437,3972.189301854425,97552.43669925995
15,90.0,30.0,load_only,0.021216407355021217,none,load_side,652658.3100071639,25535.502654778375,627122.8073523855
16,25.0,10.0,load_only,0.005893446487505893,none,load_side,181293.97500198995,7093.195181882889,174200.77982010707
17,11.0,3.0,load_only,0.002593116454502593,none,none,79769.34900087558,3121.0058800284683,76648.3431208471
18,60.0,34.0,load_only,0.014144271570014143,none,none,435105.54000477586,17023.66843651896,418081.8715682569
19,45.0,25.0,load_only,0.010608203677510608,none,none,326329.15500358195,12767.751327389187,313561.40367619274
20,18.0,3.0,load_only,0.004243281471004243,none,none,130531.66200143276,5107.100530955681,125424.56147047709
21,14.0,8.0,load_only,0.0033003300330033004,none,none,101524.62600111437,3972.189301854425,97552.43669925995
22,10.0,5.0,load_only,0.0023573785950023575,none,load_side,72517.59000079599,2837.2780727531517,69680.31192804284
23,7.0,3.0,load_only,0.0016501650165016502,none,none,50762.31300055719,1986.0946509272126,48776.21834962998
24,13.0,0.0,load_only,0.0030645921735030644,none,load_side,94272.86700103477,3688.461494579102,90584.40550645567
25,0.0,0.0,generation_no_load,0.0,none,none,0.0,0.0,0.0
26,0.0,0.0,generation_no_load,0.0,none,none,0.0,0.0,0.0
27,71.0,13.0,load_only,0.016737388024516738,none,none,514874.8890056515,20144.674316547418,494730.2146891041
28,17.0,7.0,load_only,0.004007543611504008,none,none,123279.90300135317,4823.372723680354,118456.53027767282
29,24.0,4.0,load_only,0.005657708628005658,none,load_side,174042.21600191036,6809.467374607588,167232.74862730276
30,0.0,0.0,neither,0.0,none,none,0.0,0.0,0.0
31,43.0,27.0,load_generation,0.010136727958510137,none,none,311825.6370034228,12200.295712838533,299625.34129058424
32,59.0,23.0,load_only,0.013908533710513909,none,load_side,427853.7810046963,16739.940629243618,411113.8403754527
33,23.0,9.0,load_only,0.0054219707685054215,none,none,166790.45700183074,6525.739567332262,160264.71743449848
34,59.0,26.0,load_only,0.013908533710513909,none,none,427853.7810046963,16739.940629243618,411113.8403754527
35,33.0,9.0,load_only,0.007779349363507779,none,none,239308.04700262673,9363.01764008543,229945.0293625413
36,31.0,17.0,load_only,0.007307873644507308,none,none,224804.52900246755,8795.562025534795,216008.96697693274
37,0.0,0.0,neither,0.0,solar_only,none,0.0,3766078.552452251,-3766078.552452251
38,0.0,0.0,neither,0.0,wind_only,none,0.0,2239991.5634098295,-2239991.5634098295
39,27.0,11.0,load_only,0.006364922206506365,none,none,195797.49300214916,7660.650796433529,188136.84220571563
40,66.0,23.0,load_only,0.015558698727015558,none,none,478616.09400525346,18726.03528017086,459890.0587250826
41,37.0,10.0,load_only,0.008722300801508723,none,load_side,268315.0830029452,10497.928869186673,257817.1541337585
42,96.0,23.0,load_only,0.02263083451202263,none,none,696168.8640076414,27237.86949843035,668930.994509211
43,18.0,7.0,load_only,0.004243281471004243,none,none,130531.66200143276,5107.100530955681,125424.56147047709
44,16.0,8.0,load_only,0.003771805752003772,none,load_side,116028.14400127357,4539.6449164050455,111488.49908486853
45,53.0,22.0,load_only,0.012494106553512494,none,none,384343.22700421873,15037.573785591714,369305.65321862703
46,28.0,10.0,load_generation,0.006600660066006601,none,none,203049.25200222875,7944.37860370885,195104.8733985199
47,34.0,0.0,load_only,0.008015087223008015,none,none,246559.80600270635,9646.745447360709,236913.06055534564
48,20.0,11.0,load_only,0.004714757190004715,none,none,145035.18000159197,5674.556145506303,139360.62385608567
49,87.0,30.0,load_generation,0.02050919377652051,wind_only,none,630903.033006925,2307663.0150932563,-1676759.9820863311
50,17.0,4.0,load_only,0.004007543611504008,none,none,123279.90300135317,4823.372723680354,118456.53027767282
51,17.0,8.0,load_only,0.004007543611504008,none,none,123279.90300135317,4823.372723680354,118456.53027767282
52,18.0,5.0,load_only,0.004243281471004243,none,none,130531.66200143276,5107.100530955681,125424.56147047709
53,23.0,11.0,load_only,0.0054219707685054215,none,none,166790.45700183074,6525.739567332262,160264.71743449848
54,113.0,32.0,load_generation,0.026638378123526638,solar_only,renewable_side,819448.7670089946,3006877.9933033977,-2187429.226294403
55,63.0,22.0,load_only,0.01485148514851485,none,none,456860.8170050147,17874.851858344875,438985.9651466698
56,84.0,18.0,load_only,0.019801980198019802,none,none,609147.7560066862,23833.135811126496,585314.6201955598
57,12.0,3.0,load_only,0.002828854314002829,none,none,87021.10800095518,3404.733687303794,83616.37431365138
58,12.0,3.0,load_only,0.002828854314002829,none,load_side,87021.10800095518,3404.733687303794,83616.37431365138
59,277.0,113.0,load_generation,0.0652993870815653,both,none,2008737.2430220486,5800632.612983788,-3791895.3699617395
60,78.0,3.0,load_only,0.018387553041018388,none,none,565637.2020062087,22130.768967474665,543506.433038734
61,0.0,0.0,generation_no_load,0.0,wind_only,renewable_side,0.0,2108669.6623697896,-2108669.6623697896
62,77.0,14.0,load_only,0.018151815181518153,none,none,558385.4430061291,21847.0411601993,536538.4018459298
63,0.0,0.0,neither,0.0,both,none,0.0,4821678.563714154,-4821678.563714154
64,0.0,0.0,neither,0.0,none,none,0.0,0.0,0.0
65,0.0,0.0,generation_no_load,0.0,none,none,0.0,0.0,0.0
66,39.0,18.0,load_generation,0.009193776520509194,none,none,282818.60100310436,11065.384483737333,271753.216519367
67,28.0,7.0,load_only,0.006600660066006601,none,none,203049.25200222875,7944.37860370885,195104.8733985199
68,0.0,0.0,neither,0.0,none,none,0.0,0.0,0.0
69,0.0,0.0,generation_no_load,0.0,both,none,0.0,5304463.560524766,-5304463.560524766
70,66.0,20.0,load_only,0.015558698727015558,none,none,478616.09400525346,18726.03528017086,459890.0587250826
71,0.0,0.0,neither,0.0,wind_only,renewable_side,0.0,2144726.0160348504,-2144726.0160348504
72,12.0,0.0,load_only,0.002828854314002829,none,load_side,87021.10800095518,3404.733687303794,83616.37431365138
73,6.0,0.0,load_only,0.0014144271570014145,none,none,43510.55400047759,1702.366843651897,41808.18715682569
74,68.0,27.0,load_only,0.01603017444601603,none,none,493119.6120054127,19293.490894721417,473826.1211106913
75,47.0,11.0,load_only,0.01107967939651108,none,none,340832.67300374113,13335.206941939818,327497.4660618013
76,68.0,36.0,load_only,0.01603017444601603,none,load_side,493119.6120054127,19293.490894721417,473826.1211106913
77,61.0,28.0,load_only,0.01438000942951438,none,none,442357.2990048555,17307.39624379423,425049.90276106127
78,71.0,26.0,load_only,0.016737388024516738,none,none,514874.8890056515,20144.674316547418,494730.2146891041
79,39.0,32.0,load_only,0.009193776520509194,none,load_side,282818.60100310436,11065.384483737333,271753.216519367
80,130.0,26.0,load_generation,0.030645921735030647,solar_only,renewable_side,942728.6700103479,3673737.8890269846,-2731009.2190166367
81,0.0,0.0,neither,0.0,none,none,0.0,0.0,0.0
82,54.0,27.0,load_only,0.01272984441301273,none,load_side,391594.9860042983,15321.301592867057,376273.68441143126
83,20.0,10.0,load_only,0.004714757190004715,none,none,145035.18000159197,5674.556145506303,139360.62385608567
84,11.0,7.0,load_only,0.002593116454502593,none,none,79769.34900087558,3121.0058800284683,76648.3431208471
85,24.0,15.0,load_only,0.005657708628005658,none,none,174042.21600191036,6809.467374607588,167232.74862730276
86,21.0,10.0,load_only,0.0049504950495049506,none,load_side,152286.93900167156,5958.283952781624,146328.65504888995
87,0.0,0.0,generation_no_load,0.0,wind_only,none,0.0,2571285.416180035,-2571285.416180035
88,48.0,10.0,load_only,0.011315417256011316,none,load_side,348084.4320038207,13618.934749215176,334465.4972546055
89,0.0,0.0,generation_no_load,0.0,none,none,0.0,0.0,0.0
90,163.0,42.0,load_only,0.038425271098538424,none,none,1182036.7170129744,46247.632585876534,1135789.0844270978
91,10.0,0.0,load_only,0.0023573785950023575,none,none,72517.59000079599,2837.2780727531517,69680.31192804284
92,65.0,10.0,load_only,0.015322960867515324,none,load_side,471364.3350051739,18442.307472895474,452922.02753227844
93,12.0,7.0,load_only,0.002828854314002829,none,none,87021.10800095518,3404.733687303794,83616.37431365138
94,30.0,16.0,load_only,0.007072135785007072,none,none,217552.77000238793,8511.83421825948,209040.93578412844
95,42.0,31.0,load_only,0.009900990099009901,none,none,304573.8780033431,11916.567905563248,292657.3100977799
96,38.0,15.0,load_only,0.008958038661008957,none,none,275566.8420030247,10781.656676462017,264785.18532656267
97,15.0,9.0,load_only,0.003536067892503536,none,load_side,108776.38500119396,4255.91710912974,104520.46789206422
98,34.0,8.0,load_only,0.008015087223008015,none,load_side,246559.80600270635,9646.745447360709,236913.06055534564
99,42.0,0.0,load_only,0.009900990099009901,none,none,304573.8780033431,11916.567905563248,292657.3100977799
100,37.0,18.0,load_generation,0.008722300801508723,none,none,268315.0830029452,10497.928869186673,257817.1541337585
101,22.0,15.0,load_only,0.005186232909005186,none,none,159538.69800175115,6242.0117600569365,153296.6862416942
102,5.0,3.0,load_only,0.0011786892975011788,none,none,36258.79500039799,1418.6390363765759,34840.15596402142
103,23.0,16.0,load_generation,0.0054219707685054215,none,none,166790.45700183074,6525.739567332262,160264.71743449848
104,38.0,25.0,load_only,0.008958038661008957,none,none,275566.8420030247,10781.656676462017,264785.18532656267
105,31.0,26.0,load_only,0.007307873644507308,none,none,224804.52900246755,8795.562025534795,216008.96697693274
106,43.0,16.0,load_only,0.010136727958510137,none,none,311825.6370034228,12200.295712838533,299625.34129058424
107,50.0,12.0,load_only,0.011786892975011787,none,none,362587.9500039799,14186.390363765779,348401.55964021414
108,2.0,1.0,load_only,0.0004714757190004715,none,none,14503.518000159196,567.4556145506307,13936.062385608566
109,8.0,3.0,load_only,0.001885902876001886,none,none,58014.072000636785,2269.8224582025227,55744.24954243426
110,39.0,30.0,load_only,0.009193776520509194,none,none,282818.60100310436,11065.384483737333,271753.216519367
111,0.0,0.0,generation_no_load,0.0,both,none,0.0,6067714.72512397,-6067714.72512397
112,68.0,13.0,load_only,0.01603017444601603,none,load_side,493119.6120054127,19293.490894721417,473826.1211106913
113,6.0,0.0,load_only,0.0014144271570014145,none,none,43510.55400047759,1702.366843651897,41808.18715682569
114,8.0,3.0,load_only,0.001885902876001886,none,none,58014.072000636785,2269.8224582025227,55744.24954243426
115,22.0,7.0,load_only,0.005186232909005186,none,load_side,159538.69800175115,6242.0117600569365,153296.6862416942
116,184.0,0.0,load_only,0.04337576614804337,none,none,1334323.656014646,52205.91653865809,1282117.7394759879
117,20.0,8.0,load_only,0.004714757190004715,none,none,145035.18000159197,5674.556145506303,139360.62385608567
118,33.0,15.0,load_only,0.007779349363507779,none,none,239308.04700262673,9363.01764008543,229945.0293625413
