source_row,device_id,bus,original_pmax_mw,pmax_mw,pmin_mw,source_qmin_mvar,source_qmax_mvar,c0,c1,c2,linear_cost_at_pmax,quadratic_cost_at_pmax,quadratic_to_linear_at_pmax,marginal_cost_at_zero,marginal_cost_at_pmax
0,generator_row_0_bus_1,1,0.0,0.0,0.0,-5.0,15.0,0.0,0.0,0.0,0.0,0.0,,0.0,0.0
1,generator_row_1_bus_4,4,0.0,0.0,0.0,-300.0,300.0,0.0,0.0,0.0,0.0,0.0,,0.0,0.0
2,generator_row_2_bus_6,6,0.0,0.0,0.0,-13.0,50.0,0.0,0.0,0.0,0.0,0.0,,0.0,0.0
3,generator_row_3_bus_8,8,0.0,0.0,0.0,-300.0,300.0,0.0,0.0,0.0,0.0,0.0,,0.0,0.0
4,generator_row_4_bus_10,10,505.0,387.56715272448196,0.0,-147.0,200.0,0.0,24.98342,0.02148739027062706,9682.752954719877,3227.5843182399585,0.3333333333333333,24.98342,41.63903333333333
5,generator_row_5_bus_12,12,85.0,65.23407521105142,0.0,-35.0,43.0,0.0,124.581564,0.636587364282353,8126.963115886416,2708.987705295472,0.3333333333333333,124.581564,207.63594
6,generator_row_6_bus_15,15,0.0,0.0,0.0,-10.0,30.0,0.0,0.0,0.0,0.0,0.0,,0.0,0.0
7,generator_row_7_bus_18,18,0.0,0.0,0.0,-16.0,50.0,0.0,0.0,0.0,0.0,0.0,,0.0,0.0
8,generator_row_8_bus_19,19,0.0,0.0,0.0,-8.0,24.0,0.0,0.0,0.0,0.0,0.0,,0.0,0.0
9,generator_row_9_bus_24,24,0.0,0.0,0.0,-300.0,300.0,0.0,0.0,0.0,0.0,0.0,,0.0,0.0
10,generator_row_10_bus_25,25,221.0,169.6085955487337,0.0,-47.0,111.0,0.0,28.948321,0.056892401603318245,4909.884068303914,1636.628022767971,0.3333333333333333,28.948321,48.24720166666667
11,generator_row_11_bus_26,26,485.0,372.21795855717573,0.0,-243.0,243.0,0.0,22.22098,0.01989961301718213,8271.047812739831,2757.0159375799435,0.3333333333333333,22.22098,37.03496666666667
12,generator_row_12_bus_27,27,0.0,0.0,0.0,-300.0,300.0,0.0,0.0,0.0,0.0,0.0,,0.0,0.0
13,generator_row_13_bus_31,31,17.0,13.046815042210284,0.0,-9.0,9.0,0.0,25.993982,0.6641207558039216,339.13867536454336,113.04622512151447,0.3333333333333333,25.993982,43.32330333333333
14,generator_row_14_bus_32,32,0.0,0.0,0.0,-14.0,42.0,0.0,0.0,0.0,0.0,0.0,,0.0,0.0
15,generator_row_15_bus_34,34,0.0,0.0,0.0,-8.0,24.0,0.0,0.0,0.0,0.0,0.0,,0.0,0.0
16,generator_row_16_bus_36,36,0.0,0.0,0.0,-8.0,24.0,0.0,0.0,0.0,0.0,0.0,,0.0,0.0
17,generator_row_17_bus_40,40,0.0,0.0,0.0,-300.0,300.0,0.0,0.0,0.0,0.0,0.0,,0.0,0.0
18,generator_row_18_bus_42,42,0.0,0.0,0.0,-300.0,300.0,0.0,0.0,0.0,0.0,0.0,,0.0,0.0
19,generator_row_19_bus_46,46,20.0,15.349194167306216,0.0,-10.0,10.0,0.0,24.202306,0.5255934119666666,371.48589409056024,123.82863136352006,0.3333333333333333,24.202306,40.337176666666664
20,generator_row_20_bus_49,49,223.0,171.1435149654643,0.0,-85.0,112.0,0.0,16.673942,0.03247555519581465,2853.6370422102837,951.212347403428,0.3333333333333333,16.673942,27.789903333333335
21,generator_row_21_bus_54,54,53.0,40.675364543361475,0.0,-27.0,27.0,0.0,27.277343,0.2235369681069182,1109.5158702993092,369.83862343310307,0.3333333333333333,27.277343,45.46223833333333
22,generator_row_22_bus_55,55,0.0,0.0,0.0,-8.0,23.0,0.0,0.0,0.0,0.0,0.0,,0.0,0.0
23,generator_row_23_bus_56,56,0.0,0.0,0.0,-8.0,15.0,0.0,0.0,0.0,0.0,0.0,,0.0,0.0
24,generator_row_24_bus_59,59,308.0,236.37759017651572,0.0,-60.0,154.0,0.0,24.861868,0.03505953896536797,5876.788445126631,1958.929481708877,0.3333333333333333,24.861868,41.43644666666667
25,generator_row_25_bus_61,61,195.0,149.65464313123562,0.0,-98.0,98.0,0.0,16.056042,0.03576243201025641,2402.8612356101307,800.9537452033769,0.3333333333333333,16.056042,26.760070000000002
26,generator_row_26_bus_62,62,0.0,0.0,0.0,-20.0,20.0,0.0,0.0,0.0,0.0,0.0,,0.0,0.0
27,generator_row_27_bus_65,65,441.0,338.44973138910206,0.0,-67.0,200.0,0.0,34.781778,0.03425597636734694,11771.88342133538,3923.961140445126,0.3333333333333333,34.781778,57.96963
28,generator_row_28_bus_66,66,784.0,601.6884113584036,0.0,-67.0,200.0,0.0,32.668781,0.018098393555697284,19656.426940905603,6552.142313635202,0.3333333333333333,32.668781,54.447968333333336
29,generator_row_29_bus_69,69,1182.0,907.1373752877973,0.0,-300.0,300.0,0.0,25.758442,0.009465101501974054,23366.44546738296,7788.815155794319,0.3333333333333333,25.758442,42.93073666666666
30,generator_row_30_bus_70,70,0.0,0.0,0.0,-10.0,32.0,0.0,0.0,0.0,0.0,0.0,,0.0,0.0
31,generator_row_31_bus_72,72,0.0,0.0,0.0,-100.0,100.0,0.0,0.0,0.0,0.0,0.0,,0.0,0.0
32,generator_row_32_bus_73,73,0.0,0.0,0.0,-100.0,100.0,0.0,0.0,0.0,0.0,0.0,,0.0,0.0
33,generator_row_33_bus_74,74,0.0,0.0,0.0,-6.0,9.0,0.0,0.0,0.0,0.0,0.0,,0.0,0.0
34,generator_row_34_bus_76,76,0.0,0.0,0.0,-8.0,23.0,0.0,0.0,0.0,0.0,0.0,,0.0,0.0
35,generator_row_35_bus_77,77,0.0,0.0,0.0,-20.0,70.0,0.0,0.0,0.0,0.0,0.0,,0.0,0.0
36,generator_row_36_bus_80,80,509.0,390.6369915579432,0.0,-165.0,255.0,0.0,24.600772,0.020992014352324822,9609.971564082885,3203.3238546942953,0.3333333333333333,24.600772,41.001286666666665
37,generator_row_37_bus_85,85,0.0,0.0,0.0,-8.0,23.0,0.0,0.0,0.0,0.0,0.0,,0.0,0.0
38,generator_row_38_bus_87,87,10.0,7.674597083653108,0.0,-5.0,5.0,0.0,34.072633,1.4798880266333336,261.4937298541827,87.16457661806089,0.3333333333333333,34.072633,56.78772166666667
39,generator_row_39_bus_89,89,637.0,488.871834228703,0.0,-210.0,300.0,0.0,24.605102,0.0167767911596023,12028.741346124329,4009.5804487081086,0.3333333333333333,24.605102,41.00850333333333
40,generator_row_40_bus_90,90,0.0,0.0,0.0,-300.0,300.0,0.0,0.0,0.0,0.0,0.0,,0.0,0.0
41,generator_row_41_bus_91,91,0.0,0.0,0.0,-100.0,100.0,0.0,0.0,0.0,0.0,0.0,,0.0,0.0
42,generator_row_42_bus_92,92,0.0,0.0,0.0,-3.0,9.0,0.0,0.0,0.0,0.0,0.0,,0.0,0.0
43,generator_row_43_bus_99,99,0.0,0.0,0.0,-100.0,100.0,0.0,0.0,0.0,0.0,0.0,,0.0,0.0
44,generator_row_44_bus_100,100,653.0,501.151189562548,0.0,-50.0,155.0,0.0,12.61217,0.008388799137314957,6320.6039984650815,2106.8679994883605,0.3333333333333333,12.61217,21.020283333333335
45,generator_row_45_bus_103,103,108.0,82.88564850345357,0.0,-15.0,40.0,0.0,28.649471,0.11521685405246913,2374.6299831158863,791.5433277052954,0.3333333333333333,28.649471,47.74911833333333
46,generator_row_46_bus_104,104,0.0,0.0,0.0,-8.0,23.0,0.0,0.0,0.0,0.0,0.0,,0.0,0.0
47,generator_row_47_bus_105,105,0.0,0.0,0.0,-8.0,23.0,0.0,0.0,0.0,0.0,0.0,,0.0,0.0
48,generator_row_48_bus_107,107,0.0,0.0,0.0,-200.0,200.0,0.0,0.0,0.0,0.0,0.0,,0.0,0.0
49,generator_row_49_bus_110,110,0.0,0.0,0.0,-8.0,23.0,0.0,0.0,0.0,0.0,0.0,,0.0,0.0
50,generator_row_50_bus_111,111,79.0,60.629316960859555,0.0,-40.0,40.0,0.0,35.043401,0.19266477427426162,2124.657466615503,708.2191555385009,0.3333333333333333,35.043401,58.40566833333334
51,generator_row_51_bus_112,112,0.0,0.0,0.0,-100.0,1000.0,0.0,0.0,0.0,0.0,0.0,,0.0,0.0
52,generator_row_52_bus_113,113,0.0,0.0,0.0,-100.0,200.0,0.0,0.0,0.0,0.0,0.0,,0.0,0.0
53,generator_row_53_bus_116,116,0.0,0.0,0.0,-1000.0,1000.0,0.0,0.0,0.0,0.0,0.0,,0.0,0.0
