scenario,month,load_mwh,available_nd_mwh,net_load_mwh,solar_mwh,wind_mwh,load_mw_mean,load_mw_min,load_mw_max,available_nd_mw_mean,available_nd_mw_min,available_nd_mw_max,net_load_mw_mean,net_load_mw_min,net_load_mw_max,solar_mw_mean,solar_mw_min,solar_mw_max,wind_mw_mean,wind_mw_min,wind_mw_max,renewable_to_load_energy,shortfall_hours,shortfall_events,shortfall_energy_mwh,peak_shortfall_mw,longest_shortfall_hours,hours_net_below_dispatchable,aggregate_headroom_mwh,load_mw_largest_up_ramp_mw_per_hour,load_mw_largest_down_ramp_mw_per_hour,net_load_mw_largest_up_ramp_mw_per_hour,net_load_mw_largest_down_ramp_mw_per_hour,distributed_solar,dist_solar_mwh,dist_solar_mw_mean,dist_solar_mw_min,dist_solar_mw_max
toy,1,3482746.393886634,426018.06191138807,3056728.331975246,177737.57310738965,248280.48880399845,4681.1107444712825,3743.3607392160006,5419.507247196,572.6049219239087,82.87901664338094,1355.8020932782656,4108.505822547373,2927.1333074811255,5158.927681602179,238.8945875099323,0.0,895.8070349782097,333.7103344139764,82.87901664338094,545.906190660285,0.1223224472098198,0,0,0.0,0.0,0,744,1790431.6680247542,262.7168590199999,-502.75068778199966,275.1848562975265,-508.40830100950825,not modeled,,,,
toy,2,3096059.0571633237,382785.9022551379,2713273.154908186,180275.09746868,202510.80478645788,4607.230739826375,3861.5600181060017,5329.466368548,569.62187835586,90.64838054086076,1374.2185216623905,4037.6088614705145,3090.168236100081,5087.314983459141,268.2665140902976,0.0,1004.1242183489084,301.35536426556234,90.64838054086076,541.1809768370213,0.12363649891286461,0,0,0.0,0.0,0,672,1664806.845091814,253.8625324200002,-508.58230516799995,292.61267513188886,-511.41287239698886,not modeled,,,,
toy,3,3311687.062935342,469296.75469344837,2842390.3082418935,229449.73570669122,239847.01898675718,4451.192288891589,3656.864081262,5148.599624909999,630.7752079213016,96.49505123510272,1597.6380099521589,3820.417080970287,2661.0833868166224,4936.284070956604,308.4001824014667,0.0,1170.5517388691903,322.37502551983494,96.49505123510272,531.733333491905,0.1417092695580612,0,0,0.0,0.0,0,744,2004769.6917581062,256.03097919000083,-499.0838690460023,325.1838533208693,-502.42014721593796,not modeled,,,,
toy,4,3070110.022494186,489489.6624079267,2580620.3600862594,256408.2209473177,233081.44146060897,4264.041697908592,3377.0808545040004,5006.138057339998,679.8467533443426,122.3049567771591,1772.243061489894,3584.194944564249,2367.7272014585096,4761.490449253693,356.1225290934968,0.0,1347.7373000377547,323.7242242508458,101.96374598915074,552.6873072129158,0.15943717287703607,0,0,0.0,0.0,0,720,2110179.6399137406,249.6557240519969,-508.2713411159989,379.4213528721484,-513.3282490769202,not modeled,,,,
toy,5,3014058.389468364,520270.94432741945,2493787.445140945,289386.41985999176,230884.52446742757,4051.1537492854354,3188.9696953799994,4863.700652202001,699.2889036658863,85.11025347177056,1731.0442559690837,3351.8648456195497,1990.3961724358296,4571.045200937528,388.96024174730076,0.0,1441.5727883260215,310.32866191858545,85.11025347177056,527.9848379651074,0.17261475296740608,0,0,0.0,0.0,0,744,2353372.554859055,259.7590821000026,-503.9494133520043,393.4544354688164,-512.6396911039392,not modeled,,,,
toy,6,2808255.7128900117,532954.9364317383,2275300.7764582736,293593.72765694855,239361.20877478976,3900.355156791683,3004.187445756,4700.795435868,740.2151894885254,119.62144249303005,1968.838715341152,3160.139967303158,1641.0257509491764,4318.771277704697,407.76906619020633,0.0,1498.491632440008,332.4461232983191,100.73875465578516,547.1221348623784,0.18978148392450614,0,0,0.0,0.0,0,720,2415499.2235417264,257.36330655000074,-505.8435681600022,419.8745325491295,-518.7101532427946,not modeled,,,,
toy,7,2864651.003384226,520558.33745347126,2344092.665930755,295443.74476540054,225114.59268807076,3850.3373701400888,2871.614132898,4563.335215992001,699.6751847492893,90.1328840651034,1888.972904621437,3150.6621853907996,1505.0810527023957,4466.335591821597,397.1018074803771,0.0,1446.4550262112698,302.5733772689123,87.3002906239914,525.3733000165082,0.18171789053483195,0,0,0.0,0.0,0,744,2503067.334069245,268.8587532539973,-507.23496537000074,402.9438266204461,-511.7250102300195,not modeled,,,,
toy,8,2861885.6641621683,523069.60548346245,2338816.0586787057,274685.02773150906,248384.57775195336,3846.6205163470004,2908.35272049,4612.9761477659995,703.0505450046538,110.4652162881491,1844.3165333876427,3143.5699713423464,1645.2310393249822,4446.829225353977,369.20030609073797,0.0,1400.7948213532568,333.8502389139158,102.36036181441747,551.2166171755015,0.1827709653231705,0,0,0.0,0.0,0,744,2508343.9413212943,268.0678578060001,-499.87519293599735,377.9699529194586,-505.6364670506259,not modeled,,,,
toy,9,2886406.703066376,449819.3258166403,2436587.377249736,233596.27558115142,216223.05023548877,4008.8981987033,3154.2258573839986,4756.85964222,624.7490636342226,89.15469155275439,1696.3937661612792,3384.1491350690776,2140.0348099283547,4443.721658099397,324.4392716404881,0.0,1236.907205486835,300.3097919937344,84.63451424731382,534.1205119004587,0.1558405907728715,0,0,0.0,0.0,0,720,2254212.6227502646,267.79388823600084,-501.418704023999,358.74837214113813,-502.92073932737003,not modeled,,,,
toy,10,3148301.389651236,454464.9004767152,2693836.4891745206,209181.7908721678,245283.10960454735,4231.587889316178,3391.132717055999,5035.71103308,610.8399199955849,118.536859502268,1509.362218855083,3620.7479693205923,2380.8424652998856,4802.619078111731,281.15832106474164,0.0,1050.9793202171213,329.6815989308432,112.63511050570354,547.4614240952026,0.1443524123740453,0,0,0.0,0.0,0,744,2153323.5108254794,269.9609224200003,-490.3276217279986,295.7960171898594,-499.9783556851198,not modeled,,,,
toy,11,3186115.999569636,396258.17464448727,2789857.824925149,175438.98808436244,220819.18656012486,4425.161110513383,3695.890239468,5204.129911931997,550.3585758951212,87.8441875656058,1342.089642165597,3874.802534618262,2905.8686924542035,5045.78969750413,243.66526122828117,0.0,923.7603650030638,306.6933146668401,87.8441875656058,534.7477242192246,0.12437029119404686,0,0,0.0,0.0,0,720,1900942.1750748511,258.1418365679983,-495.29533884600187,277.67874981322575,-497.7357450241029,not modeled,,,,
toy,12,3429642.601447272,409001.3941159811,3020641.207331291,171797.39822729793,237203.99588868325,4609.734679364613,3822.850291890001,5316.903006827998,549.7330566075015,106.41868443616234,1238.5773377071978,4060.0016227571114,3019.8892451410893,5149.981217033216,230.91048148830367,0.0,843.7768874577789,318.8225751191979,106.41868443616234,527.5846955552064,0.11925481504789652,0,0,0.0,0.0,0,744,1826518.792668709,267.388454844001,-493.13259756599837,276.38800031867413,-500.49500762440675,not modeled,,,,
tracy_scaled,1,2553784.80959682,3055222.3883939935,-501437.5787971727,1619368.053521677,1372609.2950636032,3432.5064645118546,1936.820242303271,5649.508584234433,4106.481704830637,0.0,21627.61257346895,-673.9752403187805,-18823.055617475962,4935.276940498873,2176.5699644108563,0.0,10829.042404652197,1844.9049664833376,0.0,10691.91669713863,1.1963507563021092,0,0,0.0,0.0,0,744,4221437.578797173,1111.6309419181484,-1264.3426716533759,7629.919461669494,-7036.44316004109,,63245.039808712456,85.00677393644148,0.0,490.6449903660643
tracy_scaled,2,2355249.4955706447,4399870.358065667,-2044620.8624950226,2182487.7371266764,2138789.815552218,3504.835558884888,1672.0285101486147,6357.360514018478,6547.426128073908,0.0,22562.741419768034,-3042.5905691890216,-19350.8052340166,6000.0,3247.749608819459,0.0,12481.185636687,3182.722939809848,0.0,10691.91669713863,1.8681122175549552,12,3,6590.045947748302,1000.0,6,660,5411210.908442771,1253.8438204234553,-945.9496117459562,7133.623556718576,-8362.625832606254,,78592.80538677261,116.9535794446021,0.0,549.4687485859723
tracy_scaled,3,2460836.844406035,5172420.081742652,-2711583.2373366165,2908576.871580127,2159847.3011005647,3307.576403771552,1489.6870353789416,6210.578215800148,6952.1775292239945,0.0,24276.997166863843,-3644.6011254524415,-20258.617226636634,5476.169092357082,3909.377515564687,0.0,13095.856187897609,2903.0205659953826,0.0,10691.91669713863,2.1018947653927476,5,3,1065.937966721258,476.16909235708226,3,739,6432649.175303338,1305.9742459220265,-910.943360029522,8361.363775809983,-8093.466812120852,,103995.90906195939,139.77944766392392,0.0,577.9332309003942
tracy_scaled,4,2278301.386802692,6407533.803242382,-4129232.4164396888,3603082.1997177685,2679456.184678117,3164.3074816704057,1497.708416768469,6487.924091057251,8899.352504503308,0.0,22381.042482138888,-5735.045022832901,-20240.16792612073,5310.781637152394,5004.280832941345,0.0,12949.001282660463,3721.466923164051,0.0,10691.91669713863,2.812417110553817,2,1,470.5127629409617,310.78163715239407,2,718,7729702.92920263,1002.899647808264,-891.6609464912335,9593.297436851302,-9175.188999229122,,124995.4188464958,173.60474839791084,0.0,572.0345801705436
tracy_scaled,5,2503118.737706205,8240902.761169447,-5737784.023463242,4101728.5174146267,4002725.2779211,3364.4069055190926,1444.2411961994208,9186.089449797022,11076.482205872911,0.0,24040.57252805534,-7712.075300353819,-20698.343499972503,4496.822049553203,5513.075964266971,0.0,13379.040994767363,5380.007093979973,0.0,10691.91669713863,3.292254033750394,0,0,0.0,0.0,0,744,9457784.023463242,1116.4899598319962,-1529.8920024768586,7547.079389414641,-9584.045612733793,,136448.9658337193,183.3991476259668,0.0,584.8937188146717
tracy_scaled,6,2776196.8730114945,7001192.753584992,-4224995.880573498,3939803.202131755,2932038.2978346427,3855.828990293742,1067.3722109753442,10463.204074170133,9723.8788244236,0.0,23979.301206512442,-5868.049834129858,-20243.55199849852,4746.747485242516,5471.94889184966,0.0,12815.85372452305,4072.275413659226,0.0,10691.91669713863,2.521864649314445,0,0,0.0,0.0,0,720,7824995.880573497,1183.484593406265,-1757.5360447423118,6769.538333554667,-7552.3480494596,,129351.253618595,179.65451891471528,0.0,564.1428036573085
tracy_scaled,7,3351752.304948128,5789537.4581013825,-2437785.1531532547,3794267.8669186425,1867910.5337068785,4505.043420629204,1458.6639808571924,9717.71232084548,7781.636368415837,0.0,22270.021608591105,-3276.5929477866325,-17631.447902481952,5659.123213685201,5099.822401772369,0.0,12132.769105906269,2510.6324377780625,0.0,10691.91669713863,1.727316618699538,8,7,1642.7886911971054,659.1232136852013,2,736,6159427.941844452,1382.9578790414298,-1581.3014873067095,7240.670105191046,-7405.855033863118,,127359.05747586151,171.18152886540526,0.0,533.7210672706423
tracy_scaled,8,2848248.3231256083,5089366.994865738,-2241118.67174013,3438785.3418737203,1530144.881580913,3828.2907568892583,1402.7635855312096,9035.045353583213,6840.547036109862,0.0,20355.864278044985,-3012.256279220605,-16625.09276896784,5757.511188899134,4622.023308970054,0.0,12152.09476812426,2056.6463462109045,0.0,10691.91669713863,1.786841039646702,2,1,1129.9845744273498,757.5111888991341,2,742,5962248.656314557,1066.9787484408898,-1450.6270198176198,6645.101729104894,-8815.920137348343,,120436.77141110474,161.87738092890422,0.0,533.5186491523797
tracy_scaled,9,2476633.5067562223,4711764.988685293,-2235131.4819290712,3163099.781321756,1437526.1226436163,3439.768759383642,1411.8828740238664,8297.58170228144,6544.118039840685,0.0,21782.310291620946,-3104.3492804570433,-17801.970588043645,4627.153952606297,4393.194140724661,0.0,12135.476067359528,1996.5640592272448,0.0,10691.91669713863,1.902487782641906,0,0,0.0,0.0,0,720,5835131.481929071,1415.2560210001466,-1343.898474446779,8669.040672258454,-7987.729678726541,,111139.08471992094,154.35983988877908,0.0,535.8625625839277
tracy_scaled,10,2341604.618113757,4061253.0744152665,-1719648.4563015103,2428260.097508787,1543398.6426153528,3147.318035099136,1404.1235973350856,6888.584423832465,5458.673487117294,0.0,23325.996295117176,-2311.355452018159,-18624.38997210093,4124.77772268895,3263.7904536408428,0.0,12253.405935578181,2074.4605411496677,0.0,10691.91669713863,1.7343889070763556,0,0,0.0,0.0,0,744,5439648.45630151,1524.688399362029,-1036.577352504245,10397.795204583716,-8490.533744325456,,89594.33429112667,120.42249232678316,0.0,539.83130430981
tracy_scaled,11,2222043.9563024426,2494399.145417412,-272355.18911496963,1898366.4370975886,525410.867447421,3086.1721615311703,1715.0949396380208,5331.32966814429,3464.443257524183,0.0,14399.16704196428,-378.2710959930134,-11410.077867008318,5331.32966814429,2636.6200515244286,0.0,10723.804676418187,729.7373158991958,0.0,10691.91669713863,1.1225696675992753,5,4,788.4546239637639,331.3296681442898,2,715,3873143.6437389334,1306.532363973617,-821.0041787065288,7476.516298563454,-7198.707284235394,,70621.84087240216,98.08589010055856,0.0,474.72117341247485
tracy_scaled,12,2594190.821997611,2419307.956661412,174882.86533619885,1194441.4510165332,1177073.6285096598,3486.815620964531,1080.9882141474832,5977.4394448023695,3251.7580062653387,0.0,19319.563478125758,235.05761469919202,-16575.707588055768,5394.753812508382,1605.4320578179208,0.0,10014.13256754396,1582.088210362446,0.0,10691.91669713863,0.932586738086779,8,3,1964.4878678821278,394.753812508382,4,736,3547081.622531683,2332.686014148155,-2404.817655470397,7619.960466949782,-8065.242648465174,,47792.87713521865,64.23773808497131,0.0,448.9366786252933
