device_id,bus,channel,multiplier,share,peak_available_mw,apparent_power_rating_mva,annual_available_mwh
solar_bus_9,9,solar,0.9418103872519473,0.09312318655697194,1245.8989305090965,1370.4888235600063,3191542.7654623594
solar_bus_10,10,solar,1.1882792097579613,0.11749323221518018,1571.946770414617,1729.1414474560788,4026759.4906423558
solar_bus_12,12,solar,1.157248448528879,0.11442501019718744,1530.8969022548445,1683.9865924803291,3921604.5647167442
solar_bus_37,37,solar,1.1113533988295048,0.10988705507050121,1470.1834145824946,1617.2017560407442,3766078.552452251
solar_bus_54,54,solar,0.8778554831407871,0.08679953102355341,1161.2944838907026,1277.423932279773,2974816.751081287
solar_bus_59,59,solar,0.9866884014908137,0.09756058048343583,1305.2670057611888,1435.7937063373079,3343622.3173669423
solar_bus_63,63,solar,0.8175215063148915,0.08083390115183818,1081.4800772774158,1189.6280850051576,2770361.0879704566
solar_bus_69,69,solar,0.8617157968270192,0.08520369067191588,1139.9436704050402,1253.9380374455443,2920123.683571342
solar_bus_80,80,solar,1.0732195812969818,0.10611650565601415,1419.737079393276,1561.7107873326038,3636853.274081194
solar_bus_111,111,solar,1.097904862363127,0.10855730697340178,1452.3926602786873,1597.6319263065561,3720505.0698847356
wind_bus_9,9,wind,1.187003892973684,0.12230937868444276,1307.7216881728452,1438.4938569901299,2857994.793861206
wind_bus_38,38,wind,0.9303301432552608,0.095861607924383,1024.9443263812673,1127.4387590193942,2239991.5634098295
wind_bus_49,49,wind,0.9481838824139476,0.09770126469098596,1044.6137832811137,1149.0751616092252,2282978.695860304
wind_bus_59,59,wind,0.9878223245103231,0.10178562637970912,1088.283438217926,1197.1117820397187,2378417.6930015837
wind_bus_61,61,wind,0.8757885436337143,0.09024161863735976,964.8558690856033,1061.3414559941637,2108669.6623697896
wind_bus_63,63,wind,0.8519686021341887,0.08778720188072378,938.6134495835903,1032.4747945419494,2051317.4757436973
wind_bus_69,69,wind,0.9902819704903735,0.10203906933249504,1090.99322915659,1200.092552072249,2384339.8769534244
wind_bus_71,71,wind,0.8907637396203537,0.09178466910892569,981.3540361870668,1079.4894398057736,2144726.0160348504
wind_bus_87,87,wind,1.0679255978730042,0.11003950124361979,1176.5331806914653,1294.186498760612,2571285.416180035
wind_bus_111,111,wind,0.9748607675489322,0.1004500621173551,1074.0036963811615,1181.4040660192777,2347209.6552392337
dist_solar_bus_1,1,dist_solar,1.0,0.012022630834512023,7.031961258733677,7.735157384607046,14470.118171041091
dist_solar_bus_2,2,dist_solar,1.0,0.004714757190004715,2.75763186617007,3.033395052787077,5674.556145506303
dist_solar_bus_3,3,dist_solar,1.0,0.009193776520509194,5.377382139031635,5.915120352934799,11065.384483737333
dist_solar_bus_4,4,dist_solar,1.0,0.009193776520509194,5.377382139031635,5.915120352934799,11065.384483737333
dist_solar_bus_6,6,dist_solar,1.0,0.012258368694012258,7.16984285204218,7.8868271372463985,14753.845978316407
dist_solar_bus_7,7,dist_solar,1.0,0.004479019330504479,2.6197502728615656,2.8817253001477225,5390.828338231008
dist_solar_bus_8,8,dist_solar,1.0,0.006600660066006601,3.860684612638097,4.246753073901907,7944.37860370885
dist_solar_bus_11,11,dist_solar,1.0,0.0165016501650165,9.651711531595241,10.616882684754767,19860.946509272093
dist_solar_bus_12,12,dist_solar,1.0,0.01107967939651108,6.480434885499663,7.12847837404963,13335.206941939818
dist_solar_bus_13,13,dist_solar,1.0,0.008015087223008015,4.687974172489119,5.156771589738031,9646.745447360709
dist_solar_bus_14,14,dist_solar,1.0,0.0033003300330033004,1.9303423063190486,2.1233765369509534,3972.189301854425
dist_solar_bus_15,15,dist_solar,1.0,0.021216407355021217,12.409343397765312,13.650277737541844,25535.502654778375
dist_solar_bus_16,16,dist_solar,1.0,0.005893446487505893,3.4470398327125866,3.7917438159838457,7093.195181882889
dist_solar_bus_17,17,dist_solar,1.0,0.002593116454502593,1.516697526393538,1.668367279032892,3121.0058800284683
dist_solar_bus_18,18,dist_solar,1.0,0.014144271570014143,8.272895598510209,9.10018515836123,17023.66843651896
dist_solar_bus_19,19,dist_solar,1.0,0.010608203677510608,6.204671698882656,6.825138868770922,12767.751327389187
dist_solar_bus_20,20,dist_solar,1.0,0.004243281471004243,2.4818686795530627,2.730055547508369,5107.100530955681
dist_solar_bus_21,21,dist_solar,1.0,0.0033003300330033004,1.9303423063190486,2.1233765369509534,3972.189301854425
dist_solar_bus_22,22,dist_solar,1.0,0.0023573785950023575,1.378815933085035,1.5166975263935385,2837.2780727531517
dist_solar_bus_23,23,dist_solar,1.0,0.0016501650165016502,0.9651711531595243,1.0616882684754767,1986.0946509272126
dist_solar_bus_24,24,dist_solar,1.0,0.0030645921735030644,1.792460713010545,1.9717067843115996,3688.461494579102
dist_solar_bus_27,27,dist_solar,1.0,0.016737388024516738,9.789593124903748,10.768552437394124,20144.674316547418
dist_solar_bus_28,28,dist_solar,1.0,0.004007543611504008,2.3439870862445593,2.5783857948690154,4823.372723680354
dist_solar_bus_29,29,dist_solar,1.0,0.005657708628005658,3.3091582394040833,3.6400740633444917,6809.467374607588
dist_solar_bus_31,31,dist_solar,1.0,0.010136727958510137,5.928908512265649,6.521799363492215,12200.295712838533
dist_solar_bus_32,32,dist_solar,1.0,0.013908533710513909,8.135014005201706,8.948515405721878,16739.940629243618
dist_solar_bus_33,33,dist_solar,1.0,0.0054219707685054215,3.1712766460955795,3.4884043107051377,6525.739567332262
dist_solar_bus_34,34,dist_solar,1.0,0.013908533710513909,8.135014005201706,8.948515405721878,16739.940629243618
dist_solar_bus_35,35,dist_solar,1.0,0.007779349363507779,4.550092579180615,5.005101837098676,9363.01764008543
dist_solar_bus_36,36,dist_solar,1.0,0.007307873644507308,4.274329392563608,4.701762331819969,8795.562025534795
dist_solar_bus_39,39,dist_solar,1.0,0.006364922206506365,3.722803019329594,4.095083321262553,7660.650796433529
dist_solar_bus_40,40,dist_solar,1.0,0.015558698727015558,9.10018515836123,10.010203674197353,18726.03528017086
dist_solar_bus_41,41,dist_solar,1.0,0.008722300801508723,5.101618952414629,5.611780847656092,10497.928869186673
dist_solar_bus_42,42,dist_solar,1.0,0.02263083451202263,13.236632957616333,14.560296253377967,27237.86949843035
dist_solar_bus_43,43,dist_solar,1.0,0.004243281471004243,2.4818686795530627,2.730055547508369,5107.100530955681
dist_solar_bus_44,44,dist_solar,1.0,0.003771805752003772,2.2061054929360555,2.4267160422296614,4539.6449164050455
dist_solar_bus_45,45,dist_solar,1.0,0.012494106553512494,7.307724445350684,8.038496889885753,15037.573785591714
dist_solar_bus_46,46,dist_solar,1.0,0.006600660066006601,3.860684612638097,4.246753073901907,7944.37860370885
dist_solar_bus_47,47,dist_solar,1.0,0.008015087223008015,4.687974172489119,5.156771589738031,9646.745447360709
dist_solar_bus_48,48,dist_solar,1.0,0.004714757190004715,2.75763186617007,3.033395052787077,5674.556145506303
dist_solar_bus_49,49,dist_solar,1.0,0.02050919377652051,11.995698617839802,13.195268479623783,24684.319232952428
dist_solar_bus_50,50,dist_solar,1.0,0.004007543611504008,2.3439870862445593,2.5783857948690154,4823.372723680354
dist_solar_bus_51,51,dist_solar,1.0,0.004007543611504008,2.3439870862445593,2.5783857948690154,4823.372723680354
dist_solar_bus_52,52,dist_solar,1.0,0.004243281471004243,2.4818686795530627,2.730055547508369,5107.100530955681
dist_solar_bus_53,53,dist_solar,1.0,0.0054219707685054215,3.1712766460955795,3.4884043107051377,6525.739567332262
dist_solar_bus_54,54,dist_solar,1.0,0.026638378123526638,15.580620043860891,17.13868204824698,32061.24222211063
dist_solar_bus_55,55,dist_solar,1.0,0.01485148514851485,8.68654037843572,9.555194416279292,17874.851858344875
dist_solar_bus_56,56,dist_solar,1.0,0.019801980198019802,11.582053837914291,12.74025922170572,23833.135811126496
dist_solar_bus_57,57,dist_solar,1.0,0.002828854314002829,1.6545791197020416,1.8200370316722458,3404.733687303794
dist_solar_bus_58,58,dist_solar,1.0,0.002828854314002829,1.6545791197020416,1.8200370316722458,3404.733687303794
dist_solar_bus_59,59,dist_solar,1.0,0.0652993870815653,38.19320134645546,42.01252148110101,78592.6026152624
dist_solar_bus_60,60,dist_solar,1.0,0.018387553041018388,10.75476427806327,11.830240705869597,22130.768967474665
dist_solar_bus_62,62,dist_solar,1.0,0.018151815181518153,10.616882684754769,11.678570953230247,21847.0411601993
dist_solar_bus_66,66,dist_solar,1.0,0.009193776520509194,5.377382139031635,5.915120352934799,11065.384483737333
dist_solar_bus_67,67,dist_solar,1.0,0.006600660066006601,3.860684612638097,4.246753073901907,7944.37860370885
dist_solar_bus_70,70,dist_solar,1.0,0.015558698727015558,9.10018515836123,10.010203674197353,18726.03528017086
dist_solar_bus_72,72,dist_solar,1.0,0.002828854314002829,1.6545791197020416,1.8200370316722458,3404.733687303794
dist_solar_bus_73,73,dist_solar,1.0,0.0014144271570014145,0.8272895598510208,0.9100185158361229,1702.366843651897
dist_solar_bus_74,74,dist_solar,1.0,0.01603017444601603,9.375948344978237,10.313543179476062,19293.490894721417
dist_solar_bus_75,75,dist_solar,1.0,0.01107967939651108,6.480434885499663,7.12847837404963,13335.206941939818
dist_solar_bus_76,76,dist_solar,1.0,0.01603017444601603,9.375948344978237,10.313543179476062,19293.490894721417
dist_solar_bus_77,77,dist_solar,1.0,0.01438000942951438,8.410777191818712,9.251854911000583,17307.39624379423
dist_solar_bus_78,78,dist_solar,1.0,0.016737388024516738,9.789593124903748,10.768552437394124,20144.674316547418
dist_solar_bus_79,79,dist_solar,1.0,0.009193776520509194,5.377382139031635,5.915120352934799,11065.384483737333
dist_solar_bus_80,80,dist_solar,1.0,0.030645921735030647,17.924607130105453,19.717067843116002,36884.61494579095
dist_solar_bus_82,82,dist_solar,1.0,0.01272984441301273,7.445606038659188,8.190166642525107,15321.301592867057
dist_solar_bus_83,83,dist_solar,1.0,0.004714757190004715,2.75763186617007,3.033395052787077,5674.556145506303
dist_solar_bus_84,84,dist_solar,1.0,0.002593116454502593,1.516697526393538,1.668367279032892,3121.0058800284683
dist_solar_bus_85,85,dist_solar,1.0,0.005657708628005658,3.3091582394040833,3.6400740633444917,6809.467374607588
dist_solar_bus_86,86,dist_solar,1.0,0.0049504950495049506,2.8955134594785727,3.18506480542643,5958.283952781624
dist_solar_bus_88,88,dist_solar,1.0,0.011315417256011316,6.6183164788081665,7.280148126688983,13618.934749215176
dist_solar_bus_90,90,dist_solar,1.0,0.038425271098538424,22.474699709286064,24.722169680214673,46247.632585876534
dist_solar_bus_91,91,dist_solar,1.0,0.0023573785950023575,1.378815933085035,1.5166975263935385,2837.2780727531517
dist_solar_bus_92,92,dist_solar,1.0,0.015322960867515324,8.962303565052727,9.858533921558001,18442.307472895474
dist_solar_bus_93,93,dist_solar,1.0,0.002828854314002829,1.6545791197020416,1.8200370316722458,3404.733687303794
dist_solar_bus_94,94,dist_solar,1.0,0.007072135785007072,4.136447799255104,4.550092579180615,8511.83421825948
dist_solar_bus_95,95,dist_solar,1.0,0.009900990099009901,5.7910269189571455,6.37012961085286,11916.567905563248
dist_solar_bus_96,96,dist_solar,1.0,0.008958038661008957,5.239500545723131,5.763450600295445,10781.656676462017
dist_solar_bus_97,97,dist_solar,1.0,0.003536067892503536,2.068223899627552,2.2750462895903074,4255.91710912974
dist_solar_bus_98,98,dist_solar,1.0,0.008015087223008015,4.687974172489119,5.156771589738031,9646.745447360709
dist_solar_bus_99,99,dist_solar,1.0,0.009900990099009901,5.7910269189571455,6.37012961085286,11916.567905563248
dist_solar_bus_100,100,dist_solar,1.0,0.008722300801508723,5.101618952414629,5.611780847656092,10497.928869186673
dist_solar_bus_101,101,dist_solar,1.0,0.005186232909005186,3.033395052787076,3.336734558065784,6242.0117600569365
dist_solar_bus_102,102,dist_solar,1.0,0.0011786892975011788,0.6894079665425175,0.7583487631967692,1418.6390363765759
dist_solar_bus_103,103,dist_solar,1.0,0.0054219707685054215,3.1712766460955795,3.4884043107051377,6525.739567332262
dist_solar_bus_104,104,dist_solar,1.0,0.008958038661008957,5.239500545723131,5.763450600295445,10781.656676462017
dist_solar_bus_105,105,dist_solar,1.0,0.007307873644507308,4.274329392563608,4.701762331819969,8795.562025534795
dist_solar_bus_106,106,dist_solar,1.0,0.010136727958510137,5.928908512265649,6.521799363492215,12200.295712838533
dist_solar_bus_107,107,dist_solar,1.0,0.011786892975011787,6.894079665425173,7.583487631967691,14186.390363765779
dist_solar_bus_108,108,dist_solar,1.0,0.0004714757190004715,0.27576318661700694,0.3033395052787077,567.4556145506307
dist_solar_bus_109,109,dist_solar,1.0,0.001885902876001886,1.1030527464680278,1.2133580211148307,2269.8224582025227
dist_solar_bus_110,110,dist_solar,1.0,0.009193776520509194,5.377382139031635,5.915120352934799,11065.384483737333
dist_solar_bus_112,112,dist_solar,1.0,0.01603017444601603,9.375948344978237,10.313543179476062,19293.490894721417
dist_solar_bus_113,113,dist_solar,1.0,0.0014144271570014145,0.8272895598510208,0.9100185158361229,1702.366843651897
dist_solar_bus_114,114,dist_solar,1.0,0.001885902876001886,1.1030527464680278,1.2133580211148307,2269.8224582025227
dist_solar_bus_115,115,dist_solar,1.0,0.005186232909005186,3.033395052787076,3.336734558065784,6242.0117600569365
dist_solar_bus_116,116,dist_solar,1.0,0.04337576614804337,25.370213168764636,27.9072344856411,52205.91653865809
dist_solar_bus_117,117,dist_solar,1.0,0.004714757190004715,2.75763186617007,3.033395052787077,5674.556145506303
dist_solar_bus_118,118,dist_solar,1.0,0.007779349363507779,4.550092579180615,5.005101837098676,9363.01764008543
