time,source_column,source_mw,alpha,prepared_mw
2021-01-01 00:00:00-08:00,9q9wtp_load,1158.7056,3.0548333420396085,3539.65250048801
2021-01-01 00:00:00-08:00,9q9wtp_solar,0.0,3.0548333420396085,0.0
2021-01-01 00:00:00-08:00,9q9wtp_wind,1202.13,3.0548333420396085,3672.306805466075
2021-01-01 00:00:00-08:00,9q9wtp_dist_solar,0.0,3.0548333420396085,0.0
2021-02-19 01:00:00-08:00,9q9wtp_load,1810.3957,3.0548333420396085,5530.457146645137
2021-02-19 01:00:00-08:00,9q9wtp_solar,0.0,3.0548333420396085,0.0
2021-02-19 01:00:00-08:00,9q9wtp_wind,31.52,3.0548333420396085,96.28834694108846
2021-02-19 01:00:00-08:00,9q9wtp_dist_solar,0.0,3.0548333420396085,0.0
2021-12-18 00:00:00-08:00,9q9wtp_load,953.574,3.0548333420396085,2913.0096493020774
2021-12-18 00:00:00-08:00,9q9wtp_solar,0.0,3.0548333420396085,0.0
2021-12-18 00:00:00-08:00,9q9wtp_wind,63.42,3.0548333420396085,193.73753055215198
2021-12-18 00:00:00-08:00,9q9wtp_dist_solar,0.0,3.0548333420396085,0.0
2021-12-21 23:00:00-08:00,9q9wtp_load,959.3892,3.0548333420396085,2930.7741161527065
2021-12-21 23:00:00-08:00,9q9wtp_solar,0.0,3.0548333420396085,0.0
2021-12-21 23:00:00-08:00,9q9wtp_wind,140.8,3.0548333420396085,430.1205345591769
2021-12-21 23:00:00-08:00,9q9wtp_dist_solar,0.0,3.0548333420396085,0.0
2021-12-31 23:00:00-08:00,9q9wtp_load,1115.3729,3.0548333420396085,3407.27832372741
2021-12-31 23:00:00-08:00,9q9wtp_solar,0.0,3.0548333420396085,0.0
2021-12-31 23:00:00-08:00,9q9wtp_wind,1315.05,3.0548333420396085,4017.258586449187
2021-12-31 23:00:00-08:00,9q9wtp_dist_solar,0.0,3.0548333420396085,0.0
