iteration,historical_group,stratum,population_weight,historical_winner_order,new_winner_order,new_window_launched_utc,new_window_completed_utc,historical_solve_seconds,new_solve_seconds,winner_solve_speedup,historical_window_seconds,new_window_seconds,historical_build_seconds,new_build_seconds,initialization_preparation_seconds,historical_objective,new_objective,objective_relative_change,accepted,new_status,window_speedup,historical_variable_objects,historical_constraint_objects,new_variable_objects,new_constraint_objects,primary_auxiliary_values_match,historical_model_coordinates,new_model_coordinates,max_abs_delta_Pg,max_abs_delta_Qg,max_abs_delta_b,max_abs_delta_b_q,max_abs_delta_soc,max_abs_delta_p_nd,max_abs_delta_q_nd,max_abs_delta_Vm,max_abs_delta_Va_deg_raw,max_abs_delta_Va_deg_wrapped,residual_ac_active_balance_pu_abs,residual_ac_reactive_balance_pu_abs,residual_branch_loss_nonnegativity_pu_abs,residual_branch_mva_abs,residual_branch_normalized_squared_residual,residual_curtailment_nonnegativity_pu_abs,residual_soc_recurrence_mwh_abs,residual_terminal_soc_mwh_abs,residual_voltage_bound_pu_abs
4535,primary,0.3000–0.4001,46.90909090909091,0,0,2026-09-20T20:13:52.407508+00:00,2026-09-20T20:14:38.805374+00:00,32.449381416001415,40.499749541981146,0.8012242491120866,38.51549812500161,46.397866417013574,0.8510923339999863,1.2423102090251632,0.8269408330088481,261585.38632340662,261585.38620757486,-4.428066970807009e-10,True,optimal,0.8301135612321694,51,4057,17,1349,True,6876,6880,3.219622556116519e-05,1.0268004215256554,3.2139989165180793e-05,0.7189941094053349,2.847130675842635e-05,2.2862423065816984e-10,0.30780599701969,3.4816120509262305e-05,0.0005534776566307187,0.0005534776566378241,1.1368683772161603e-15,4.707345624410664e-16,0.0,0.0,0.0,1.0438073932436031e-18,2.1316282072803006e-14,0.0,0.0
3618,primary,0.0000–0.0999,46.81818181818182,0,0,2026-09-20T20:13:52.420187+00:00,2026-09-20T20:14:10.314900+00:00,18.39878541700091,12.359486833040137,1.488636677682778,25.13439091699911,17.89471320802113,0.8891409589996329,1.234578416973818,0.8217622080119327,270796.7148857618,270796.7147777915,-3.9871334254868156e-10,True,optimal,1.4045707592414984,51,4057,17,1349,True,6876,6880,2.8980337219763896e-05,0.5563552302888084,1.281634542582566e-05,1.7314363262108823,1.2816345417832053e-05,5.962345994703355e-08,1.4221481327901027,3.6181109552835267e-07,3.36258445798876e-06,3.362584465094187e-06,1.5173349323887686e-14,1.687538997430238e-16,0.0,1.785537051546271e-09,2.380709500155515e-11,6.4212403162794095e-15,1.437464479858621e-13,8.526512829121202e-14,0.0
7736,primary,0.0999–0.2000,46.90909090909091,0,0,2026-09-20T20:14:11.488212+00:00,2026-09-20T20:14:31.679913+00:00,25.76930812498904,14.222787041973788,1.8118325226229968,32.045585208019475,20.191700750030577,0.827946208009962,1.2515455420361832,0.8335560420528054,220573.69140695134,220573.6916688083,1.1871630738733432e-09,True,optimal,1.5870671621344699,51,4057,17,1349,True,6876,6880,0.010626908615506636,0.3227580520361424,0.010761981852831299,0.3672969904728264,0.010761981852837721,1.7641286831349134e-07,0.157075461289935,2.669037821867448e-07,5.913230891607668e-05,5.913230890541854e-05,3.126388037344441e-15,2.1955770534987095e-14,0.0,0.0,0.0,0.0,8.881784197001252e-14,3.552713678800501e-15,0.0
7666,primary,0.3000–0.4001,46.90909090909091,0,0,2026-09-20T20:14:32.821370+00:00,2026-09-20T20:14:57.821246+00:00,31.50873120801407,18.958874458039645,1.6619515719538176,37.92508962500142,24.99987645802321,0.8572255829931237,1.2573703329544514,0.8364173749578185,220391.05283423266,220391.05283596134,7.843695083841903e-12,True,optimal,1.51701108158197,51,4057,17,1349,True,6876,6880,3.2286033842865436e-05,0.003352637611168774,2.1240943183897798e-05,0.001797877916856233,2.1240943169686943e-05,1.2684893135883613e-09,0.00195915564245297,6.173049653668272e-07,8.61184187961328e-06,8.611841877836923e-06,1.0942358130705543e-14,3.7461145296902034e-14,0.0,5.804551506116695e-08,7.739402159738044e-10,0.0,1.8801127003181557e-12,9.379164112033322e-13,0.0
8191,primary,0.5999–0.7000,46.90909090909091,0,0,2026-09-20T20:14:39.946981+00:00,2026-09-20T20:15:12.105388+00:00,42.17912587500177,26.5400282079936,1.5892645457813728,49.083287125016795,32.15840758301783,0.8492508749768604,1.263938458985649,0.8345227919635363,255096.202761096,255096.20276085625,-9.398703418847478e-13,True,optimal,1.5262971898812747,51,4057,17,1349,True,6876,6880,0.00032402629290118057,0.0009085868090217275,0.00029534777633699605,0.0012427908778427366,0.00015733002854290135,5.684341886080802e-14,0.0009090587103344205,3.619975197377556e-07,3.400833346489662e-05,3.400833347200205e-05,1.1368683772161603e-15,9.992007221626409e-15,0.0,0.0,0.0,0.0,8.449968155743726e-14,6.3206414324668e-08,0.0
7547,primary,0.0000–0.0999,46.81818181818182,0,0,2026-09-20T20:14:58.964005+00:00,2026-09-20T20:15:13.351598+00:00,16.287829124979908,8.968762584030628,1.8160620233142615,22.91354587499518,14.387593582971022,0.8430129579792265,1.2616016250103712,0.8347338330349885,244657.06964163773,244657.06964158674,-2.0841380563776512e-13,True,optimal,1.592590570678572,51,4057,17,1349,True,6876,6880,9.037478321261005e-09,0.0030885171327810212,3.4089886469246267e-09,1.490593013693444e-05,3.4090135159203783e-09,2.2566837287740782e-11,0.0031033935781081823,6.728861912108641e-11,8.90569396005958e-10,8.905658432922792e-10,7.389644451905042e-15,1.4068746168049984e-14,0.0,0.0,0.0,0.0,2.251344879429908e-13,7.419932723795597e-14,0.0
5324,primary,0.5999–0.7000,46.90909090909091,0,0,2026-09-20T20:15:13.259074+00:00,2026-09-20T20:15:47.769286+00:00,43.70511358400108,28.828452832996845,1.516040900189292,50.02556391699909,34.51021237496752,0.8273373749980237,1.2327870409935713,0.8242052919813432,238349.4139076109,238349.41383971396,-2.8486303423121437e-10,True,optimal,1.4495872518387007,51,4057,17,1349,True,6876,6880,0.00022130499661443537,14.097568333589885,5.723649215715922e-12,14.459603383002776,5.7411853049416095e-12,3.557899021660389e-16,28.528627404031674,1.3792388518840681e-05,0.00021955415292040925,0.00021955415292040925,1.1368683772161603e-15,4.3520742565306136e-16,0.0,0.0,0.0,1.940303693929253e-18,5.5457197350100096e-14,4.659636768942273e-17,0.0
4652,primary,0.5999–0.7000,46.90909090909091,0,0,2026-09-20T20:15:14.483921+00:00,2026-09-20T20:16:00.893259+00:00,44.00435504200141,40.289403500035405,1.0922066652578448,50.128602542004955,46.40933795802994,0.8533032500054105,1.239507791993674,0.8211228749714792,234190.62754886312,234190.62152987154,-2.5701248786481774e-08,True,optimal,1.0801404361195266,51,4057,17,1349,True,6876,6880,0.0009093263740851398,0.40668504947284134,7.06957443592368e-05,8.001222470371811,7.069574436968651e-05,3.808046699305123e-06,7.953457322226406,2.3926553925468497e-05,0.0004052435580437219,0.000405243558049051,1.1368683772161603e-15,2.1316282072803005e-16,0.0,0.0,0.0,1.3798822396333458e-21,5.0581324081152115e-14,1.4210854715202004e-14,0.0
4275,primary,0.4001–0.5000,46.81818181818182,0,0,2026-09-20T20:15:48.911803+00:00,2026-09-20T20:16:29.466187+00:00,33.386034582999855,35.20565879199421,0.9483144394557349,40.115455791001295,40.55438366701128,0.8462815839993709,1.2657168330042623,0.8359717089915648,189030.3412652358,189030.35845749406,9.094972876660564e-08,True,optimal,0.9891768081198328,51,4057,17,1349,True,6876,6880,1.2850942199322901,32.66729813095329,1.3979800983196817,19.226890384899846,1.397980098319683,1.4935494618839584e-08,40.144048666233076,0.000984843525291712,0.059763976175418065,0.059763976175418065,1.1368683772161603e-15,1.5898393712632242e-15,0.0,0.0,0.0,1.2487215267564926e-17,9.371845273030595e-14,4.618527782440651e-14,0.0
4675,primary,0.0000–0.0999,46.81818181818182,0,0,2026-09-20T20:16:02.038468+00:00,2026-09-20T20:16:17.569911+00:00,17.787690540993935,10.08284879202256,1.764153257467013,23.834230375003244,15.531442500010598,0.8467252500049653,1.2491034590057097,0.833388333034236,283136.8215573893,283136.82155740634,6.023534683280001e-14,True,optimal,1.534579313865211,51,4057,17,1349,True,6876,6880,3.406273663131287e-08,0.008542469514184248,1.9714768484391243e-08,0.008542462678528762,1.0655071491783019e-08,2.7179019146100833e-11,0.008450521077747908,1.243012359708473e-10,2.8043078970085844e-09,2.8043132260791026e-09,8.242295734817162e-15,2.2382096176443156e-15,0.0,0.0,0.0,2.9600660063246225e-13,2.984279490192421e-13,0.0,0.0
6376,primary,0.7000–0.8000,46.81818181818182,0,0,2026-09-20T20:16:18.717931+00:00,2026-09-20T20:16:51.971298+00:00,52.063191875000484,27.185824333981145,1.9150860108340975,58.39162687500357,33.25336662499467,0.795701499999268,1.2445078330347314,0.829172583995387,275305.65763201076,275305.6601337703,9.087207227154242e-09,True,optimal,1.7559613597473736,51,4057,17,1349,True,6876,6880,0.0009613551540041954,120.1004537094912,2.6966684199436486e-05,12.137580621025052,2.6966684345097747e-05,2.2643563397650723e-06,132.23826421403862,0.00020334220000917114,0.0032222080569930256,0.0032222080569965783,1.1368683772161603e-15,4.227729277772596e-15,0.0,0.0,0.0,0.0,1.9622555838506254e-13,4.743384504624082e-19,0.0
7905,primary,0.5000–0.5999,46.81818181818182,0,0,2026-09-20T20:16:30.612018+00:00,2026-09-20T20:17:01.500736+00:00,40.31123324998771,25.440027833043132,1.5845593218113112,47.06880612499663,30.888717916968744,0.8581695419852622,1.245602333045099,0.8265587079804391,236297.30644521036,236297.3064452426,1.3646809873195902e-13,True,optimal,1.5238187046649592,51,4057,17,1349,True,6876,6880,1.5276970088962116e-07,4.954848932925415e-06,1.5589463913355528e-07,6.8132339423598864e-06,1.5589463941978465e-07,1.6655121726216748e-11,1.1746684947411268e-05,6.96901203411926e-10,6.349991643617159e-09,6.349978320940863e-09,4.7251091928046665e-15,8.718359367776429e-14,0.0,0.0,0.0,0.0,2.366850347711256e-12,5.400124791776761e-13,0.0
4455,primary,0.0999–0.2000,46.90909090909091,0,0,2026-09-20T20:16:53.122437+00:00,2026-09-20T20:17:13.375001+00:00,23.764804791000643,14.598557167046238,1.6278872301603649,30.28714937499899,20.252563125046436,0.8914526250009658,1.2395667909877375,0.8230889590340666,196875.1735375109,196875.17355659558,9.693788127828194e-11,True,optimal,1.4954724094918503,51,4057,17,1349,True,6876,6880,0.00012081438862310279,0.15991152279352505,1.4631874287410432e-07,0.015186856209699284,1.463185206329598e-07,1.3484282135323156e-08,0.16095445243307438,8.675045273243143e-07,8.180703105153952e-06,8.180703105153952e-06,1.0018652574217412e-14,4.408917675391422e-14,0.0,0.0,0.0,0.0,1.127610832263098e-12,5.684341886080801e-13,0.0
4923,primary,0.5000–0.5999,46.81818181818182,0,0,2026-09-20T20:17:02.641401+00:00,2026-09-20T20:17:56.009780+00:00,38.03919095799938,47.78147954202723,0.7961074316365861,44.364722874997824,53.36837820895016,0.8656120000014198,1.2372296669636853,0.8278855829848908,228629.14246300282,228629.1533185132,4.7480869137574676e-08,True,optimal,0.8312923188577918,51,4057,17,1349,True,6876,6880,1.1920076877128736,3.7986791566474807,1.4018133814949358,1.8392187814731429,1.4018133814948897,1.7548131836520042e-08,3.62960318066591,5.549801196558235e-05,0.02377260094006939,0.023772600940077382,9.663381206337363e-15,5.3397286592371527e-14,0.0,0.0,0.0,0.0,1.1573282242759945e-12,5.684341886080801e-13,0.0
8619,primary,0.5999–0.7000,46.90909090909091,0,0,2026-09-20T20:17:14.526343+00:00,2026-09-20T20:17:51.216594+00:00,46.384633207984734,31.121445083001163,1.4904395693797803,52.60312754201004,36.69025058299303,0.8301474160107318,1.2660320000140928,0.8398654159973375,281758.711604039,281758.71160403383,-1.838623477445067e-14,True,optimal,1.4337085930504132,51,4057,17,1349,True,6876,6880,1.278872900911665e-07,3.755047247011589e-05,1.3801890452747045e-07,8.85775259118482e-06,1.38018904360937e-07,4.376943252282217e-12,4.091382049864478e-05,6.532929752722794e-11,4.9743356100862e-09,4.974339162799879e-09,9.833911462919786e-14,2.55298004958604e-13,0.0,0.0,0.0,2.599454670309835e-18,1.5815622195127638e-12,1.8351292707663447e-13,0.0
4128,primary,0.5000–0.5999,46.81818181818182,0,0,2026-09-20T20:17:52.353535+00:00,2026-09-20T20:18:27.844847+00:00,40.34473666699887,29.813240082992706,1.3532489777927215,46.394394042001295,35.4913115829695,0.8778894579991174,1.1858072089962661,0.7971329999854788,206807.6165760422,206807.61685364554,1.342326461376558e-09,True,optimal,1.307204269798348,51,4057,17,1349,True,6876,6880,0.0005726126821059552,1.239569669610267,0.0006226054084983717,0.42417158585315606,0.0006226054084521453,2.0499078345892485e-07,1.2244117085022452,2.88591543995409e-06,4.24723734298027e-05,4.2472373422697274e-05,4.867217739956687e-15,1.604050225978426e-14,0.0,0.0,0.0,6.851467552784011e-18,1.572165053036808e-12,7.851497230149107e-13,0.0
7589,primary,0.9899–1.0000,7.428571428571429,0,0,2026-09-20T20:17:57.150413+00:00,2026-09-20T20:20:34.115713+00:00,423.47893529199064,151.1336246249848,2.8020166679836436,430.10333429201273,156.96530020801583,0.8634043330093846,1.2642406669910997,0.8480402500135824,252273.94725494736,252273.94636376266,-3.532606937523144e-09,True,optimal,2.740117298039917,51,4057,17,1349,True,6876,6880,0.5273574891875796,78.64828656434959,0.567944762899625,171.18107588255845,0.5679447628996321,1.0134215244761435e-08,249.83410182797766,5.6514116510530954e-05,0.020377007255078183,0.020377007255092394,2.5792701308091636e-14,6.656009077232738e-14,0.0,0.0,0.0,0.0,5.435772546056455e-13,2.7000623958883807e-13,0.0
4852,primary,0.4001–0.5000,46.81818181818182,0,0,2026-09-20T20:18:28.988049+00:00,2026-09-20T20:18:54.959198+00:00,36.29752887500217,19.867405666969717,1.8269888622321802,42.68880883399834,25.971149166987743,0.872650249999424,1.2539361250237562,0.8358028749935329,230884.34220631505,230884.3421503946,-2.422011321822936e-10,True,optimal,1.643701191638475,51,4057,17,1349,True,6876,6880,0.01230783868737717,0.029735731626814754,0.009454026202016408,0.03494508857387846,0.009454026202092791,1.086331735677959e-08,0.00890270892260503,1.1450812250624054e-05,0.0007315813522055237,0.0007315813521984182,3.446132268436486e-15,1.0800249583553523e-14,0.0,0.0,0.0,0.0,1.5348203851378367e-12,7.673861546209082e-13,0.0
7642,primary,0.2000–0.3000,46.81818181818182,0,0,2026-09-20T20:20:35.259881+00:00,2026-09-20T20:20:57.745161+00:00,27.018854583991924,16.650726125051733,1.622683262043503,33.56475758401211,22.48527991696028,0.8628872080007568,1.2680249999975786,0.8413112499983981,222181.7133934474,222181.71339352144,3.332413975529011e-13,True,optimal,1.492743595275181,51,4057,17,1349,True,6876,6880,1.2095898682673578e-07,1.1699452642233155e-06,3.784726132494143e-08,7.907927808137316e-07,3.784728619393718e-08,4.260414243617561e-11,1.111659614139171e-06,2.1146551176798312e-10,5.000239999830569e-09,5.000231340090977e-09,2.7675639557855902e-14,9.72022462519817e-14,0.0,0.0,0.0,0.0,1.4371104133104051e-12,6.132143404169454e-13,0.0
6794,helper,0.5091–0.6727,9.0,1,0,2026-09-20T20:18:56.099715+00:00,2026-09-20T20:19:43.250109+00:00,136.11047574999975,41.797082750010304,3.256458747709281,448.5873403750011,47.15039458300453,0.9274838749988703,1.2798267920152284,0.8531009169528261,244162.15427858467,244162.15370363055,-2.3548044033166443e-09,True,optimal,9.5139678966058,51,4057,17,1349,True,6876,6880,0.7284424759518515,39.875355648140925,0.8019175514727692,43.87801230645045,0.8019175514729113,1.5939536979203695e-07,57.02921456126767,3.641717270808087e-05,0.014133855782033855,0.014133855782034743,2.415845301584341e-15,1.1338707750496723e-14,0.0,0.0,0.0,0.0,1.0937454656973888e-12,7.518384989558223e-13,0.0
7900,primary,0.9001–0.9499,36.714285714285715,0,0,2026-09-20T20:20:58.883905+00:00,2026-09-20T20:21:27.346977+00:00,120.07320479198825,22.863388500001747,5.25176768054215,127.48268208300578,28.463072749960702,0.8425750839815009,1.2637684170040302,0.8370150830014609,259956.7823875377,259956.7789265228,-1.3313808873032524e-08,True,optimal,4.47887981747093,51,4057,17,1349,True,6876,6880,1.0999944205686916,37.582164171424054,1.1581700925228784,37.091001738480834,1.1581700925228802,4.2927467802655883e-07,74.7183488638958,6.244970493929358e-05,0.020944804876300793,0.0209448048763079,4.121147867408581e-15,1.7834622667578513e-14,0.0,0.0,0.0,4.519354333940323e-17,5.684341886080802e-14,4.263256414560601e-14,0.0
4295,primary,0.5999–0.7000,46.90909090909091,0,0,2026-09-20T20:19:44.384818+00:00,2026-09-20T20:20:17.563131+00:00,41.41891762500018,27.23589070898015,1.5207476806089413,47.571012874999724,33.17831283400301,0.8075241660008032,1.2597417500219308,0.8392187919816934,222945.90430164686,222945.90462818515,1.4646525347320993e-09,True,optimal,1.4337984307100229,51,4057,17,1349,True,6876,6880,0.0009047354608924252,51.28694966563452,0.00010280987077142717,89.38073602451142,0.00010280987015045834,1.3751997585131903e-07,38.09427510699762,4.111476963131189e-05,0.0006905243971004893,0.0006905243971004893,8.029132914089131e-15,3.289812866569264e-14,0.0,0.0,0.0,3.081167429302102e-18,1.592960867244841e-12,7.958078640513122e-13,0.0
4019,primary,0.9499–0.9899,29.428571428571427,0,0,2026-09-20T20:20:18.706039+00:00,2026-09-20T20:21:10.727862+00:00,212.06290454196278,45.76935008302098,4.63329507972698,219.5814384589903,52.02182383299805,0.9977734580170363,1.2743106249836273,0.8548772920039482,180352.5277469887,180352.5276581726,-4.924583109905221e-10,True,optimal,4.220948484311064,51,4057,17,1349,True,6876,6880,0.006914684226416057,0.03255195040361514,0.008882148746163665,0.020932669024900874,0.008882148746181429,5.582211315413588e-08,0.04695923916267475,1.9915872124798284e-06,0.0001231361523448271,0.0001231361523537089,1.0977885267493547e-14,1.3733597592491265e-14,0.0,0.0,0.0,0.0,9.035749748518163e-13,4.5180525987120745e-13,0.0
4158,primary,0.8000–0.9001,46.90909090909091,0,0,2026-09-20T20:21:11.875878+00:00,2026-09-20T20:21:42.727432+00:00,90.30826587500087,24.847280625021085,3.6345331804262275,97.38210233400059,30.851553875021636,0.8452371659986966,1.2615131249767728,0.8382252500159666,193398.77605849007,193398.77622715267,8.720975851643729e-10,True,optimal,3.15647317890345,51,4057,17,1349,True,6876,6880,0.0005864995255109307,56.4605760717898,0.0942066814257938,11.183548170349296,0.09366964494755337,0.09420644776616882,61.88820051817889,3.690272163558994e-05,0.0005957642241725125,0.0005957642241583017,2.6290081223123707e-15,3.5993430458347574e-14,0.0,0.0,0.0,0.0,8.742686140469046e-14,4.263256414560601e-14,0.0
8148,primary,0.0999–0.2000,46.90909090909091,0,0,2026-09-20T20:21:28.495532+00:00,2026-09-20T20:21:51.035977+00:00,25.25272354198387,16.852640917000826,1.4984431025590237,31.981934834009735,22.540444791025948,0.792667125002481,1.2766621250193566,0.8448195839882828,240542.85174488847,240542.84885477298,-1.2014971413303208e-08,True,optimal,1.4188688435617178,51,4057,17,1349,True,6876,6880,0.0009706706303926893,0.01846781467789782,0.0011459810025294948,0.0005386836138807638,0.0011459810025291617,1.4859760995022953e-06,0.003623353440662669,7.021031458220861e-06,9.94160942404676e-05,9.941609422980946e-05,9.734435479913373e-15,5.941913627793838e-14,0.0,0.0,0.0,0.0,2.0030072435742174e-12,1.256207791055456e-12,0.0
8057,primary,0.4001–0.5000,46.81818181818182,0,0,2026-09-20T20:21:52.174310+00:00,2026-09-20T20:22:18.245299+00:00,32.946869375009555,20.85996570799034,1.579430658526412,39.19266825000523,26.070988124993164,0.7959517919807695,1.2461964579997584,0.8328300410066731,338020.1131060038,338020.1122823776,-2.436618847170438e-09,True,optimal,1.5033058226294407,51,4057,17,1349,True,6876,6880,0.0021012812919707358,0.8160711433528149,0.0030955533897465415,1.1120698241380147,0.0023431934922655273,3.635604457485897e-07,1.1148149277526045,4.54039135822093e-06,0.0001723985184725052,0.00017239851848671606,3.524291969370097e-14,3.796518655008185e-14,0.0,0.0,0.0,0.0,9.034344114282854e-13,4.547473508864641e-13,0.0
3607,primary,0.3000–0.4001,46.90909090909091,0,0,2026-09-20T20:21:43.870742+00:00,2026-09-20T20:22:06.405180+00:00,30.88916858399898,17.25663437496405,1.7899880076739083,37.986233874999016,22.53443833300844,0.9710596660006559,1.2504260420100763,0.8371619579847902,158346.6324140712,158346.63200723048,-2.5693045859340315e-09,True,optimal,1.6856969458766937,51,4057,17,1349,True,6876,6880,0.0001258669737183027,0.08195556765292444,2.9093074819480493e-05,0.0196673540575123,2.509364833759784e-05,3.286482410658209e-07,0.09846199472531225,4.107936507180554e-06,6.201956898221894e-05,6.201956898621575e-05,1.1368683772161603e-15,1.4210854715202004e-16,0.0,0.0,0.0,0.0,2.1316282072803006e-14,3.552713678800501e-15,0.0
3270,helper,0.3273–0.5091,10.0,1,0,2026-09-20T20:22:07.548212+00:00,2026-09-20T20:22:32.449234+00:00,110.65237495899987,18.637168542016298,5.937188082489097,440.0407990420001,24.901022833015304,0.9225373750000472,1.2475149579695426,0.8355589160346426,177808.72406122013,177808.72732993407,1.838331591271527e-08,True,optimal,17.671595339391722,51,4057,17,1349,True,6876,6880,0.0011068087781680447,3.9300937325827903,0.0005860475322079346,1.4682849341388169,0.0005860475295520473,2.510446222458995e-06,3.6811643493084887,6.2954533659453915e-06,8.25584101171728e-05,8.255841012783094e-05,5.194067398406332e-14,2.0957457991244156e-13,0.0,0.0,0.0,3.3461881250167593e-15,2.6587771697825224e-12,9.521272659185342e-13,0.0
4457,primary,0.0000–0.0999,46.81818181818182,0,0,2026-09-20T20:22:19.386295+00:00,2026-09-20T20:22:36.086218+00:00,18.631722124999214,10.848308124986943,1.717477224129052,25.12733179099814,16.699922917003278,0.8837366660009138,1.274932208005339,0.851664416026324,241138.7330837466,241138.73308783706,1.6963081819717246e-11,True,optimal,1.504637591195967,51,4057,17,1349,True,6876,6880,1.9985951666967594e-06,0.0024962318323407118,1.527816736923458e-06,0.0005284081221610393,1.476381664922144e-06,2.685112576727988e-09,0.002541453232680624,1.0772669867264995e-08,2.217123196146531e-07,2.2171232672008045e-07,1.6806528567382858e-14,1.2079226507921704e-15,0.0,0.0,0.0,1.3738797618392269e-14,1.6453029192428463e-13,5.684341886080802e-14,0.0
5243,primary,0.2000–0.3000,46.81818181818182,0,0,2026-09-20T20:22:33.596350+00:00,2026-09-20T20:22:56.268972+00:00,27.672406665995368,16.693077749980148,1.657717473102183,35.20315037500404,22.67262133397162,0.8810723749993485,1.2271487910184078,0.8184532079612836,171048.7386410432,171048.73917783776,3.138255065616004e-09,True,optimal,1.5526722674213789,51,4057,17,1349,True,6876,6880,0.0001815105698597108,0.0012909668552367748,0.00011673236624965,0.0004027899909230248,0.00011673236622300465,3.3465187243564287e-07,0.001121844605485478,3.9037870869229607e-07,8.361495124731277e-06,8.361495133613062e-06,1.2363443602225743e-14,1.1139311695274046e-13,0.0,0.0,0.0,0.0,8.115524379359758e-13,8.810729923425242e-13,0.0
5059,primary,0.7000–0.8000,46.81818181818182,0,0,2026-09-20T20:22:37.231948+00:00,2026-09-20T20:23:12.930365+00:00,47.98567479099438,30.61940887500532,1.5671652900577442,54.95925516700663,35.69841641699895,0.8757622920093127,1.2523744580103084,0.8430640829610638,284761.6419084464,284761.6418375976,-2.4880033975856353e-10,True,optimal,1.539543225812,51,4057,17,1349,True,6876,6880,1.0321234185539652e-05,0.0001453750362259143,4.742165024683442e-06,8.159263574825104e-05,3.8423290646960595e-06,3.801199000008637e-08,0.00025650692276713016,5.217804099899581e-08,5.431194312066623e-07,5.431194267657702e-07,1.604405497346306e-13,1.3979928326079972e-13,0.0,0.0,0.0,1.8204119982151578e-18,1.1576667901212756e-12,8.100187187665142e-13,0.0
5218,primary,0.0999–0.2000,46.90909090909091,0,0,2026-09-20T20:22:57.425435+00:00,2026-09-20T20:23:16.514951+00:00,25.694936375002726,13.269006291986443,1.9364627470649916,32.155803749999905,19.08951566700125,0.8811209170016809,1.2336975840153173,0.8213382089743391,140113.0688651252,140113.06885176964,-9.531996752186348e-11,True,optimal,1.6844745728979105,51,4057,17,1349,True,6876,6880,1.0180979209906127e-05,0.004389313653074822,5.803385902994861e-07,0.04241845581456438,5.803389910852275e-07,9.93190951703582e-09,0.04435532372916384,8.103063462439053e-07,1.1575249736495152e-05,1.157524974360058e-05,2.9487523534044156e-15,3.9843128796235305e-14,0.0,0.0,0.0,0.0,1.3212427842339974e-12,6.821210263296962e-13,0.0
6089,primary,0.4001–0.5000,46.81818181818182,0,0,2026-09-20T20:23:14.079132+00:00,2026-09-20T20:23:41.433011+00:00,36.381360917002894,21.372634499974083,1.7022403539931874,42.8212832089921,27.353878166992217,0.9172687079990283,1.2275132919894531,0.8136233339901082,301380.6619690833,301380.67119901534,3.0625495273236795e-08,True,optimal,1.565455653036589,51,4057,17,1349,True,6876,6880,0.006922872021107196,2.1732792860670713,0.007508606742216983,4.325973911011815,0.007508606742248958,4.342124611866893e-06,6.499838268928414,9.744589802629378e-06,0.00027627979519451173,0.00027627979520161716,7.958078640513123e-15,1.781685909918451e-14,0.0,0.0,0.0,6.79941861629428e-17,5.342698072147156e-12,2.6716406864579767e-12,0.0
4635,primary,0.0000–0.0999,46.81818181818182,0,0,2026-09-20T20:23:17.664371+00:00,2026-09-20T20:23:33.116614+00:00,16.281708458001958,9.850574666052125,1.6528688944527616,23.041064000004553,15.452242458995897,0.8484672919948935,1.2628558339783922,0.8458172079990618,181917.777897848,181917.77789786275,8.111160004301339e-14,True,optimal,1.4911145784274593,51,4057,17,1349,True,6876,6880,3.5862521029554294e-10,0.00025029482659277846,4.674986255320118e-14,0.00013542263091220752,5.684341886080802e-14,3.5862488432589536e-10,0.0003857192834146872,7.038813976123492e-13,1.078248601515952e-11,1.0771827874123119e-11,3.787192781601334e-14,2.842170943040401e-16,0.0,0.0,0.0,9.244647290860032e-13,3.45454188258737e-14,0.0,0.0
8671,primary,0.3000–0.4001,46.90909090909091,0,0,2026-09-20T20:23:34.261478+00:00,2026-09-20T20:23:58.121346+00:00,30.91734420901048,17.63418441702379,1.7532619302292949,36.95259599998826,23.859868000028655,0.8671372090175282,1.249246041988954,0.8286106250016019,245805.79779257497,245805.797817139,9.993271346609238e-11,True,optimal,1.548734301461512,51,4057,17,1349,True,6876,6880,0.00294696225972757,0.20583374636050422,0.0032636861722465937,0.061433490871401375,0.003263686172317648,2.4757525807217462e-08,0.18036261227752703,1.153467604320113e-06,5.667573144840787e-05,5.667573145728966e-05,8.526512829121202e-16,4.340972026284362e-15,0.0,0.0,0.0,0.0,7.376930216316212e-14,2.842170943040401e-14,0.0
7202,primary,0.9001–0.9499,36.714285714285715,0,0,2026-09-20T20:23:42.588644+00:00,2026-09-20T20:24:40.733013+00:00,99.12937245800276,52.03369795897743,1.9050995094785468,105.47775829200691,58.14436937501887,0.8601542500109645,1.267673292022664,0.8359424159862101,255826.00033448453,255826.02444109443,9.423049207457763e-08,True,optimal,1.8140665970886658,51,4057,17,1349,True,6876,6880,0.45686671045825733,159.7922710655028,0.42684026972676214,79.32661511304148,0.4161668730834194,6.01586236825824e-07,238.9669892737561,0.0002851788100710628,0.04475449330089987,0.04475449330089987,2.41158204516978e-13,1.4656720281891467e-13,0.0,0.0,0.0,3.6717292793460704e-18,1.803825098052039e-12,8.952838470577262e-13,0.0
5021,primary,0.5999–0.7000,46.90909090909091,0,0,2026-09-20T20:23:59.266195+00:00,2026-09-20T20:24:26.525085+00:00,41.0345368339913,21.62690262502292,1.8973838993713878,48.91251525000553,27.258889417047612,0.8880529589951038,1.2394802080234513,0.8252113330527209,213752.72990613608,213752.72980700445,-4.6376780218871883e-10,True,optimal,1.794369334042487,51,4057,17,1349,True,6876,6880,0.0009520373575924168,56.11699307164767,0.0009808523130017122,15.897642624688253,0.0008592336734878359,6.86706016495009e-08,72.01494834538777,5.001662195303069e-06,0.0001305117715659776,0.00013051177157308302,2.9132252166164106e-15,1.5365486660812167e-14,0.0,0.0,0.0,2.3204233783150824e-17,5.295114174367276e-13,2.765102871064157e-13,0.0
5604,primary,0.8000–0.9001,46.90909090909091,0,0,2026-09-20T20:24:27.667267+00:00,2026-09-20T20:24:54.944652+00:00,61.00252129099681,21.713922249968164,2.8093736630693815,66.96772754200356,27.277384290995542,0.8639160829989123,1.2512422080035321,0.8286747909733094,198653.82598546465,198653.82634396688,1.8046580943121968e-09,True,optimal,2.45506412299621,51,4057,17,1349,True,6876,6880,0.001414145791500232,0.11022553991698203,7.4117161226183725e-06,0.06426578776850045,7.411716069327667e-06,1.4583093843612005e-07,0.06939929154671631,4.8811958379468834e-05,0.0004376889552482055,0.00043768895525886364,1.1368683772161603e-15,2.486899575160351e-16,0.0,0.0,0.0,0.0,3.062797055769983e-13,2.2737367544323206e-13,0.0
8496,primary,0.9001–0.9499,36.714285714285715,0,0,2026-09-20T20:24:41.880116+00:00,2026-09-20T20:25:10.360780+00:00,98.9597882500093,23.0427464999957,4.2946177553108855,105.91950012499001,28.480664250033442,0.8444200420053676,1.2850581669481471,0.8464414160116576,282044.18415136955,282044.18353042257,-2.2015947198808475e-09,True,optimal,3.718996832205753,51,4057,17,1349,True,6876,6880,0.0011144007141865586,4.604353783567134,0.0009273805962124872,0.4298280165053878,0.0008962464093826839,3.172316951349785e-07,5.034947302982204,1.1445767499784765e-05,9.55339369212993e-05,9.553393692840473e-05,1.1368683772161603e-15,7.401296574223639e-14,0.0,0.0,0.0,2.7072198311888555e-15,1.8607337892717624e-13,1.4210854715202004e-14,0.0
5610,primary,0.0000–0.0999,46.81818181818182,0,0,2026-09-20T20:24:56.091361+00:00,2026-09-20T20:25:14.014008+00:00,20.58284858299885,12.020383374998346,1.7123287952537272,26.659339792000537,17.922647416009568,0.8362310000011348,1.2634486249880865,0.8460960409720428,295493.1787538655,295493.17875386565,5.90954361372438e-16,True,optimal,1.4874666210409764,51,4057,17,1349,True,6876,6880,1.0686562745831907e-11,2.4272139853565022e-11,1.8427925851938198e-11,7.87316878358979e-11,1.830358087318018e-11,3.052104912132366e-12,1.0254552762489766e-10,4.218847493575595e-15,4.014566457044566e-13,3.979039320256561e-13,7.460698725481052e-15,4.476419235288631e-14,0.0,0.0,0.0,4.177569678861097e-15,2.04495071422998e-12,9.325066015045992e-13,0.0
6164,helper,0.6727–0.8364,9.0,1,0,2026-09-20T20:25:11.511756+00:00,2026-09-20T20:25:42.535572+00:00,188.4579841250088,25.77789208397735,7.310837655424425,501.4726053750055,31.023816249973606,0.9416484590037726,1.2183050000458024,0.8148415830219164,258359.27757970314,258359.27833841945,2.9366714437753575e-09,True,optimal,16.16411731343439,51,4057,17,1349,True,6876,6880,0.000823452767406252,53.23174423761335,3.756633325946321e-06,108.3785725042446,3.756633333296122e-06,4.495850021157821e-07,157.58306430514344,3.099363360803409e-05,0.0002830073564163982,0.00028300735641551,3.872457909892546e-15,8.948397578478762e-14,0.0,0.0,0.0,1.079991550449774e-16,1.1253815906237235e-12,6.679101716144942e-13,0.0
3343,primary,0.0000–0.0999,46.81818181818182,0,0,2026-09-20T20:25:15.158933+00:00,2026-09-20T20:25:33.033638+00:00,20.115305332999924,11.756767792045139,1.710955399375187,26.109637707999354,17.874704999965616,0.8537057079993247,1.2556569590233266,0.8364575000014156,197064.93686661177,197064.93686662245,5.420094486342356e-14,True,optimal,1.4607031393273109,51,4057,17,1349,True,6876,6880,9.04910635313172e-09,5.1195787904134704e-05,1.509102565133702e-09,0.01815965603362879,1.5091025433683434e-09,6.906475391588174e-12,0.01810912406287457,1.5451173673852736e-10,1.7189449863508344e-09,1.7189449863508344e-09,7.602807272633072e-15,2.6472157799162232e-14,0.0,0.0,0.0,0.0,2.200911045278334e-12,1.1013412404281553e-12,0.0
6047,primary,0.9899–1.0000,7.428571428571429,0,0,2026-09-20T20:25:43.676139+00:00,2026-09-20T20:26:22.869179+00:00,351.03684475000773,33.270276417024434,10.551064870936324,357.4783315409877,39.19304020801792,0.8877883749955799,1.2523095829528756,0.8377849170356058,266883.7161239854,266883.71728151327,4.3371992285338426e-09,True,optimal,9.120964580539393,51,4057,17,1349,True,6876,6880,0.06888156917091237,154.3313929718032,0.06492964725528338,124.32231497074386,0.06257564820214156,1.9718527255463414e-07,278.6435477134746,0.0001779751566421961,0.008583138216916808,0.00858313821692036,7.847944516470307e-14,8.967937503712164e-14,0.0,0.0,0.0,2.8158311308079015e-18,1.4898009329688449e-12,7.389644451905042e-13,0.0
4932,primary,0.5999–0.7000,46.90909090909091,0,0,2026-09-20T20:25:34.188801+00:00,2026-09-20T20:26:09.774607+00:00,46.56585025000095,29.192703125008848,1.5951195081386227,53.20704633300193,35.5858059580205,0.851931124998373,1.284346790984273,0.8484529170091264,175976.68121415903,175976.68122326792,5.1761902143345796e-11,True,optimal,1.495176093405575,51,4057,17,1349,True,6876,6880,3.5364279358240935e-06,0.00037084005256815544,6.774255929542505e-07,0.0001288106400783029,6.77425532558118e-07,5.5594000514247455e-09,0.00043570443347107357,4.197755920642976e-08,5.925616548552171e-07,5.925616619606444e-07,4.547473508864641e-15,3.1721708593224207e-14,0.0,0.0,0.0,0.0,1.1717733886331978e-12,5.826450433232822e-13,0.0
4883,primary,0.4001–0.5000,46.81818181818182,0,0,2026-09-20T20:26:10.927873+00:00,2026-09-20T20:26:45.410254+00:00,36.033941207999305,28.59840775001794,1.2599981622395289,42.248684334001155,34.482381459034514,0.8480004590019234,1.2735038329847157,0.854029249981977,160314.57231588976,160314.57232077947,3.050069236108191e-11,True,optimal,1.2252252468175118,51,4057,17,1349,True,6876,6880,7.776735621689568e-06,0.001662656836437293,1.5412526426672457e-05,0.0004517304874873673,1.507072943240928e-05,2.9922944122517947e-09,0.0012055755909798904,7.443073379853615e-08,7.607071927928644e-07,7.607071950133104e-07,2.948752353404416e-14,6.423306331271305e-14,0.0,0.0,0.0,0.0,1.6006945355512888e-12,7.958078640513122e-13,0.0
8731,primary,0.4001–0.5000,46.81818181818182,0,0,2026-09-20T20:26:24.017591+00:00,2026-09-20T20:27:58.752434+00:00,34.76830483399681,88.66954079200514,0.3921110284709141,41.43431158401654,94.73484304203885,0.8515254590020049,1.2723317500203848,0.8532467089826241,349504.59546762216,349504.5792654003,-4.6357679033392875e-08,True,optimal,0.43737140690284304,51,4057,17,1349,True,6876,6880,0.13159714962404223,65.54283816689232,0.23249136238993628,35.64506552441228,0.23117439899812098,5.184415385883767e-08,30.21168312220101,0.00036853378168166806,0.00884047573571678,0.008840475735723885,1.1368683772161603e-15,2.7902246783827726e-15,0.0,0.0,0.0,5.747114151978153e-16,2.842170943040401e-14,0.0,0.0
5553,primary,0.2000–0.3000,46.81818181818182,0,0,2026-09-20T20:26:46.556323+00:00,2026-09-20T20:27:10.205244+00:00,28.980740875005722,17.70000687497668,1.63732935697201,35.60221520799678,23.648921499960124,0.8620552080028574,1.2721464589703828,0.8480991660035215,166748.49351436546,166748.49351432204,-2.604096392493392e-13,True,optimal,1.5054477308006122,51,4057,17,1349,True,6876,6880,8.684677368364646e-07,2.8442762044278425e-05,1.1904732311052157e-07,0.0002720706093712888,1.1904732843959209e-07,3.2741809263825417e-11,0.0003008722212456405,2.928276510161254e-09,5.715531337102675e-08,5.715531870009727e-08,1.3073986337985844e-14,6.781963879376463e-14,0.0,0.0,0.0,0.0,4.1685105616872525e-13,2.1316282072803006e-13,0.0
6120,primary,0.0999–0.2000,46.90909090909091,0,0,2026-09-20T20:27:11.360058+00:00,2026-09-20T20:34:48.328112+00:00,22.51082441600738,450.5942891660379,0.04995807749288284,29.085181750007905,456.9680539580295,0.8513280000042869,1.3093352500000037,0.8816908330190927,238978.08990890862,238979.9894730874,7.948695964140416e-06,True,optimal,0.06364817299171475,51,4057,17,1349,True,6876,6880,30.380651616266448,86.02148588596513,32.52638668050038,113.2219462923007,32.52638668050031,5.0080757318937685e-09,200.93561603896774,0.0014176087778099422,0.5878596673034,0.5878596673034053,1.6342482922482305e-15,1.0169642905566434e-15,0.0,1.6993340068438556e-10,2.265733201056719e-12,1.0919141734634977e-20,5.684341886080802e-14,0.0,0.0
6887,primary,0.9499–0.9899,29.428571428571427,0,0,2026-09-20T20:27:59.895991+00:00,2026-09-20T20:28:36.597575+00:00,228.4967906249949,30.931429749995004,7.387204292586307,235.9169968339993,36.70158354198793,0.9194107920047827,1.2570879170089029,0.8326879999949597,287423.14808523835,287423.14671260293,-4.775660665761904e-09,True,optimal,6.4279786882792616,51,4057,17,1349,True,6876,6880,0.0011313962620533857,1.9062887010799017,0.00011127576507874437,0.22846938506534897,0.00011127576507874437,6.894022135384148e-07,2.135386566280175,3.6250556103567533e-06,6.82333236046162e-05,6.82333236170507e-05,1.1084466677857563e-14,4.2383874188089975e-14,0.0,0.0,0.0,6.148232133277703e-18,1.172756648195293e-12,6.394884621840902e-13,0.0
3453,primary,0.8000–0.9001,46.90909090909091,0,0,2026-09-20T20:28:37.743806+00:00,2026-09-20T20:29:07.316509+00:00,58.792239207999955,23.874188958026934,2.4625858206685987,65.03256541599694,29.57270325004356,0.8531559580005705,1.279219833028037,0.8558754580444656,255343.06436790476,255343.06692049303,9.996700998604463e-09,True,optimal,2.1990740875506924,51,4057,17,1349,True,6876,6880,0.00033487961661649024,119.27884958690578,2.9392940270024445e-06,109.0544434487852,2.939294092951794e-06,2.897767785725591e-07,228.33281484395158,0.0002180852112805276,0.003467540299563865,0.0034675402995674176,1.6294360010177771e-15,2.505107232764203e-14,0.0,0.0,0.0,4.3198625470784144e-19,4.758789247196241e-13,2.3803181647963356e-13,0.0
5930,primary,0.7000–0.8000,46.81818181818182,0,0,2026-09-20T20:29:08.460336+00:00,2026-09-20T20:29:46.280113+00:00,55.83138187500299,31.99795383302262,1.7448422535500918,61.32565695801168,37.81977654102957,0.796612667007139,1.26974220800912,0.8377698750118725,238467.01449956105,238466.92934480897,-3.5709237292677756e-07,True,optimal_inaccurate,1.6215235140662787,51,4057,17,1349,True,6876,6880,2.51572109990974,7.64753302189623,2.972262565668597,9.903588420689141,2.972262565668643,1.9968793573501188e-17,6.580942508488494,0.00011171771145424003,0.04998560289177334,0.049985602891780445,5.684341886080802e-16,3.241851231905457e-16,0.0,0.0,0.0,0.0,5.739853037312059e-14,0.0,0.0
7785,primary,0.3000–0.4001,46.90909090909091,0,0,2026-09-20T20:29:47.428234+00:00,2026-09-20T20:30:12.266492+00:00,31.63463754201075,19.02506324998103,1.662787509631133,37.91678587498609,24.83825833298033,0.8520358749956358,1.2735848749871366,0.8456455419654958,235745.27037087502,235745.2703707146,-6.804815775313013e-13,True,optimal,1.526547689724285,51,4057,17,1349,True,6876,6880,6.151219622552162e-08,0.00046412662587158593,3.723980244112841e-08,0.0018781453357552547,3.723978636571701e-08,9.498535291641019e-11,0.0023421806897658826,1.6081960207969814e-09,1.495908286130998e-08,1.495908463766682e-08,1.1368683772161603e-15,1.0729195309977513e-13,0.0,0.0,0.0,0.0,6.43916343856521e-14,0.0,0.0
6245,primary,0.0999–0.2000,46.90909090909091,0,0,2026-09-20T20:34:49.584746+00:00,2026-09-20T20:35:07.468266+00:00,23.206912416993873,12.70007862499915,1.827304625603877,29.630925707999268,17.883519875002094,0.8485866669943789,1.2573660420021042,0.8358461250318214,231037.6746251764,231037.6756856186,4.589910220566717e-09,True,optimal,1.6568844341106423,51,4057,17,1349,True,6876,6880,0.002637077561246315,4.110703341442218,0.0028946805666054815,11.065321045973892,0.002894680566527086,6.577059821211151e-07,15.17717353154876,1.118630189367309e-06,0.00010308106810086315,0.00010308106809020501,3.3750779948604757e-15,2.190470027585434e-14,0.0,0.0,0.0,1.2923977325385881e-17,9.19022572208909e-13,4.547473508864641e-13,0.0
5984,primary,0.5000–0.5999,46.81818181818182,0,0,2026-09-20T20:35:08.624680+00:00,2026-09-20T20:35:40.645105+00:00,38.79704545800632,25.898107291955967,1.498064897972556,44.43957070799661,32.02042491699103,0.8371009170077741,1.2528200410306454,0.8355905830394477,146648.30291775236,146648.30291777535,1.5678344449519265e-13,True,optimal,1.3878507491140628,51,4057,17,1349,True,6876,6880,2.5736511588547728e-08,0.001971860204605491,1.4314951731582079e-08,0.008131687790860376,1.4314878171717282e-08,1.4267698134062812e-11,0.010103518782102583,8.050915489832278e-11,2.476657101624369e-09,2.4766677597654052e-09,1.3109513474773848e-14,3.8529179846591435e-14,0.0,0.0,0.0,0.0,1.4035194650908155e-12,1.0089706847793423e-12,0.0
4282,primary,0.0999–0.2000,46.90909090909091,0,0,2026-09-20T20:30:13.410922+00:00,2026-09-20T20:30:32.327337+00:00,23.19827670900122,13.049345167004503,1.7777349293862246,29.514407209000638,18.916414792009164,0.845766915997956,1.2712141249794513,0.8485215000109747,111762.17181522898,111762.17183691813,1.9406521081691114e-10,True,optimal,1.5602537549276183,51,4057,17,1349,True,6876,6880,0.023255272874848743,0.08648661351472953,0.02349540483057666,0.545486461763228,0.02349540483057666,1.2931934634252684e-08,0.5640430205483398,4.288825103282434e-06,1.856626719565213e-05,1.8566267186770347e-05,7.176481631177012e-15,1.481467726272001e-14,0.0,0.0,0.0,0.0,4.1127054561419796e-14,5.684341886080802e-14,0.0
5912,primary,0.3000–0.4001,46.90909090909091,0,0,2026-09-20T20:30:33.472526+00:00,2026-09-20T20:30:58.470719+00:00,31.340141584005323,18.971806166984607,1.6519324152986827,37.83356425000238,24.998193292005453,0.8523694579926087,1.276653292006813,0.8416578329633921,181496.92628103716,181496.92622364542,-3.162132615829824e-10,True,optimal,1.5134519446292043,51,4057,17,1349,True,6876,6880,5.874220163093469e-05,0.00423263499569515,9.802568592398586e-06,0.007017098614677142,7.23187976348072e-06,3.371343382241321e-08,0.010278768793909876,1.1803768007467852e-06,1.3249649347457648e-05,1.3249649356339432e-05,1.9326762412674726e-14,3.451017249744836e-14,0.0,0.0,0.0,0.0,1.3779369355607085e-12,6.821210263296962e-13,0.0
5879,helper,0.1636–0.3273,9.0,1,0,2026-09-20T20:30:59.626483+00:00,2026-09-20T20:32:17.702248+00:00,72.92654858299647,72.31916391698178,1.008398668252193,388.0428518750123,78.07576504198369,0.8897966249933233,1.2582116250414401,0.8373579999897629,262794.2517859483,262794.2525028994,2.7281840784722553e-09,True,optimal,4.970080685938203,51,4057,17,1349,True,6876,6880,0.001828048246011349,83.4934524831339,0.0017121019099306523,58.36394103387447,0.0016961124942582728,1.4607491038987064e-07,85.0283429878478,0.00013063603025331716,0.002207858640712601,0.002207858640701943,9.237055564881303e-15,3.9621639302822586e-14,0.0,0.0,0.0,2.5156764817907817e-20,4.852177653538649e-13,2.4158453015843406e-13,0.0
5548,primary,0.4001–0.5000,46.81818181818182,0,0,2026-09-20T20:32:18.861415+00:00,2026-09-20T20:32:52.252974+00:00,34.737946417000785,27.63195591600379,1.2571656716085513,41.16074029199808,33.3915587500087,0.8515523330061114,1.2988634580397047,0.8620817080372944,235341.7638314631,235341.7641624997,1.4066207187086345e-09,True,optimal,1.232669028725332,51,4057,17,1349,True,6876,6880,0.04501788155647546,6.280517208659344,0.043289943750697724,1.896148831023698,0.04328994375070039,3.4828303796530236e-08,4.893919899832525,4.768372094976492e-05,0.003728553022920522,0.003728553022909864,2.3661073100811337e-14,2.3514523661560817e-14,0.0,0.0,0.0,5.392032623844202e-17,3.1413156790799384e-13,1.5631940186722204e-13,0.0
6017,primary,0.9499–0.9899,29.428571428571427,0,0,2026-09-20T20:35:41.784790+00:00,2026-09-20T20:37:25.933920+00:00,169.8340001250035,98.65626041701762,1.721472103312241,176.78832495800452,104.14912949997233,0.8520182079955703,1.283643500006292,0.8467802079976536,289513.2112796766,289513.2112513676,-9.778139215765576e-11,True,optimal,1.6974536974699486,51,4057,17,1349,True,6876,6880,0.03632514872606407,0.0191462348599849,0.03557715787442822,0.0090740137222447,0.03557715787442817,2.7542654379431042e-08,0.017749034824703358,5.5701818031383965e-06,0.001270888695360739,0.0012708886953589627,1.9682033780554775e-14,3.19033688356285e-14,0.0,0.0,0.0,1.2213125188185574e-18,1.9555160649853593e-12,3.126388037344441e-13,0.0
4428,primary,0.2000–0.3000,46.81818181818182,0,0,2026-09-20T20:32:53.407901+00:00,2026-09-20T20:33:19.472758+00:00,28.37497112499841,19.65320783300558,1.443783191329484,34.846298667001975,26.06485679198522,0.8825175419988227,1.3099516250076704,0.8722209160332568,157802.98889640224,157802.98884453496,-3.28683730237816e-10,True,optimal,1.3369073517302805,51,4057,17,1349,True,6876,6880,0.0002302635872126757,0.1988988162605665,3.509771660901989e-07,0.04356562799694963,3.509773235448689e-07,3.631669187598163e-08,0.14796632760566553,2.6839436930714555e-06,3.839755305534709e-05,3.839755305534709e-05,9.876544027065392e-15,3.583161545250846e-14,0.0,0.0,0.0,0.0,1.2603621369900982e-12,6.252776074688882e-13,0.0
6257,primary,0.0999–0.2000,46.90909090909091,0,0,2026-09-20T20:37:27.082138+00:00,2026-09-20T20:37:47.279961+00:00,24.79477695800597,14.0274175000377,1.7675938538180196,31.64511749999656,20.197823083028197,0.8571584169985726,1.2695214999839664,0.8337170419981703,302327.50469360605,302327.50468829885,-1.7554472605745222e-11,True,optimal,1.5667588219736057,51,4057,17,1349,True,6876,6880,0.005085220013626213,0.019228688070525912,0.007955414280864659,0.0022240903682178015,0.007955409495934873,1.5492105376324616e-09,0.019200802611733403,1.040677495289799e-06,6.176308196437219e-05,6.176308195904312e-05,2.4016344468691386e-14,3.2720492981752617e-14,0.0,0.0,0.0,1.100472424531951e-15,2.1115569145621627e-12,1.0516032489249483e-12,0.0
3669,primary,0.4001–0.5000,46.81818181818182,0,0,2026-09-20T20:33:20.628969+00:00,2026-09-20T20:33:49.036090+00:00,33.46340725000118,21.862764333025552,1.5306118997702354,39.57701029199961,28.4071206250228,0.8087147090009239,1.3119420839939266,0.860648708010558,292244.2903544385,292244.2889010918,-4.973054178300804e-09,True,optimal,1.3932073867823713,51,4057,17,1349,True,6876,6880,0.0008142202610770255,12.598834189724649,4.410885082173355e-05,3.7297648971174096,4.410885082164446e-05,7.400539061563904e-07,15.026638553469752,1.5843107592949934e-05,0.00040723919191876234,0.0004072391919294205,2.2737367544323206e-15,5.684341886080802e-16,0.0,0.0,0.0,1.6000749205296623e-16,1.8534652343799485e-14,1.0842021724855044e-19,0.0
7697,primary,0.7000–0.8000,46.81818181818182,0,0,2026-09-20T20:33:50.182721+00:00,2026-09-20T20:34:35.114292+00:00,56.78468158299802,38.61609879200114,1.4704924463980364,63.351347707997775,44.93157125002472,0.8721407080010977,1.3165181660442613,0.8698332909843884,320450.5562325939,320450.55501996714,-3.784130594426024e-09,True,optimal,1.4099517543126856,51,4057,17,1349,True,6876,6880,0.002466971480657776,0.11356039750718594,0.0021133326607376546,0.34910297502569065,0.002113332660734102,5.931241275902721e-07,0.4472023074767435,5.430524567584527e-06,0.00012156489266956783,0.00012156489268022597,7.201350626928615e-14,1.652056269563218e-13,0.0,0.0,0.0,0.0,6.495116944282842e-13,3.852571473644817e-13,0.0
3602,primary,0.9001–0.9499,36.714285714285715,0,0,2026-09-20T20:34:36.260565+00:00,2026-09-20T20:35:06.223278+00:00,98.92635141599749,24.40279870800441,4.053893678332414,104.96899208300238,29.96271308400901,0.8748329170011857,1.3157779999892227,0.874491750029847,209701.9735244589,209701.97353354612,4.333390499907666e-11,True,optimal,3.503320670217409,51,4057,17,1349,True,6876,6880,9.254704355043941e-05,0.0762249077717172,8.672208737055243e-06,0.027985380788329905,8.672208707594109e-06,6.244420092116343e-09,0.10104014475669487,7.672960327775868e-06,9.841814815381156e-05,9.841814815558791e-05,3.801403636316536e-15,2.7995383788947947e-14,0.0,0.0,0.0,0.0,5.763508194192666e-13,2.877698079828406e-13,0.0
4551,primary,0.0999–0.2000,46.90909090909091,0,0,2026-09-20T20:35:07.378194+00:00,2026-09-20T20:35:34.696222+00:00,25.92567224999948,21.002653790987097,1.2343998290885034,31.823923208998167,27.31802762503503,0.8441917079981067,1.236093665997032,0.8243887500138953,236590.12740765078,236590.12740435917,-1.3912728129836925e-11,True,optimal,1.1649422002865903,51,4057,17,1349,True,6876,6880,1.942641645769072e-06,0.008317166639287166,8.386100697749927e-08,0.014039541898169583,8.386100680546349e-08,1.5602381608914584e-09,0.017630392165607134,9.457364336107332e-08,7.130713868264138e-07,7.130713868264138e-07,5.240252676230739e-15,3.2809310823722624e-14,0.0,0.0,0.0,0.0,9.482062758667947e-13,4.700536834767455e-13,0.0
6436,primary,0.5000–0.5999,46.81818181818182,0,0,2026-09-20T20:37:48.435727+00:00,2026-09-20T20:38:19.566176+00:00,38.70623641600832,25.090113583020866,1.5426887681449892,44.76397074997658,31.130449249991216,0.841932542010909,1.2712192499893717,0.8471062500029802,249645.37114727363,249645.370488422,-2.6391502383432802e-09,True,optimal,1.4379481128107783,51,4057,17,1349,True,6876,6880,0.6367128449468282,2.288891447296912,0.7481221820574424,2.2426846391643553,0.7480704734351775,1.8058003092846775e-07,0.2054346640459741,3.0568744777026424e-05,0.01258119314620565,0.012581193146218084,1.2292389328649733e-14,6.191935852939423e-14,0.0,0.0,0.0,3.755948482298535e-16,9.214422556539465e-13,4.547473508864641e-13,0.0
6864,primary,0.5000–0.5999,46.81818181818182,0,0,2026-09-20T20:35:35.845676+00:00,2026-09-20T20:38:08.813515+00:00,36.86782049998874,147.13228483404964,0.2505760074450819,43.242617124997196,152.96783879195573,0.8973694579908624,1.1846487500006333,0.7999848340405151,266775.5476549381,266775.80385568,9.60360663157435e-07,True,optimal,0.28269090722926027,51,4057,17,1349,True,6876,6880,0.4934249573220768,157.3119815391226,0.023551995577607343,107.6298443185756,0.02286703541049473,5.133324521011673e-08,244.44176181432601,0.0023661823887173306,0.03625150026289603,0.03625150026289248,6.394884621840901e-16,8.668621376273222e-15,0.0,0.0,0.0,4.870447023516204e-20,4.783579855977807e-13,1.3642420526593924e-12,0.0
7091,primary,0.3000–0.4001,46.90909090909091,0,0,2026-09-20T20:38:09.992823+00:00,2026-09-20T20:38:35.011380+00:00,30.147833916998934,18.775126833003014,1.605732636863199,36.0147942090116,25.01855625002645,0.8455947920010658,1.2579002500278875,0.831700875016395,226102.2471597227,226102.2471652403,2.4403081166996184e-11,True,optimal,1.439523282202726,51,4057,17,1349,True,6876,6880,3.888530272888602e-06,0.022893045692507386,1.6419236210651889e-06,0.005495463534991295,1.6419236317233299e-06,2.33490027312655e-09,0.02314013290198158,2.904978240181322e-07,4.7910411993257185e-06,4.791041192220291e-06,5.080380560684716e-15,2.3252511027749278e-14,0.0,4.217298510411638e-09,5.623070238572028e-11,0.0,8.732568835898697e-13,4.405364961712621e-13,0.0
8533,primary,0.9499–0.9899,29.428571428571427,0,0,2026-09-20T20:38:20.726279+00:00,2026-09-20T20:40:21.782609+00:00,152.87222841600305,115.13813820795622,1.3277288550549045,158.84277283301344,121.05632966698613,0.8291642499971204,1.2801849590032361,0.8383737090043724,311116.80659891566,311116.8064998109,-3.185452178180123e-10,True,optimal,1.3121393426512602,51,4057,17,1349,True,6876,6880,9.252568588635768e-06,2.1893986925125013,7.708873291319023e-06,2.1893857278076547,7.708873283718276e-06,4.2876166617134004e-08,0.6030949349115922,7.536750064041087e-07,9.868037063043289e-06,9.86803706837236e-06,1.1368683772161603e-15,5.684341886080802e-16,0.0,0.0,0.0,0.0,4.145819319830292e-14,1.1468159755168017e-11,0.0
7748,primary,0.7000–0.8000,46.81818181818182,0,0,2026-09-20T20:38:36.175264+00:00,2026-09-20T20:39:09.457373+00:00,49.099249791004695,28.01336891599931,1.7527077852804267,55.24248941699625,33.28210933401715,0.8344705839990638,1.245818583003711,0.8333811250049621,315650.96625729086,315650.9627690653,-1.1050894640703376e-08,True,optimal,1.6598253693173743,51,4057,17,1349,True,6876,6880,0.0021776510472761856,46.34546240190152,0.0026370044825156924,18.47784666630029,0.002637004482608063,1.7143347577075474e-06,42.15717954278432,1.533718818347296e-05,0.00014423911921923604,0.0001442391192085779,1.7053025658242404e-15,3.4106051316484808e-15,0.0,0.0,0.0,2.0888481959931534e-20,1.718507809471935e-13,8.526512829121202e-14,0.0
6241,primary,0.7000–0.8000,46.81818181818182,0,0,2026-09-20T20:39:10.616218+00:00,2026-09-20T20:52:30.270966+00:00,47.98515837499872,793.3185211249511,0.0604866230867196,54.94533329100523,799.654747624998,0.8619646669976646,1.2723259590566158,0.851224625017494,257408.21032315277,257408.2108031949,1.8649060557082927e-09,True,optimal,0.06871132004680114,51,4057,17,1349,True,6876,6880,0.0027951148295528583,1.5296018971429177,0.0031074671618626557,3.476440115464392,0.0015827125278349286,2.860053882614011e-07,4.9984035274293035,1.1260291513659482e-05,0.00014775333293037818,0.0001477533329250491,1.9554136088117957e-13,5.204725539442734e-14,0.0,0.0,0.0,4.361355929958162e-18,5.943448925832713e-13,2.984279490192421e-13,0.0
7545,primary,0.4001–0.5000,46.81818181818182,0,0,2026-09-20T20:40:22.938046+00:00,2026-09-20T20:40:38.445534+00:00,35.97572504202253,9.974780541961081,3.6066683262536783,41.819352083984995,15.507487791008316,0.8681191669893451,1.2555275000049733,0.835983833996579,236218.65764174543,236218.65377525316,-1.636827638615715e-08,True,optimal,2.696719974735885,51,4057,17,1349,True,6876,6880,0.0018861617190850666,0.5514808718865476,0.0007434382139432927,1.7775350392722686,0.0007434382138171713,2.0273621714750334e-06,1.861045495564312,1.8029786346795973e-05,0.00014163950946866066,0.0001416395094793188,9.947598300641402e-15,8.835598919176846e-14,0.0,0.0,0.0,0.0,1.0043219511243762e-13,2.842170943040401e-14,0.0
8361,primary,0.2000–0.3000,46.81818181818182,0,0,2026-09-20T20:40:39.598524+00:00,2026-09-20T20:41:01.049163+00:00,27.624762833002023,15.547529833042063,1.7767943287230794,34.08019195898669,21.450639458955266,0.8962533749872819,1.2562188750016503,0.8371695829555392,242068.84278167624,242068.84278165654,-8.139541211827608e-14,True,optimal,1.5887727740796467,51,4057,17,1349,True,6876,6880,3.2798624705066004e-08,0.00012629611762804416,2.8598279300240392e-09,0.0005186954619327278,2.859906089724973e-09,1.0402345651527867e-11,0.0006450037055003577,1.0197442890103048e-10,3.131733095074196e-09,3.1317313187173568e-09,9.974206477938377e-15,4.975974134956461e-15,0.0,0.0,0.0,0.0,9.63101248600308e-13,7.815970093361102e-13,0.0
7750,primary,0.3000–0.4001,46.90909090909091,0,0,2026-09-20T20:41:02.208889+00:00,2026-09-20T20:41:26.038004+00:00,30.100171458994737,18.438563250005245,1.6324575321228554,36.59925245802151,23.829115458996966,0.8473072090127971,1.2574484589858912,0.8395599159994163,299259.76703295094,299259.7666120402,-1.4065061865872922e-09,True,optimal,1.535904785093608,51,4057,17,1349,True,6876,6880,6.565432366301138e-05,0.5395051476299244,3.795415864438212e-05,0.657914076143971,3.7954158646158476e-05,2.1667824512405787e-07,0.9238985874579857,5.656379609142448e-07,5.491739603513679e-06,5.49173961417182e-06,1.1368683772161603e-15,1.1368683772161603e-15,0.0,0.0,0.0,2.2490051518055253e-16,3.335743309449291e-14,0.0,0.0
5474,primary,0.5000–0.5999,46.81818181818182,0,0,2026-09-20T20:41:27.202239+00:00,2026-09-20T20:42:01.810031+00:00,40.094342791999225,28.722869125020225,1.3959031257456593,46.458352124995145,34.60779129201546,0.8487348750059027,1.2553824589704163,0.835557458049152,196528.96427865775,196528.95938251703,-2.491307443431474e-08,True,optimal,1.3424246503622952,51,4057,17,1349,True,6876,6880,0.0027518403677504466,0.0143054573103516,1.0607845986538691e-05,0.0005692133203938354,1.060784608597487e-05,3.7703937891819805e-06,0.006683545257970991,3.876758706056194e-06,7.190363522546761e-05,7.190363521658583e-05,7.069900220812997e-15,2.881250793507206e-14,0.0,0.0,0.0,7.904118050899941e-16,5.500321267784374e-13,2.7000623958883807e-13,0.0
6347,primary,0.2000–0.3000,46.81818181818182,0,0,2026-09-20T20:52:31.542661+00:00,2026-09-20T20:52:54.095314+00:00,27.579365666999365,16.72181316599017,1.6493047370659504,33.503316958012874,22.55265316698933,0.8247799999953713,1.2244705420453101,0.8145938339876011,176395.21868421952,176395.21868421778,-9.899530386535593e-15,True,optimal,1.4855598900023081,51,4057,17,1349,True,6876,6880,7.450466910086107e-10,2.0646327115514396e-05,1.5166922154774467e-10,8.428336080701371e-05,1.4199486031429842e-10,1.0231815394945443e-12,0.0001049343059662533,4.667377595524158e-12,6.772360450213455e-11,6.772893357265275e-11,2.2737367544323206e-15,2.8180235922548036e-15,0.0,0.0,0.0,0.0,7.959499013121714e-13,3.979039320256561e-13,0.0
6940,primary,0.9001–0.9499,36.714285714285715,0,0,2026-09-20T20:42:02.967911+00:00,2026-09-20T20:43:08.329220+00:00,126.17041974999302,59.29529516596813,2.1278318861022743,133.02037812500203,65.36130887496984,0.8479454999906011,1.2696627079858445,0.8498192499973811,261146.83562687255,261146.83574548858,4.542120404638185e-10,True,optimal,2.035154748498959,51,4057,17,1349,True,6876,6880,0.0003171897279798941,0.003030932222380045,0.00036849662613029285,0.00013600129730662047,0.00035273017738290946,7.156231163207849e-08,0.0004427437866922901,6.267123557890386e-07,1.1138046630776444e-05,1.1138046630776444e-05,7.105427357601002e-15,1.7577050925865478e-14,0.0,0.0,0.0,1.8299083353188106e-16,1.6296233246436984e-12,8.100187187665142e-13,0.0
7009,primary,0.8000–0.9001,46.90909090909091,0,0,2026-09-20T20:43:09.490440+00:00,2026-09-20T20:44:55.306340+00:00,70.33705141699465,99.35841087502195,0.7079124031630112,76.22596154200437,105.81589999998687,0.8259910409979057,1.2704919999814592,0.8484685409930535,262489.1880062298,262489.1797872076,-3.131185040356507e-08,True,optimal,0.7203639674379165,51,4057,17,1349,True,6876,6880,0.05839079889392451,130.2317905543747,0.0546684184269246,84.85973192584115,0.05234290271882713,3.924691668544256e-06,215.10374082596636,0.00018048450765140167,0.007477276835516022,0.007477276835516022,8.668621376273222e-15,7.493894393917344e-14,0.0,0.0,0.0,6.9976110138483754e-15,1.5335693259450715e-12,7.673861546209082e-13,0.0
7196,primary,0.0999–0.2000,46.90909090909091,0,0,2026-09-20T20:44:56.460709+00:00,2026-09-20T20:45:16.691905+00:00,21.92874266699073,13.78921958396677,1.5902816351179208,29.212997750000795,20.231196332955733,0.796709665999515,1.316296458011493,0.8687832499854267,304603.90654091735,304603.90654098307,2.1574394733666041e-13,True,optimal,1.4439579977983854,51,4057,17,1349,True,6876,6880,3.15712327392248e-08,4.097289227900092e-06,9.98588755007088e-10,4.316765247835974e-05,9.986393934013904e-10,3.3310243452433497e-11,4.387040905839967e-05,4.261118125015173e-10,3.595062025851803e-09,3.595062025851803e-09,8.668621376273222e-15,4.078515303262975e-14,0.0,0.0,0.0,3.6295769147565235e-17,1.8887895940214797e-12,9.094947017729282e-13,0.0
4036,primary,0.9499–0.9899,29.428571428571427,0,0,2026-09-20T20:45:17.856611+00:00,2026-09-20T20:45:50.002715+00:00,163.937959459,25.744586499989964,6.367861432113657,170.80917620799983,32.14610420900863,1.0072150410001086,1.3149940840085037,0.8730187080218457,218250.01305360455,218250.01305360475,9.33456132930899e-16,True,optimal,5.313526488230952,51,4057,17,1349,True,6876,6880,6.087930159992538e-11,0.00015979864925164122,2.2524204723595176e-12,0.00032477897412005324,2.2168933355715126e-12,1.5927691633455056e-13,0.00048457833268145123,3.168576512280197e-13,2.9700686354772188e-12,2.9558577807620168e-12,1.7763568394002505e-15,2.4513724383723455e-15,0.0,0.0,0.0,4.067521097514287e-16,2.6551951083179237e-13,1.3145040611561853e-13,0.0
7778,primary,0.8000–0.9001,46.90909090909091,0,0,2026-09-20T20:45:51.169990+00:00,2026-09-20T20:46:17.345809+00:00,91.53981408299296,20.37509229197167,4.492731260857262,98.30680966700311,26.175819249998312,0.8797442080103792,1.3197473749751225,0.8790047080256045,271563.5343071849,271563.5375811527,1.2055991899946542e-08,True,optimal,3.7556344933505548,51,4057,17,1349,True,6876,6880,0.0035920401557518744,0.054014864702958576,0.00023559959292777775,0.44846950988533985,0.00023559959288377286,1.7450073528380017e-06,0.49848494361262397,1.8660228826572478e-05,0.0003016451850790247,0.00030164518508968285,3.8312464312184603e-13,6.853184686406166e-14,0.0,0.0,0.0,5.605772092308449e-16,1.2935227162395174e-12,7.247535904753022e-13,0.0
6455,primary,0.9899–1.0000,7.428571428571429,0,0,2026-09-20T20:52:55.260967+00:00,2026-09-20T21:01:20.313724+00:00,2615.6598697500012,499.0094113749801,5.2417044851774675,2622.3095470000117,505.05275670904666,0.8245051249978133,1.261319499986712,0.8437755420454778,260117.46921092184,260117.46917778422,-1.273948322600611e-10,True,optimal,5.1921497549822995,51,4057,17,1349,True,6876,6880,0.000528370692807506,1.0738199633360423,0.000506942538123667,1.3939642053303487,0.0005069425380952453,1.929475956785609e-08,1.7094895337898208,2.047212973810275e-06,1439.9999965504567,3.53443538188003e-05,1.2623513345744186e-14,1.1004530620084552e-14,0.0,0.0,0.0,5.668781473991673e-20,9.409291666833674e-13,4.689582056016661e-13,0.0
8344,primary,0.8000–0.9001,46.90909090909091,0,0,2026-09-20T20:46:18.513437+00:00,2026-09-20T20:47:02.443885+00:00,75.49352349998662,37.64084395801183,2.005627811751492,82.60323029200663,43.930447999970056,0.854472832987085,1.305914583033882,0.8642113329842687,300941.38433679246,300941.3843370232,7.667113260925331e-13,True,optimal,1.880318413599218,51,4057,17,1349,True,6876,6880,1.7223953818756854e-07,0.013173138818729058,1.8520252789402708e-07,0.004541954749011978,1.494941983537501e-07,1.949729266925715e-11,0.01771510492960715,1.173616759331253e-11,6.932545204563212e-09,6.932538099135854e-09,1.1368683772161603e-15,5.684341886080802e-16,0.0,0.0,0.0,0.0,4.072641652214424e-13,3.570839623989741e-08,0.0
6411,primary,0.9001–0.9499,36.714285714285715,0,0,2026-09-20T21:01:21.615317+00:00,2026-09-20T21:04:48.791885+00:00,97.36379379099526,200.82867124996847,0.4848102274690051,104.21897279200493,207.17656787502347,0.8468313750054222,1.1763232499943115,0.7931097919936292,239588.3437081558,239588.3432539507,-1.8957728964922625e-09,True,optimal,0.503044209395696,51,4057,17,1349,True,6876,6880,0.00010178194679610897,0.16869320906180452,0.002723410100005097,0.021916508917900757,0.0026932068844871537,1.9242639837102615e-07,0.18381685952949312,7.901991953662701e-06,0.00021386364830178195,0.00021386364829822924,1.269029326067539e-13,1.4342527165922546e-13,0.0,0.0,0.0,2.2464598299133323e-16,2.5112962619524334e-12,1.2505552149377763e-12,0.0
3447,primary,0.2000–0.3000,46.81818181818182,0,0,2026-09-20T20:47:03.595775+00:00,2026-09-20T20:47:27.393713+00:00,26.201637666999886,17.514236917020753,1.4960193693358408,32.16159625,23.797937125025783,0.8463126250026107,1.320093666028697,0.8781113750301301,224339.4122970113,224339.41229746753,2.0336669405005638e-12,True,optimal,1.35144471056607,51,4057,17,1349,True,6876,6880,8.281684677058365e-05,0.0013960901734577646,4.363049904036045e-06,0.012497116928620322,4.3630499035884895e-06,4.4508396968012676e-11,0.011100994937933706,1.3116440755744918e-07,3.5232849715516323e-06,3.5232849597832683e-06,2.6290081223123707e-15,1.5675238884682585e-14,0.0,2.6094746488070086e-06,3.701382514029759e-08,0.0,5.563452475639897e-13,2.8421709430404007e-13,0.0
3717,primary,0.4001–0.5000,46.81818181818182,0,0,2026-09-20T20:47:28.565190+00:00,2026-09-20T20:47:54.795484+00:00,34.41538749999745,20.4521799160284,1.6827246602219683,41.05535233299452,26.23029412497999,0.8537540000033914,1.3267968749860302,0.8814394169603474,274210.2100477033,274210.2109619509,3.3341121395811933e-09,True,optimal,1.5651884091492563,51,4057,17,1349,True,6876,6880,0.0008876857151562945,0.04387459795233184,4.8130663624079695e-05,0.0021813084695914142,4.8130663623777324e-05,5.284631470203749e-07,0.01708361855398266,1.3909202809303522e-05,0.00017024019859235295,0.00017024019859945838,2.5863755581667648e-14,8.15347789284715e-14,0.0,0.0,0.0,3.429475378161469e-17,1.2018001441834857e-12,6.004086117172847e-13,0.0
5057,primary,0.7000–0.8000,46.81818181818182,0,0,2026-09-20T20:47:55.962236+00:00,2026-09-20T20:48:32.948739+00:00,52.706695458007744,31.16942300001392,1.6909743711965475,59.470304166999995,36.98650350002572,0.8681721670000115,1.3122310829930939,0.8709429589798674,279934.9081314693,279934.9046891815,-1.2296743615475355e-08,True,optimal,1.607892029235979,51,4057,17,1349,True,6876,6880,0.00943644602978111,46.57189593120282,0.024376193178170524,4.871282838836105,0.02437619317811368,8.463501899313997e-08,51.441122613219775,0.0002265084258183947,0.004254778508634871,0.004254778508624213,2.6147972675971688e-14,1.0050626997326617e-13,0.0,0.0,0.0,3.75856132630963e-19,9.38434985102432e-13,7.673861546209082e-13,0.0
5684,primary,0.8000–0.9001,46.90909090909091,0,0,2026-09-20T20:48:34.120158+00:00,2026-09-20T20:49:28.044837+00:00,81.06482616699941,47.555145291029476,1.7046489012050396,87.29347599999892,53.92467908398248,0.8313153749986668,1.3108746249927208,0.8728202499914914,277867.97320976964,277867.97250362067,-2.541311134114412e-09,True,optimal,1.6188038108497178,51,4057,17,1349,True,6876,6880,0.0006438322197936941,7.310052583534635,2.1377938769715104e-05,1.0041649103333974,2.13779387721047e-05,3.3337568083879887e-07,8.314411016576514,4.895716412267603e-06,4.953110435224062e-05,4.953110436645147e-05,1.1368683772161603e-15,1.2434497875801752e-15,0.0,0.0,0.0,3.5259634718990326e-17,9.856783832608122e-14,0.0,0.0
7815,primary,0.4001–0.5000,46.81818181818182,0,0,2026-09-20T20:49:29.211465+00:00,2026-09-20T20:49:57.982446+00:00,33.1576142909762,22.563780583033804,1.4695061480924048,39.72244366700761,28.770981125009712,0.8546752090041991,1.311881583998911,0.8744830000214279,276898.54064941686,276898.5407558431,3.843510575401001e-10,True,optimal,1.3806426515110441,51,4057,17,1349,True,6876,6880,0.0005740692332665276,0.01296817541568629,7.079398359799427e-05,0.00020717760357769066,7.03974747580105e-05,5.2769507874472765e-08,0.0019607930687755015,3.6744479343653325e-06,4.761546115350512e-05,4.7615461141958804e-05,9.610090501155355e-15,5.751843445978011e-14,0.0,0.0,0.0,0.0,1.2365090759435633e-12,6.141549942217939e-13,0.0
5929,primary,0.9899–1.0000,7.428571428571429,0,0,2026-09-20T20:49:59.162262+00:00,2026-09-20T20:50:30.274568+00:00,375.1697132499976,24.797763916954864,15.129175134758198,381.2442923329945,31.11230641696602,0.8781024159980007,1.3156303750001825,0.8707172090071253,245306.5015625827,245306.50132281915,-9.774039941509294e-10,True,optimal,12.253810026925427,51,4057,17,1349,True,6876,6880,0.00014415551765978307,64.07170589057763,8.784676434636651e-05,58.865366586864546,8.784676435169558e-05,1.462967134102655e-07,62.80288560274981,1.3103507279232929e-06,1.4450467784143939e-05,1.4450467773485798e-05,5.684341886080802e-16,1.4210854715202004e-16,0.0,0.0,0.0,1.0639974010396781e-16,2.047693510251209e-13,1.0377457356977593e-13,0.0
3645,primary,0.5000–0.5999,46.81818181818182,0,0,2026-09-20T20:50:31.456310+00:00,2026-09-20T20:50:52.976068+00:00,39.554128916999616,15.749461541010533,2.5114591260154095,46.427557082999556,21.51975820795633,0.9234565420010767,1.3257306669838727,0.8646713339840062,267728.13562784734,267728.1361220872,1.8460512215996704e-09,True,optimal,2.157438602903738,51,4057,17,1349,True,6876,6880,0.00015550668433661485,0.0904467739776571,0.00013863941692626724,0.07478029595617386,0.00013863941692537907,2.5864270014608337e-07,0.13283847237795499,1.2439303987532568e-05,0.00011445720366332068,0.00011445720366509704,5.009326287108706e-15,1.6461276786117197e-14,0.0,0.0,0.0,4.192580242829897e-17,5.257424473526472e-13,2.6290081223123707e-13,0.0
4146,primary,0.0000–0.0999,46.81818181818182,0,0,2026-09-20T20:50:54.150695+00:00,2026-09-20T20:51:12.034805+00:00,19.376580500000273,11.52962829201715,1.6805902158542414,25.875579042000027,17.884110458020587,0.8501632500010601,1.3237615840043873,0.881111582973972,256343.01735169784,256343.0173516978,-1.1353471125294507e-16,True,optimal,1.4468474181446056,51,4057,17,1349,True,6876,6880,3.865352482534945e-12,8.348030711147203e-09,4.862045553492844e-13,3.6321617241652504e-10,4.862043927189585e-13,2.8842581530966635e-12,7.956820979870827e-09,1.2501111257279263e-13,1.3038459201197838e-12,1.3073986337985843e-12,2.1697051470206345e-14,1.5099033134902129e-15,0.0,0.0,0.0,1.8924939924653866e-14,1.4036374059583911e-13,7.016609515630989e-14,0.0
5561,primary,0.5000–0.5999,46.81818181818182,0,0,2026-09-20T20:51:13.202951+00:00,2026-09-20T20:51:42.919638+00:00,37.86571366700082,23.665114500035997,1.6000646718587912,44.59122095800558,29.716687166015618,0.8182673750052345,1.3307696250267327,0.8796171660069376,300337.1008796902,300337.09209288657,-2.9256470844149126e-08,True,optimal,1.500544818771073,51,4057,17,1349,True,6876,6880,1.5575607282983128,25.15785451491289,1.5176944950214235,11.054645402366933,1.5176944950214235,5.477147624333156e-09,27.389156591109483,0.00022286246717295732,0.05713627672560584,0.05713627672560051,4.7606363295926715e-15,2.083666572616494e-14,0.0,0.0,0.0,5.3295105365088933e-20,4.475778539567328e-13,2.2737367544323206e-13,0.0
7276,primary,0.5999–0.7000,46.90909090909091,0,0,2026-09-20T20:51:44.094298+00:00,2026-09-20T20:52:31.642547+00:00,41.685982666997006,40.847167458967306,1.0205354559498483,48.0306477919803,47.548248500039335,0.8578624999790918,1.3367915420094505,0.8907609580201097,255825.68636928406,255825.68600774615,-1.413219740353459e-09,True,optimal,1.010145469226707,51,4057,17,1349,True,6876,6880,0.012900474608045442,0.102402068367482,0.01516998816347126,0.013645606225152207,0.015169988163506787,2.2801833665653248e-07,0.10129401306923569,6.125310930915617e-06,0.000253543296642178,0.0002535432966510598,1.9113599591946695e-14,5.4298787688367154e-14,0.0,0.0,0.0,3.490545272171424e-17,5.91993630765647e-13,2.984279490192421e-13,0.0
6899,primary,0.8000–0.9001,46.90909090909091,0,0,2026-09-20T20:52:32.802416+00:00,2026-09-20T20:52:57.831241+00:00,76.96762175000913,19.23176150000654,4.0021098301360984,83.72904279199429,25.028824708017055,0.8998884589964291,1.2350378339760937,0.8101152500021271,212233.42876942843,212233.4287707938,6.433374374451436e-12,True,optimal,3.345304614530094,51,4057,17,1349,True,6876,6880,6.291549762948989e-05,0.031115145311781056,7.609352460136165e-05,0.004593940544284525,7.609352462623065e-05,4.644107320928015e-11,0.0314537536762316,2.4818354094069406e-06,2.7495545003475286e-05,2.7495544998146215e-05,6.1106675275368615e-15,2.0321522242738864e-14,0.0,0.0,0.0,0.0,1.007557996453648e-12,5.044853423896711e-13,0.0
7033,primary,0.9899–1.0000,7.428571428571429,0,0,2026-09-20T20:52:58.997669+00:00,2026-09-20T20:55:55.921013+00:00,668.4880832089984,171.77797920804005,3.8915819495081703,674.822377000004,176.92334375000792,0.8407409159990493,1.2719446659903042,0.8352888750378042,256026.9107640713,256026.91382224165,1.1944722285830829e-08,True,optimal,3.814207682811635,51,4057,17,1349,True,6876,6880,0.108539273972724,237.22230395419672,0.10203920375373521,64.50103045581145,0.10203920375374764,1.4716329133079853e-07,182.67375277208814,0.00012124285048531469,0.011283006242152283,0.011283006242138072,9.265477274311706e-14,9.156231328688591e-14,0.0,0.0,0.0,2.153773152915377e-17,2.203943072557864e-12,1.0942358130705543e-12,0.0
7306,primary,0.2000–0.3000,46.81818181818182,0,0,2026-09-20T20:55:57.093796+00:00,2026-09-20T20:56:18.537242+00:00,29.321494875010103,15.159708458988462,1.9341727417999828,35.75973762499052,21.443446125020273,0.8924562909814995,1.2481489169877023,0.841762124968227,212116.40585700158,212116.40656986524,3.3607191367187113e-09,True,optimal,1.6676301661823825,51,4057,17,1349,True,6876,6880,0.0033308716500073388,0.2688908465110864,0.003612384148232839,1.263792991174076,0.0036123841482407215,4.1475499301668606e-07,1.2710705949733097,1.5738753385008408e-06,0.00012727987244787187,0.00012727987245853,3.865352482534945e-14,5.805467218067406e-14,0.0,0.0,0.0,0.0,4.406171472603679e-13,3.318234575999668e-11,0.0
7366,primary,0.0000–0.0999,46.81818181818182,0,0,2026-09-20T20:56:19.711204+00:00,2026-09-20T20:56:36.459243+00:00,19.354805000009947,10.60467620799318,1.825119845283106,26.128452458011452,16.748039083031472,0.8488155420054682,1.2515440419665538,0.8370278329821303,309368.2018240959,309368.2018240922,-1.2041606979957436e-14,True,optimal,1.5600902486837331,51,4057,17,1349,True,6876,6880,1.8328591977478936e-09,6.673954544567096e-08,1.6402882634515385e-09,2.2626622708799005e-07,1.640273694647476e-09,7.313048670261814e-12,2.7067113705925294e-07,1.8050005934355795e-11,1.588773557159584e-10,1.588773557159584e-10,7.176481631177012e-15,1.6626700016786343e-14,0.0,0.0,0.0,6.821613020644899e-14,6.758061958081398e-13,3.410605131648481e-13,0.0
5539,primary,0.0999–0.2000,46.90909090909091,0,0,2026-09-20T20:56:37.632533+00:00,2026-09-20T20:56:57.901137+00:00,24.904758791999484,14.10310445795767,1.7659061425973475,31.709714625001652,20.268603959004395,0.8598128749945317,1.2746155830100179,0.8397593750269152,303025.03111934767,303025.0311196955,1.147921610085998e-12,True,optimal,1.5644745286423394,51,4057,17,1349,True,6876,6880,9.722685945234844e-08,0.7372018336078341,9.783428817460569e-08,7.944175199879574,9.783428822629503e-08,8.37495764436507e-10,8.681377030287592,3.537370396600181e-11,3.4434179951858823e-09,3.443403784331167e-09,8.028244735669432e-14,8.744116541947733e-15,0.0,0.0,0.0,7.005282286414283e-12,2.842170943040401e-14,0.0,0.0
8297,helper,0.0000–0.1636,9.0,1,0,2026-09-20T20:56:59.075765+00:00,2026-09-20T20:57:27.659586+00:00,38.399621624994325,22.871369250002317,1.6789384669214955,136.32381770800566,28.583820750005543,0.8468753749912139,1.2674200829933397,0.8369803749956191,330590.286142122,330588.79893658403,-4.4986365308024466e-06,True,optimal,4.769265064327666,51,4057,17,1349,True,6876,6880,37.21128368246826,9.726005965396475,57.57326545081375,9.716171762203754,57.573265450813665,2.842170943040401e-14,9.808220025312185,0.0013269033873977154,0.42443891727398864,0.42443891727398864,1.1368683772161603e-15,5.684341886080802e-16,0.0,0.0,0.0,1.7355189244829956e-21,8.526512829121202e-14,5.866546635144906e-14,0.0
4660,primary,0.2000–0.3000,46.81818181818182,0,0,2026-09-20T20:57:28.834344+00:00,2026-09-20T20:57:57.358160+00:00,28.57029662500281,22.284372374997474,1.2820776885355762,35.01181191700016,28.523815666965675,0.8463017500034766,1.269332374969963,0.8415570830111392,212873.03364738857,212873.0346689501,4.7989241073718455e-09,True,optimal,1.2274589180418956,51,4057,17,1349,True,6876,6880,0.0331904598208439,35.59015086691139,1.4566087847013466e-05,11.719792071888982,1.4566078448297048e-05,7.271409572240373e-07,47.31294118933465,5.527451979014941e-06,0.0005736271710814478,0.0005736271710929941,1.162930107165847e-14,8.5087492607272e-15,0.0,0.0,0.0,4.5069392032176295e-15,5.0786583563557e-12,6.30961949354969e-12,0.0
4884,primary,0.3000–0.4001,46.90909090909091,0,0,2026-09-20T20:57:58.531832+00:00,2026-09-20T20:58:25.112661+00:00,31.219934458000353,20.698101082991343,1.508347762571095,38.153368459003104,26.58082891703816,0.8297201250024955,1.3115059579722583,0.8614623749745078,171775.83477966394,171775.83477966362,-1.863720443767399e-15,True,optimal,1.4353716574484632,51,4057,17,1349,True,6876,6880,6.5117262693092925e-09,0.0001217468571610425,1.575450880864082e-11,0.00047581998200030284,1.5688783605583012e-11,2.2737367544323206e-13,0.0005975669779942905,7.427725101649685e-11,7.642491084425274e-10,7.642597665835638e-10,1.2363443602225743e-14,3.449684982115287e-14,0.0,0.0,0.0,0.0,7.259554116428434e-13,3.552713678800501e-13,0.0
8386,primary,0.0000–0.0999,46.81818181818182,0,0,2026-09-20T20:58:26.291077+00:00,2026-09-20T20:58:40.631890+00:00,14.451820834015962,8.651796666963492,1.6703837815791036,20.4991232920147,14.340812999987975,0.8589982500125188,1.3078458329546265,0.8733054579934105,245446.23604828428,245446.23605431453,2.4568539163860048e-11,True,optimal,1.4294254650717424,51,4057,17,1349,True,6876,6880,2.9081589900670224e-06,0.5609403021427255,3.124384530181157e-06,0.05736520167196696,3.1243845342032728e-06,2.9307329896255396e-09,0.5845600189539581,1.243110014925719e-08,1.0933240801591637e-07,1.0933240446320269e-07,1.1368683772161603e-15,5.335640794000192e-16,0.0,0.0,0.0,0.0,6.394884621840902e-14,1.4210854715202004e-14,0.0
4337,primary,0.5999–0.7000,46.90909090909091,0,0,2026-09-20T20:58:41.817203+00:00,2026-09-20T20:59:26.950227+00:00,41.48569458299971,38.50857879198156,1.0773104561220022,48.451021125001716,45.13302400003886,0.8989557919994695,1.3236882500350475,0.8723965410026722,287793.306029686,287793.30575585115,-9.514983497674987e-10,True,optimal,1.07351594976131,51,4057,17,1349,True,6876,6880,0.000934333605869142,0.019405156392927836,0.0012409050005643962,0.009128754824605068,0.0012409050005999234,1.6237788713624468e-07,0.01886178339127298,4.881425426317421e-06,0.00011598381395572233,0.00011598381394151147,1.2008172234345693e-14,3.04822833641083e-14,0.0,0.0,0.0,3.32805030709722e-18,3.214366474745922e-12,4.405364961712621e-13,0.0
4417,primary,0.7000–0.8000,46.81818181818182,0,0,2026-09-20T20:59:28.122715+00:00,2026-09-20T21:01:25.277527+00:00,55.697670542002015,110.63440079201246,0.5034389859146167,62.26609829199879,117.15481195802568,0.8541950420003559,1.3313270419603214,0.8821092500002123,238859.0014591281,238859.00222423754,3.2031844311916134e-09,True,optimal,0.5314856236063743,51,4057,17,1349,True,6876,6880,0.0001995234420064662,53.202624276881934,6.809899907622707e-05,13.885161094970304,6.809899912241235e-05,4.6354011828952935e-07,67.08672795211446,2.480098813362197e-05,0.00026884729135190355,0.00026884729135190355,1.6766144028679265e-13,4.0281777913264707e-13,0.0,0.0,0.0,6.799199697588454e-19,1.3350666431481261e-12,1.0321010403746209e-12,0.0
8606,primary,0.5000–0.5999,46.81818181818182,0,0,2026-09-20T21:01:26.451681+00:00,2026-09-20T21:01:56.335762+00:00,37.75000312499469,24.475370416999795,1.5423669787965608,44.4887254589994,29.884080666990485,0.8489570829842705,1.2612069169990718,0.8463518749922514,298563.690963251,298563.69137507526,1.379351466685784e-09,True,optimal,1.4887098570892625,51,4057,17,1349,True,6876,6880,4.038542022044567e-05,0.003665463280185577,4.3114003395754294e-05,0.0002224630250848847,4.235203107327834e-05,1.9782982008109684e-07,0.0008835360154648697,6.890033816819852e-07,7.227661054542978e-06,7.227661058095691e-06,8.142819751810749e-14,4.388933660948169e-14,0.0,0.0,0.0,0.0,1.3775098954300208e-12,2.4818972628481463e-12,0.0
5840,primary,0.2000–0.3000,46.81818181818182,0,0,2026-09-20T21:01:57.517378+00:00,2026-09-20T21:02:18.992152+00:00,28.566876666998724,15.834991041047033,1.8040349118574455,35.784815166989574,21.474773333000485,0.9152798750001239,1.2567036250256933,0.8373762090341188,170741.85340026548,170741.85340020165,-3.738081725164041e-13,True,optimal,1.6663652096387307,51,4057,17,1349,True,6876,6880,2.9904367693234235e-07,9.199335751830517e-06,3.6059110478550395e-10,4.650588663057675e-06,3.609130772019853e-10,3.745981302927248e-11,5.119307530776496e-06,2.0106316611645525e-09,1.909957880741331e-08,1.9099587689197506e-08,9.698908343125367e-15,6.686207143502543e-14,0.0,0.0,0.0,0.0,1.5528934610648318e-12,1.0942358130705543e-12,0.0
7492,primary,0.7000–0.8000,46.81818181818182,0,0,2026-09-20T21:02:20.160845+00:00,2026-09-20T21:03:07.745810+00:00,51.61549129098421,41.58041950000916,1.241341283028009,58.73714295899845,47.58496424998157,0.8536622079845984,1.250602834043093,0.8352734170039184,250038.24971702392,250038.2494712394,-9.829877070315448e-10,True,optimal,1.2343634987394405,51,4057,17,1349,True,6876,6880,0.00036337844954914544,0.003248858906061969,0.00039504792672140354,0.0025666042787548804,0.00039504792675870704,1.4526810332426976e-07,0.005443159439209921,6.360318263176623e-07,1.1750886390160531e-05,1.1750886386607817e-05,1.1368683772161603e-15,1.542654892716655e-15,0.0,0.0,0.0,1.0365813745948778e-19,1.6591707196851797e-12,8.29558643999917e-13,0.0
3482,primary,0.9499–0.9899,29.428571428571427,0,0,2026-09-20T21:03:08.929702+00:00,2026-09-20T21:04:54.813440+00:00,176.0128964999967,100.28811766696163,1.7550722916597472,182.57619612499911,105.88373762497213,0.8554978329993901,1.290377500001341,0.8547693750006147,254771.00313322849,254771.00299001293,-5.621344393117425e-10,True,optimal,1.7243081914208842,51,4057,17,1349,True,6876,6880,1.3491510571839171e-05,149.3735502959061,5.426080890325036e-06,103.35465971914407,5.42608089060953e-06,7.110367050700006e-08,252.72925836436386,2.0733815879303563e-05,0.0003311036721385108,0.0003311036721242999,1.3358203432289883e-14,8.258282946371765e-14,0.0,0.0,0.0,1.6779021326754193e-15,8.444603455631632e-13,4.192202140984591e-13,0.0
6937,primary,0.5000–0.5999,46.81818181818182,0,0,2026-09-20T21:04:49.966767+00:00,2026-09-20T21:05:29.363086+00:00,36.59814879199257,33.95324345800327,1.0778984587219416,42.70182637499238,39.39631866698619,0.8201429170003394,1.2454137500026263,0.829573416034691,280167.452966749,280167.4525500809,-1.4872110501606645e-09,True,optimal,1.083903974276058,51,4057,17,1349,True,6876,6880,0.0023924433301090176,38.19994654141592,0.002372975211425654,5.079941867470453,0.002372975211528683,7.413677849399392e-08,41.776333902859264,2.3578315120564852e-05,0.00037898301957639546,0.00037898301957284275,2.2737367544323206e-15,5.949463144361289e-14,0.0,0.0,0.0,6.7217223732039485e-18,4.42769862119936e-13,2.2737367544323206e-13,0.0
8285,primary,0.9001–0.9499,36.714285714285715,0,0,2026-09-20T21:04:55.982929+00:00,2026-09-20T21:07:44.594093+00:00,94.18347795799491,163.29174783400958,0.5767803897459345,100.78603420799482,168.61116445803782,0.8804978329862934,1.281999790982809,0.8434497910202481,266042.4673760942,266042.46718854835,-7.04947003433318e-10,True,optimal,0.5977423531350878,51,4057,17,1349,True,6876,6880,0.00013690666162347043,85.94991185886775,4.7647958009018577e-07,80.41179332252261,4.764795846767811e-07,3.854381702694809e-09,91.88734616388129,5.993272792159665e-05,0.0009500339417698456,0.0009500339417627401,7.958078640513123e-15,5.31930055558405e-14,0.0,0.0,0.0,6.537514174992922e-20,3.6119219657926814e-13,1.8120834693879928e-13,0.0
7587,primary,0.9499–0.9899,29.428571428571427,0,0,2026-09-20T21:05:30.532698+00:00,2026-09-20T21:06:06.124377+00:00,175.02434258299763,29.599344499991275,5.913115494265396,181.41316916700453,35.591678874974605,0.8119631670124363,1.2734964580158703,0.836946249997709,263220.9611155226,263220.960742859,-1.4157824072174422e-09,True,optimal_inaccurate,5.097066924105135,51,4057,17,1349,True,6876,6880,0.07289796826455586,120.01147279634091,0.06729378398939367,134.56557816765758,0.06729378398939545,4.509184918788378e-07,215.85709227867,6.704869473450614e-05,0.007357371616350861,0.0073573716163650715,1.1368683772161603e-15,8.060219158778636e-16,0.0,0.0,0.0,0.0,5.3921549890281765e-14,0.0,0.0
5151,primary,0.2000–0.3000,46.81818181818182,0,0,2026-09-20T21:06:07.310965+00:00,2026-09-20T21:06:38.106321+00:00,29.549635458999546,24.60468408401357,1.2009760157090927,35.73489404199063,30.79535558295902,0.8955424169980688,1.2697594999917783,0.8389855829882436,202901.44203805117,202901.4414120078,-3.0854554411428486e-09,True,optimal,1.1603988122730091,51,4057,17,1349,True,6876,6880,0.00010843766659718312,0.16681209015973764,5.515365979591431e-06,0.16718443714887454,5.515365970154562e-06,3.8041952166167903e-07,0.13534890610714,9.175054005883254e-06,0.00010926880674144712,0.00010926880673878259,9.094947017729283e-15,6.021849685566849e-14,0.0,0.0,0.0,0.0,1.0544250206041134e-12,4.973799150320701e-13,0.0
5108,primary,0.9899–1.0000,7.428571428571429,0,0,2026-09-20T21:06:39.278802+00:00,2026-09-20T21:09:03.234658+00:00,328.8829275419994,138.49523220799165,2.374687722448699,335.67539925000165,143.9558561249869,0.9614331670018146,1.2707595419487916,0.8434300419758074,270428.19959152915,270428.1965075545,-1.1404042372534617e-08,True,optimal,2.3317939838345856,51,4057,17,1349,True,6876,6880,0.0001701500577837578,13.942082161482773,0.00010600222311474283,49.7046398164121,0.00010600222311296648,1.7429282479497488e-06,50.4903526898216,7.727792304956793e-06,7.119672428501644e-05,7.119672429212187e-05,1.1368683772161603e-15,9.769962616701378e-16,0.0,0.0,0.0,1.5693347846285524e-14,5.263826619592363e-14,0.0,0.0
4730,primary,0.8000–0.9001,46.90909090909091,0,0,2026-09-20T21:09:04.422186+00:00,2026-09-20T21:09:35.430479+00:00,86.12362883299647,25.506011666962877,3.376601169854778,92.81101050000143,31.00829387496924,0.8419605419985601,1.2524021670105867,0.8278897079871967,223604.56780701864,223604.56798341862,7.888925393905216e-10,True,optimal,2.9931027767677687,51,4057,17,1349,True,6876,6880,0.002331749274617323,43.06925761659265,0.0007779745275175998,22.751514341801727,0.0007779745275229288,8.498864190187305e-08,53.00696898367923,2.867462942224286e-05,0.0005087336631781625,0.0005087336631675043,1.1368683772161603e-15,4.09588255361329e-15,0.0,0.0,0.0,4.62049287285953e-18,1.2789769243681803e-13,3.2526065174565133e-19,0.0
6269,primary,0.7000–0.8000,46.81818181818182,0,0,2026-09-20T21:07:45.777622+00:00,2026-09-20T21:08:36.987909+00:00,54.24193837499479,45.32487091701478,1.1967367424897084,59.962608041998465,51.21028729103273,0.8302312919986434,1.26423812500434,0.831378125003539,238327.9786502445,238328.04185836343,2.6521484923037204e-07,True,optimal_inaccurate,1.1709094249213152,51,4057,17,1349,True,6876,6880,0.033810994314421805,170.29161395522922,0.027519816855962498,227.4837340900191,0.027519816855964052,4.638422979041934e-09,345.1820149831841,0.0009399454080554204,0.00741054185100154,0.007410541851015751,5.684341886080802e-16,1.4210854715202004e-16,0.0,0.0,0.0,0.0,5.3290705182007514e-14,0.0,0.0
3258,primary,0.9899–1.0000,7.428571428571429,0,0,2026-09-20T21:08:38.170181+00:00,2026-09-20T21:09:53.359429+00:00,893.6137925829971,68.90293537499383,12.96916869679991,901.086647707969,75.18924766697455,0.8770909580634907,1.2566160410060547,0.8380367920035496,285099.9217847789,285099.9217267573,-2.0351310746878201e-10,True,optimal,11.984248754543053,51,4057,17,1349,True,6876,6880,0.00020676831888977176,2.129340649924017,0.00028698158408246854,1.4479074587338474,0.00016380493320866663,2.5299243588960962e-08,3.3780235520915696,3.048368278246727e-06,1.914365242861038e-05,1.914365242328131e-05,2.7391422463551862e-14,4.998668146072305e-14,0.0,0.0,0.0,9.859461173658195e-20,2.8555166450795408e-12,1.4210854715202004e-12,0.0
7637,primary,0.3000–0.4001,46.90909090909091,0,0,2026-09-20T21:09:36.618781+00:00,2026-09-20T21:10:07.706125+00:00,31.062618291995022,25.645774208998773,1.2112178029351732,37.30287083299481,31.08734391600592,0.8626356250024401,1.266417667036876,0.8384777500177734,239076.76841328706,239076.76885654926,1.8540579937008204e-09,True,optimal,1.1999375351520047,51,4057,17,1349,True,6876,6880,0.0001397778684122386,5.760323748806087,0.0001410020591630654,5.795707131697311,0.00014100205920360154,2.5753990939847426e-07,9.688198320095097,1.4381379787042903e-06,1.7097175817326615e-05,1.7097175827984756e-05,2.2026824808563106e-15,1.2163603457793215e-14,0.0,0.0,0.0,2.1804491055359742e-14,1.9982707098720708e-12,9.947598300641403e-13,0.0
6458,helper,0.8364–1.0000,9.0,6,3,2026-09-20T21:09:54.551019+00:00,2026-09-20T21:25:53.046425+00:00,125.90236895802082,36.128480415965896,3.484850940544459,2338.0471229169925,958.4954059580341,0.9724511250096839,1.2923877090215683,0.8571657079737633,227697.92596597318,227697.90309384628,-1.0044943008172008e-07,True,optimal,2.439288814931847,51,4057,17,1349,True,6876,6880,0.3835567872944807,139.95816434448423,0.467829128761295,206.03665610036472,0.4678291287613092,3.221075701276277e-06,60.50799144686488,0.00036416221259139014,0.010000017345426215,0.01000001734541911,1.5916157281026246e-14,7.73336950032899e-14,0.0,0.0,0.0,4.619859880423026e-16,2.5562848719577497e-13,1.2789769243681803e-13,0.0
8388,primary,0.3000–0.4001,46.90909090909091,0,0,2026-09-20T21:10:08.893442+00:00,2026-09-20T21:10:32.754115+00:00,30.81440395800746,17.52284516597865,1.7585274346790973,36.89678629199625,23.860672499984503,0.8964752079918981,1.2490581659949385,0.8398095419979654,262018.9510523043,262018.95105231262,3.176753237579468e-14,True,optimal,1.5463431004310635,51,4057,17,1349,True,6876,6880,2.890033101721201e-09,1.2377819686548719e-05,2.7761350721499864e-09,5.090969776133658e-05,2.7761344334464866e-09,4.092726157978177e-12,6.329444724428868e-05,7.706812965579957e-11,1.195516574625799e-09,1.1955307854805142e-09,1.1226575225009583e-14,6.121769757783113e-14,0.0,0.0,0.0,0.0,8.186422900517427e-13,1.0231815394945443e-12,0.0
3684,primary,0.5999–0.7000,46.90909090909091,0,0,2026-09-20T21:10:33.943729+00:00,2026-09-20T21:11:06.202720+00:00,44.13984941699891,26.05214587500086,1.6942884332363064,51.43898945799447,32.2589907500078,0.8575665410025977,1.2631017079693265,0.8378556669922546,202220.8489826177,202220.84872186487,-1.2894458252059016e-09,True,optimal,1.594562888114596,51,4057,17,1349,True,6876,6880,0.0009528894825621137,0.010140295899468299,9.486030705646071e-06,0.011165444060802998,9.48602979633506e-06,1.4782665402890416e-07,0.010494387342674827,9.411303040884889e-06,8.454924223944005e-05,8.45492422456573e-05,9.173106718662894e-14,1.9772627979364188e-13,0.0,0.0,0.0,0.0,1.4660704833295568e-12,7.389644451905042e-13,0.0
8668,primary,0.8000–0.9001,46.90909090909091,0,0,2026-09-20T21:11:07.391665+00:00,2026-09-20T21:12:48.507856+00:00,66.90930245898198,95.07916725001996,0.7037220076090637,73.44270991598023,101.11619054095354,0.846568707987899,1.2553650829941034,0.8366291249985807,262844.4971795303,262844.55720599636,2.283725422281107e-07,True,optimal,0.7263199841991165,51,4057,17,1349,True,6876,6880,5.5134666610355225,148.8766573914863,5.814745523651393,48.1214421809326,5.814745523651368,5.838570018568134e-07,196.33873709112675,0.00030760254902539863,0.10504600518431317,0.10504600518430607,1.375610736431554e-13,1.0442313680414372e-13,0.0,0.0,0.0,3.790835505250576e-15,2.471935782693939e-12,1.2363443602225743e-12,0.0
7519,primary,0.0000–0.0999,46.81818181818182,0,0,2026-09-20T21:12:49.700802+00:00,2026-09-20T21:13:06.413376+00:00,20.350573584000813,11.386695167049766,1.7872238858988918,27.37303645798238,16.712574041972402,0.91236650000792,1.2654442499624565,0.8481343330349773,244513.0495989377,244513.0495989378,3.570831557391873e-16,True,optimal,1.6378707665998673,51,4057,17,1349,True,6876,6880,3.130196546408115e-09,0.2736562483049596,2.9483437913313537e-09,1.380388090566404,2.9483331331903173e-09,1.1368683772161603e-13,1.6540443396382756,3.623989996981436e-12,3.346372068335768e-10,3.346372068335768e-10,1.1368683772161603e-15,7.371880883511039e-16,0.0,0.0,0.0,0.0,8.08242361927114e-14,1.4210854715202004e-14,0.0
7765,primary,0.8000–0.9001,46.90909090909091,0,0,2026-09-20T21:13:07.598493+00:00,2026-09-20T21:13:52.918116+00:00,58.774635124980705,39.90020024997648,1.4730411064795434,65.08839970800909,45.31962262495654,0.8546101670071948,1.2549234170001,0.8381169159547426,261353.8642255956,261353.86422558012,-5.924242922085704e-14,True,optimal,1.4362078926969333,51,4057,17,1349,True,6876,6880,2.7371072519599693e-08,0.005900865450200854,2.699838972746143e-08,0.0018928519142529243,2.699839285469352e-08,7.673861546209082e-12,0.004942826953858059,5.7754245830210493e-11,6.323475076897012e-10,6.323546131170588e-10,1.1368683772161603e-15,1.4210854715202004e-16,0.0,0.0,0.0,0.0,3.6895518754383504e-13,1.8474111129762605e-13,0.0
7722,primary,0.5999–0.7000,46.90909090909091,0,0,2026-09-20T21:13:54.114583+00:00,2026-09-20T21:14:32.264439+00:00,45.87420658298652,32.86070933303563,1.3960199738253403,52.93932662499719,38.14985595800681,0.8728019169939216,1.2646363329840824,0.8319093330064788,315414.8015649991,315414.80253002874,3.0595572456715017e-09,True,optimal,1.3876677983599672,51,4057,17,1349,True,6876,6880,0.0008620936623344733,0.0075074301863367054,0.001256400984204653,0.1927727119510152,0.0012564009841753432,4.911264568363549e-07,0.1961777170398591,1.328826956470408e-06,2.8915563655473875e-05,2.8915563660802945e-05,2.4016344468691386e-14,8.494538406011998e-14,0.0,0.0,0.0,2.0022938446014143e-16,9.369399787267918e-13,4.689582056016661e-13,0.0
5349,primary,0.7000–0.8000,46.81818181818182,0,0,2026-09-20T21:14:33.464052+00:00,2026-09-20T21:15:10.541148+00:00,50.40791295799863,31.505460209038574,1.599973865594801,56.07129499999428,37.07709545799298,0.8068181670023478,1.2569560839910991,0.8268641249742359,263239.1165444821,263239.11848267796,7.362871697655682e-09,True,optimal_inaccurate,1.512289307114713,51,4057,17,1349,True,6876,6880,0.30690194656949643,38.90343585224281,0.31921621572392667,13.376438498301352,0.3192162157239262,7.541417794549673e-14,37.946098772669345,0.00010403819482052157,0.011637706039621776,0.011637706039607565,1.4210854715202005e-15,6.217248937900876e-16,0.0,9.549694368615746e-12,1.274101022217009e-13,4.8266565516960884e-20,1.0284204217644414e-13,9.86623976961809e-18,0.0
