iteration,timestamp,shard,initial_soc_l1_mwh,first_battery_departure_mw,hours,no_reset,endpoint_movement_l1_mwh,dc_endpoint_movement_l1_mwh,dc_throughput_mwh,ac_throughput_mwh,excess_throughput_mwh,planned_charge_mwh,planned_discharge_mwh,max_planned_soc_excursion_l1_mwh,first_fleet_power_mw,second_fleet_power_mw,third_fleet_power_mw,clean_round_trip,archive_path,archive_sha256,controller
3760,2025-06-06 16:00:00+00:00,shard-005,0.0005487111909304176,220.07390863963298,3,True,21.655348106325178,21.654988058880733,21.654994892815,462.34701901766834,440.6916709113432,220.3458481444005,242.00117087326788,222.64593045521542,-220.07390964264573,2.028151369325613,239.7010810021875,False,/Users/bmeyers/github/cvxopf/experiments/case118_annual_hierarchy/results/s4b_annual_ac/shard-005/window-003760-f14e13ddd3d02e43.json.gz,f9ed8c47d06dea1473d6fd0031ecf2d4ef0e710431bff2d41ab592a7b9772836,ac-3760-00-primary_controlling
4504,2025-07-07 16:00:00+00:00,shard-006,5.0184289100529966e-05,219.51862828105894,3,True,21.655025014966625,21.654977615832017,21.65497761583204,461.79888657509565,440.14386156012904,220.07193078006466,241.72695579503102,224.24174324485745,-219.5186150782689,3.6164967629969715,237.5571433302383,False,/Users/bmeyers/github/cvxopf/experiments/case118_annual_hierarchy/results/s4b_annual_ac/shard-006/window-004504-speculative.json.gz,c9dbfb4eca0b0455a697f1cbbe70c0451cc3e4fbe1c04325023612d4e9629cda,s4b-shard-006/ac-004504/spec-v1-00
4840,2025-07-21 16:00:00+00:00,shard-006,8.576491228495797e-05,214.67781620405233,3,True,21.65508285715839,21.655021853170837,21.655021853170826,451.0102203712015,429.3551375140431,214.67757397812974,236.33264639307185,221.46584675313028,-214.6773136960497,6.788015889523303,229.5443702214685,False,/Users/bmeyers/github/cvxopf/experiments/case118_annual_hierarchy/results/s4b_annual_ac/shard-006/window-004840-speculative.json.gz,b374bc545ae0826edf6c882f8a052815cf0fa665253a978d85689166e7af54db,s4b-shard-006/ac-004840/spec-v1-00
4552,2025-07-09 16:00:00+00:00,shard-006,3.192767733317843e-05,211.7774609839771,3,True,0.0038133649959821983,0.0038008998836040206,0.0038085343676199225,424.3699418346896,424.3661284696936,212.1830729562565,212.18686887843316,212.1868592853755,-211.7700363799439,-0.4092398413608469,212.18307214348144,False,/Users/bmeyers/github/cvxopf/experiments/case118_annual_hierarchy/results/s4b_annual_ac/shard-006/window-004552-speculative.json.gz,e3bc61b3849b3601f5f677d4c11e2dc39af76a9f1aed434566c1bb80a997ca35,s4b-shard-006/ac-004552/spec-v1-00
3400,2025-05-22 16:00:00+00:00,shard-004,3.946289473977238e-05,207.48035961591768,3,True,8.42074623533251e-05,4.9591044623820135e-05,5.376396081984495e-05,415.7311532910452,415.73106908358284,207.86558976361317,207.865563527432,207.86557352560877,-207.4803796567729,-0.3851938688352115,207.86554728942693,True,/Users/bmeyers/github/cvxopf/experiments/case118_annual_hierarchy/results/s4b_annual_ac/shard-004/window-003400-speculative.json.gz,4cfcbddb3c17676a22680751bea8a8be7acdce39592cf0bfa2e9785d25c967bd,s4b-shard-004/ac-003400/spec-v1-00
3544,2025-05-28 16:00:00+00:00,shard-004,2.272603300629713e-05,202.63361085595776,3,True,6.861983943419608e-05,5.3118929568127376e-05,5.7561750591632454e-05,405.2675257398369,405.26745711999746,202.63378049607428,202.6337452437627,202.63376598737523,-202.63362990298887,-0.0001326040736611825,202.63372725475094,True,/Users/bmeyers/github/cvxopf/experiments/case118_annual_hierarchy/results/s4b_annual_ac/shard-004/window-003544-speculative.json.gz,c93d483be20574a05ba754c89adb34c304e29f5809c84a2cfa4b043107839c9a,s4b-shard-004/ac-003544/spec-v1-00
5200,2025-08-05 16:00:00+00:00,shard-006,0.00013664560635039038,200.4111718104763,3,True,0.0005129200777567473,0.0003793054803648442,0.000384213143474853,400.8236288166378,400.82311589656,200.41200737503178,200.41162144160603,200.41179136061143,-200.4112664188969,-0.0005249417120803614,200.41140542718324,True,/Users/bmeyers/github/cvxopf/experiments/case118_annual_hierarchy/results/s4b_annual_ac/shard-006/window-005200-speculative.json.gz,d383a1b30aa95fe675a88d7261cb9cc9817882be57ebc56b210c8aea20a36cab,s4b-shard-006/ac-005200/spec-v1-00
4000,2025-06-16 16:00:00+00:00,shard-005,1.1659512222039758e-05,197.52473796604758,3,True,5.6074907888836734e-05,4.8293797004439476e-05,5.2885141068337587e-05,395.68398348582053,395.68392741091264,197.84201597655425,197.84196750926634,197.84200798233914,-197.52474709626145,-0.31726088607722014,197.84195951505075,True,/Users/bmeyers/github/cvxopf/experiments/case118_annual_hierarchy/results/s4b_annual_ac/shard-005/window-004000-1b1dac6f6a79f019.json.gz,1b0404fd5e889ef452bb41d0001a7d88dd51500c992a09a4880dba84d13cd190,ac-4000-00-primary_controlling
4528,2025-07-08 16:00:00+00:00,shard-006,1.6854394510712467e-05,196.68123313589035,3,True,15.451251353356238,15.451246168059818,15.45125403578658,409.4561272107927,394.0048758574365,197.00244675258992,212.45368045820285,201.27554010183363,-196.68120072041563,3.9518530773701728,208.1805813486584,False,/Users/bmeyers/github/cvxopf/experiments/case118_annual_hierarchy/results/s4b_annual_ac/shard-006/window-004528-speculative.json.gz,4966273455d232fe4a46acb759a8e33ca4acaec6c2c19a43f1e0fb9849428ee6,s4b-shard-006/ac-004528/spec-v1-00
5080,2025-07-31 16:00:00+00:00,shard-006,7.741698438934463e-05,196.6586839405023,3,True,0.0004087389277671605,0.0003342051503238963,0.0003392607836450732,395.7296193737496,395.7292106348218,197.86464558306173,197.86497379068786,197.86481658175813,-196.65860540078233,-1.2058434576970114,197.8647770661055,True,/Users/bmeyers/github/cvxopf/experiments/case118_annual_hierarchy/results/s4b_annual_ac/shard-006/window-005080-speculative.json.gz,b559b63997816b13fccbc6fe42b46c79cdfbf60e22393edb876b5ac66cc19d68,s4b-shard-006/ac-005080/spec-v1-00
3592,2025-05-30 16:00:00+00:00,shard-004,9.645193716067979e-05,194.63841673792822,3,True,0.00014561397701551293,6.677562305124063e-05,6.677562303937863e-05,389.28416757486673,389.28402196088973,194.64207696975527,194.64209060511143,194.64204440623988,-194.63838270042152,-0.003618834290718237,194.64201517006842,True,/Users/bmeyers/github/cvxopf/experiments/case118_annual_hierarchy/results/s4b_annual_ac/shard-004/window-003592-speculative.json.gz,9e92ea30324ff9511c60a684fed9ceadee688cd0c38e6fe54b4be2c5328ff213,s4b-shard-004/ac-003592/spec-v1-00
2968,2025-05-04 16:00:00+00:00,shard-004,1.5663899870611148e-05,193.78920032813562,3,True,8.0769774581161e-05,7.130062729431008e-05,7.490727066250752e-05,388.26577849387445,388.2656977240999,194.1329273776269,194.13285111624754,194.13290236417248,-193.7892277241205,-0.3436746400513294,194.13282610279248,True,/Users/bmeyers/github/cvxopf/experiments/case118_annual_hierarchy/results/s4b_annual_ac/shard-004/window-002968-ce0fb7cc846e905a.json.gz,4f76e505f7ddb79120875be442aecd9723b7a7a24ddc8d353434ab1f3c2c8fe4,ac-2968-00-primary_controlling
3376,2025-05-21 16:00:00+00:00,shard-004,1.524290776061532e-05,191.0248976370436,3,True,3.0211691810833052e-05,2.7904725223237836e-05,3.387001412388494e-05,383.1620184191108,383.161988207419,191.5810160129653,191.58100240614544,191.581012684747,-191.02490072054013,-0.5561043442230785,191.58099145794333,True,/Users/bmeyers/github/cvxopf/experiments/case118_annual_hierarchy/results/s4b_annual_ac/shard-004/window-003376-speculative.json.gz,7b60b8387cfe79b1c0723b386526b4a55f3f86bf0f58f8f4ffac8fc87e412a15,s4b-shard-004/ac-003376/spec-v1-00
3880,2025-06-11 16:00:00+00:00,shard-005,1.3405455353387996e-05,187.38798522603238,3,True,5.260451428662494e-05,4.296615299526074e-05,4.748940989613356e-05,375.71408449335706,375.7140318888428,187.85706669005907,187.857017803298,187.85706425694698,-187.38800368222368,-0.4690605747224797,187.85701537018508,True,/Users/bmeyers/github/cvxopf/experiments/case118_annual_hierarchy/results/s4b_annual_ac/shard-005/window-003880-0cb9234875e4591a.json.gz,3d740b4119489e38a6e2286c9a3bedbfb8bc051887a40fd4975992a9619faf8d,ac-3880-00-primary_controlling
2944,2025-05-03 16:00:00+00:00,shard-003,1.916749233705356e-05,186.42391229756453,3,True,8.194359751548252e-05,6.675835170148053e-05,7.036272330632738e-05,373.50089175383994,373.5008098102424,186.75048066450012,186.75041108933982,186.7504680212669,-186.42393865459542,-0.3265293666707345,186.75039844610586,True,/Users/bmeyers/github/cvxopf/experiments/case118_annual_hierarchy/results/s4b_annual_ac/shard-003/window-002944-f0d9292bbe7801d1.json.gz,d0a6eac9b178f7df850fde8f68959dcee91e584c43d1c0f5973405f5013e5cf2,ac-2944-00-primary_controlling
4720,2025-07-16 16:00:00+00:00,shard-006,0.0003878009125521942,184.52496821551196,3,True,13.738343379911814,13.737971090019343,13.737971090019347,382.7869723547592,369.04862897484736,184.52434269587238,198.26262965888688,188.68474394383486,-184.52413040713785,4.160207429342065,194.1022099408103,False,/Users/bmeyers/github/cvxopf/experiments/case118_annual_hierarchy/results/s4b_annual_ac/shard-006/window-004720-speculative.json.gz,4edaf0a7bb8ff77a7b297eee02dcd0a9aea0428e8b37b660afdf526fe38eaf0c,s4b-shard-006/ac-004720/spec-v1-00
3424,2025-05-23 16:00:00+00:00,shard-004,1.637272850962823e-05,184.39923200265198,3,True,5.8015319114868014e-05,4.757564176294249e-05,5.1528092333764914e-05,369.23683810398666,369.23678008866756,184.61844648524405,184.61839161874258,184.61843172053412,-184.399251946646,-0.21917977388734142,184.61837685403185,True,/Users/bmeyers/github/cvxopf/experiments/case118_annual_hierarchy/results/s4b_annual_ac/shard-004/window-003424-speculative.json.gz,308d1adb436ea8df2341e6f465849639888720c1eefd234129ba48c419642a69,s4b-shard-004/ac-003424/spec-v1-00
3112,2025-05-10 16:00:00+00:00,shard-004,7.572952014830991e-05,182.5211723370438,3,True,11.36119900987558,11.361241887086715,11.361353463684788,377.52941111901504,366.16821210913946,183.0841996228655,194.4452114961495,186.41377594541342,-182.52114344836897,2.7665764643475885,191.11557885730542,False,/Users/bmeyers/github/cvxopf/experiments/case118_annual_hierarchy/results/s4b_annual_ac/shard-004/window-003112-af87441a6d62b2f2.json.gz,5bfcd409d48f27a237d7511d19bfec928b8a4d6048624025f3b846c086694fb2,ac-3112-00-primary_controlling
4048,2025-06-18 16:00:00+00:00,shard-005,2.4445718975363295e-05,181.46818203104525,3,True,18.539511984225555,18.53950354562498,18.539510317817175,374.1286560276524,355.58914404342687,177.79458644753836,196.3340695801141,188.26762915890728,-173.57686304177145,6.255328748390691,185.86101742595648,False,/Users/bmeyers/github/cvxopf/experiments/case118_annual_hierarchy/results/s4b_annual_ac/shard-005/window-004048-speculative.json.gz,938d627af7d2c3eea57be1ecd89e7cf4ee0c3c8a9bc100542818638a50ba86cc,s4b-shard-005/ac-004048/spec-v1-00
5248,2025-08-07 16:00:00+00:00,shard-007,0.00017565384319340183,178.28086010466134,3,True,6.528139494723725,6.527963840880531,6.527963840880578,363.08926274577505,356.5611232510513,178.28059611094724,184.80866663482783,178.28058966421685,-178.28056232809266,-1.7841504020051722e-05,184.80865069347726,False,/Users/bmeyers/github/cvxopf/experiments/case118_annual_hierarchy/results/s4b_annual_ac/shard-007/window-005248-speculative.json.gz,08660000f26c4459d5ed7762203ab16bd2c37b2afc8071080b65a7fc4ec0f861,s4b-shard-007/ac-005248/spec-v1-00
4408,2025-07-03 16:00:00+00:00,shard-005,2.355026241421135e-05,178.2582272783288,3,True,0.00034106640064163825,0.0003331271534413367,0.0003406020641389399,356.9279704579436,356.92762939154295,178.46382262600167,178.46414783194194,178.46403556199564,-178.2580421654541,-0.2055623546463097,178.4639297260407,True,/Users/bmeyers/github/cvxopf/experiments/case118_annual_hierarchy/results/s4b_annual_ac/shard-005/window-004408-speculative.json.gz,372109ab7a9395a05b9ced3d9d529422b2d401179d82bdab4cd79b78f4c32b47,s4b-shard-005/ac-004408/spec-v1-00
3136,2025-05-11 16:00:00+00:00,shard-004,0.00015055820543391496,163.78031561171673,3,True,0.0005314305508610992,0.0006049379696500892,0.0006087836489092521,328.67897068574575,328.6784392551949,164.33971620557156,164.33925448017413,164.33968821245722,-163.7804931212171,-0.5591950912394756,164.33922648705914,True,/Users/bmeyers/github/cvxopf/experiments/case118_annual_hierarchy/results/s4b_annual_ac/shard-004/window-003136-1110d11cb556fd2f.json.gz,68b3b8ef50bb13d057aff57e65827a2d469a5067ae34f2f988b8cb876a1905ae,ac-3136-00-primary_controlling
4432,2025-07-04 16:00:00+00:00,shard-005,1.3481198348946753e-05,162.3579051003325,3,True,3.6731078995572356e-05,3.7607652737625325e-05,4.218387194142528e-05,325.04503899438384,325.04500226330487,162.52253246574048,162.52250652864345,162.52252110755472,-162.3579168484533,-0.16460319129480394,162.52249410265108,True,/Users/bmeyers/github/cvxopf/experiments/case118_annual_hierarchy/results/s4b_annual_ac/shard-005/window-004432-speculative.json.gz,8ebbd549d84231ee772473d530ca65519c403245a286d08e7cfc02e207eec877,s4b-shard-005/ac-004432/spec-v1-00
2776,2025-04-26 16:00:00+00:00,shard-003,5.781842211827594e-05,158.19401067611963,3,True,0.0005276116672962472,0.0004953915626079173,0.0005006067626851133,317.0614778086862,317.06095019701894,158.53049529067303,158.5309825180132,158.53080454052693,-158.19371825716226,-0.33645450644875763,158.5306599909512,True,/Users/bmeyers/github/cvxopf/experiments/case118_annual_hierarchy/results/s4b_annual_ac/shard-003/window-002776-a3e782f322ca3b91.json.gz,ee1a7ceef0c4c07917e3dd443344f3ec9deda48ba6d8dcd9b608763b0d9bb731,ac-2776-00-primary_controlling
4936,2025-07-25 16:00:00+00:00,shard-006,1.8833840329079976e-05,154.6226374465058,3,True,4.185063964996168,4.185074595433555,4.185082534517133,313.4303263864603,309.24526242146413,154.62263121073215,158.80769517572816,154.62263258685664,-154.62263026787892,4.3327121448134513e-07,158.8076937996037,False,/Users/bmeyers/github/cvxopf/experiments/case118_annual_hierarchy/results/s4b_annual_ac/shard-006/window-004936-speculative.json.gz,30960eefe0e10a4bc56d9c7ce7faefbc6d1f1bca42ce92d8a7be8e6b42dddd67,s4b-shard-006/ac-004936/spec-v1-00
6622,2025-10-03 22:00:00+00:00,shard-008,6.25102953190259e-05,149.37216616687257,3,True,2.3812686025464634e-05,7.897091243881557e-05,8.268155894008916e-05,440.7568491657302,440.7568253530442,220.37842696810486,220.37842219762538,220.37843107788584,149.37218907559864,71.00622424176662,-220.37841808784475,True,/Users/bmeyers/github/cvxopf/experiments/case118_annual_hierarchy/results/s4b_annual_ac/shard-008/window-006622-speculative.json.gz,4bcaa1ba966440b60547ea3e96ef42578d55822fb0d35cddf2d359803f8bb63c,s4b-shard-008/ac-006622/spec-v1-00
3928,2025-06-13 16:00:00+00:00,shard-005,2.0963375703175746e-05,149.19663760078586,3,True,21.654985200117768,21.654996416924526,21.65499641692445,297.3173057444355,275.6623205443177,137.83116375245675,159.48614199197874,157.20840933349308,-125.90052533414146,7.446609456709418,140.108894116954,False,/Users/bmeyers/github/cvxopf/experiments/case118_annual_hierarchy/results/s4b_annual_ac/shard-005/window-003928-ca118683b1bd102c.json.gz,15c31b23751f3567091c563288c33318335262bf452247f02f462b9c5df5061e,ac-3928-00-primary_controlling
3904,2025-06-12 16:00:00+00:00,shard-005,2.047590510273478e-05,148.61698852444653,3,True,0.00044992475350585925,0.00044369205983696425,0.00045020603399296397,297.81012065455246,297.80967072979894,148.9048464002659,148.90527425428658,148.9050998847939,-148.61674129640102,-0.28784466848912627,148.9050138189108,True,/Users/bmeyers/github/cvxopf/experiments/case118_annual_hierarchy/results/s4b_annual_ac/shard-005/window-003904-19a5348987488c4b.json.gz,d4274d401c247223f69337990b914979e6d2a4a973b1be496536151709ee05b7,ac-3904-00-primary_controlling
2800,2025-04-27 16:00:00+00:00,shard-003,1.71247320647043e-05,146.53135284903504,3,True,9.350901908558555,9.35088478382649,9.35088478382653,303.85880301364404,294.50790110508547,147.25402809558597,156.60477491805798,148.91162947852158,-146.53080799002782,0.9344088659016987,154.94714594659814,False,/Users/bmeyers/github/cvxopf/experiments/case118_annual_hierarchy/results/s4b_annual_ac/shard-003/window-002800-507a7336f0206bb9.json.gz,c9ba29e25b5c19294124f58a7446b065c91c69b71e1037f323085b8e885e088f,ac-2800-00-primary_controlling
5440,2025-08-15 16:00:00+00:00,shard-007,2.0265676965891544e-05,146.33337786212496,3,True,0.00018388853489881285,0.0001845686832027127,0.00018456868305703687,292.66684902518887,292.666665136654,146.3333376700131,146.33351135517577,146.33345071415204,-146.33327041054653,4.911496559630756e-05,146.3333949807436,True,/Users/bmeyers/github/cvxopf/experiments/case118_annual_hierarchy/results/s4b_annual_ac/shard-007/window-005440-speculative.json.gz,a0567f3824d6e896d1aa11b768ba2f97c791e98742232f21c3e8d7f6e58d391b,s4b-shard-007/ac-005440/spec-v1-00
5512,2025-08-18 16:00:00+00:00,shard-007,4.311574315352118e-06,146.33210125758546,3,True,4.2762866193868376e-05,4.4407179778716e-05,4.440717983308791e-05,292.6642524067615,292.6642096438953,146.33214474329023,146.33210766347125,146.3321322034218,-146.33211440109753,-1.780232239831059e-05,146.33209512360094,True,/Users/bmeyers/github/cvxopf/experiments/case118_annual_hierarchy/results/s4b_annual_ac/shard-007/window-005512-speculative.json.gz,8f92315fc6f784d276e808eddd95e8d2d1f29329fc46ab59374ab0d1e842eeb8,s4b-shard-007/ac-005512/spec-v1-00
5680,2025-08-25 16:00:00+00:00,shard-007,0.00036711158242042075,140.31668823067687,3,True,0.00036652989074781317,6.680356859334324e-05,7.10889980711721e-05,280.6338165313039,280.63345000141317,140.31681488369318,140.31700164761074,140.31678205942922,-140.31669149664634,-9.056277991665546e-05,140.31696882334384,True,/Users/bmeyers/github/cvxopf/experiments/case118_annual_hierarchy/results/s4b_annual_ac/shard-007/window-005680-speculative.json.gz,7edeb94ee510a1b2c271e34ad1856ed0821e366466d15cd0c5181c278b2162c5,s4b-shard-007/ac-005680/spec-v1-00
4096,2025-06-20 16:00:00+00:00,shard-005,3.988148403625928e-05,139.6034969956942,3,True,0.0022103387457843493,0.0021902178355377765,0.0021971641072807795,279.2179911335994,279.21578079485363,139.60791603203958,139.61007510155986,139.60892095213757,-139.60270112583075,-0.004193521881459368,139.6090537172325,False,/Users/bmeyers/github/cvxopf/experiments/case118_annual_hierarchy/results/s4b_annual_ac/shard-005/window-004096-speculative.json.gz,47e545e4cc83f718a115906809e69891808953b7dc69893b690f818a0a255481,s4b-shard-005/ac-004096/spec-v1-00
5176,2025-08-04 16:00:00+00:00,shard-006,0.00020889518811819958,135.0123456028007,3,True,0.0007401541658890473,0.0005349492735979889,0.000539474014719903,270.02556563885616,270.02482548469027,135.01308321735462,135.0124824215015,135.01284580174288,-135.01253029858503,-0.0003155031563190066,135.0122450058882,True,/Users/bmeyers/github/cvxopf/experiments/case118_annual_hierarchy/results/s4b_annual_ac/shard-006/window-005176-speculative.json.gz,3e1f8721f69d2e19e63fabd225624d25d799f5706c459838c0d7772ecb93fa35,s4b-shard-006/ac-005176/spec-v1-00
5344,2025-08-11 16:00:00+00:00,shard-007,0.0007466206795214703,130.0060933875019,3,True,46.71207663610982,46.71134093379107,46.71134533802895,300.7872557729308,254.07517913682096,127.03762601888216,173.7496297540486,153.3703031720308,-117.75750598109003,17.052577718044137,147.41693199821236,False,/Users/bmeyers/github/cvxopf/experiments/case118_annual_hierarchy/results/s4b_annual_ac/shard-007/window-005344-speculative.json.gz,5c77445516225952c602f9aee8c1b136fbbafa7e9ffc8a343bfe9fdc803ba695,s4b-shard-007/ac-005344/spec-v1-00
3015,2025-05-06 15:00:00+00:00,shard-004,2.4155641920341198e-05,124.8324672256069,3,True,5.0890262571812866e-05,3.906877381073745e-05,3.9068773770676966e-05,250.6572737969153,250.65722290665272,125.32862029229561,125.32865350461964,125.32863574115463,-124.83245625766136,-0.49614277715420085,125.32863224713958,True,/Users/bmeyers/github/cvxopf/experiments/case118_annual_hierarchy/results/s4b_annual_ac/shard-004/window-003015-97c7ea9563ea1d24.json.gz,ec470789be8d5091c9d438ee29f5cc0911da12526d732a703257cb4c72834b27,ac-3015-00-primary_controlling
3687,2025-06-03 15:00:00+00:00,shard-004,0.00020268246411520637,118.66616156117199,3,True,0.0007861956723459946,0.0005875727644181073,0.0005917547992313837,237.88549354594429,237.88470735027195,118.9431336427291,118.9423599032152,118.94282468116914,-118.6663513371871,-0.2764733439803514,118.94205094165356,True,/Users/bmeyers/github/cvxopf/experiments/case118_annual_hierarchy/results/s4b_annual_ac/shard-004/window-003687-speculative.json.gz,fe6aa5514f6c81fb7ba3d29221f9cbab94cdee5ef8231f7466fc0ceefa371958,s4b-shard-004/ac-003687/spec-v1-00
2751,2025-04-25 15:00:00+00:00,shard-003,0.0002609830926774137,116.42565224931103,3,True,0.0003404967434028454,8.257160847822617e-05,8.257160848721638e-05,233.26343412192364,233.26309362518023,116.63155086223858,116.63188325968504,116.63178466703276,-116.4254103383862,-0.205904042723922,116.63164677855657,True,/Users/bmeyers/github/cvxopf/experiments/case118_annual_hierarchy/results/s4b_annual_ac/shard-003/window-002751-05e800275d3537aa.json.gz,1708fd20f232e800b8ab89148110989e9253b3f496ca56e52c458ccc985ce1e7,ac-2751-00-primary_controlling
3640,2025-06-01 16:00:00+00:00,shard-004,6.693523296619208e-05,113.65415866050512,3,True,21.655080651098753,21.655019106181737,21.655025027457995,246.0293628187878,224.37428216768905,112.18714990214487,133.8422129166429,122.3085910300642,-110.7014920009179,8.635787269574429,123.7207677458415,False,/Users/bmeyers/github/cvxopf/experiments/case118_annual_hierarchy/results/s4b_annual_ac/shard-004/window-003640-speculative.json.gz,93cc63df99a51e969a73da45f74d3b7e6ae36f08e728e2b05fe40e89e12fe94b,s4b-shard-004/ac-003640/spec-v1-00
2463,2025-04-13 15:00:00+00:00,shard-003,1.309151947197218e-05,110.94191997199277,3,True,3.4878444971297995e-05,3.5544041233778745e-05,3.5970441351533184e-05,222.58318771034286,222.58315283189788,111.29157845783034,111.29160925251252,111.29159693767838,-110.94190828759606,-0.34965074055526385,111.29158982283352,True,/Users/bmeyers/github/cvxopf/experiments/case118_annual_hierarchy/results/s4b_annual_ac/shard-003/window-002463-c0b92898ebaf02be.json.gz,005a7d9853dfb45bf76c8bb9c2fa196cfbe2269a624f551c651d5af0b65973a4,ac-2463-00-primary_controlling
2919,2025-05-02 15:00:00+00:00,shard-003,2.3299061089623874e-05,109.67617814936517,3,True,2.6513265778738138e-05,3.043570303958021e-05,3.600618889245936e-05,220.5912433591734,220.59121684590764,110.29561754290785,110.29562581626556,110.2956245602026,-109.67617578721939,-0.6194287464918211,110.29561280706892,True,/Users/bmeyers/github/cvxopf/experiments/case118_annual_hierarchy/results/s4b_annual_ac/shard-003/window-002919-f563ce23995e238b.json.gz,f97d168b465379aaa27dd1c74e56d8b8add97da337aedb5886f276b0c6b47626,ac-2919-00-primary_controlling
4072,2025-06-19 16:00:00+00:00,shard-005,1.95368627204269e-05,101.94194434295837,3,True,0.02262064659550579,0.022614322380240474,0.02262091633231344,203.90651140144013,203.88389075484463,101.94195762835938,101.96455377308077,101.94195582980934,-101.94195046532185,-3.9275920951922105e-06,101.96455053763533,False,/Users/bmeyers/github/cvxopf/experiments/case118_annual_hierarchy/results/s4b_annual_ac/shard-005/window-004072-speculative.json.gz,311ae9b914338ed50bc1d9eaafe8071ab473f289e28d9bbba2766c4002a30b43,s4b-shard-005/ac-004072/spec-v1-00
1455,2025-03-02 15:00:00+00:00,shard-002,0.00013635738718667694,98.91496423353979,3,True,0.0003450304361212531,0.0002707907934684834,0.00027079079350777373,198.46118125959742,198.46083622916132,99.23073826620004,99.23044299339738,99.23063338248448,-98.91507723225877,-0.31555615022366884,99.23033810967978,True,/Users/bmeyers/github/cvxopf/experiments/case118_annual_hierarchy/results/s4b_annual_ac/shard-002/window-001455-87ac730d6a7c3465.json.gz,3a76c0b0f822e5f4d63684fa2c5a93fdac83a46f99946face854d4c4d976c709,ac-1455-00-primary_controlling
3087,2025-05-09 15:00:00+00:00,shard-004,0.00010170384974029924,98.610635234283,3,True,0.00013349911739029497,6.125421206068036e-05,6.449114918902091e-05,197.26120915950284,197.26107566038544,98.63057881571125,98.63063034379158,98.63058274603786,-98.61064524253891,-0.01990282561072252,98.63059959622997,True,/Users/bmeyers/github/cvxopf/experiments/case118_annual_hierarchy/results/s4b_annual_ac/shard-004/window-003087-f25f89f08252be12.json.gz,be981aef4ae1a261d69c99135c83c40b89b3ed77d570dd6ca722494e5415735b,ac-3087-00-primary_controlling
6958,2025-10-17 22:00:00+00:00,shard-009,0.00020773149076139946,98.53703667244126,3,True,0.00027703808239077157,6.930659162937211e-05,7.400713207353982e-05,235.73076885697577,235.73049181889337,117.86526504490091,117.86550381207483,117.86549246970587,98.53705592150065,19.328411194390362,-117.86522834871708,True,/Users/bmeyers/github/cvxopf/experiments/case118_annual_hierarchy/results/s4b_annual_ac/shard-009/window-006958-speculative.json.gz,08ac6fb1140cd809eb92a82239294bd272e2428e24d01ee631e72b08bd7a2c53,s4b-shard-009/ac-006958/spec-v1-00
2679,2025-04-22 15:00:00+00:00,shard-003,0.00022653003665942806,96.27497904174953,3,True,30.75290447883885,30.753093948910383,30.753096838606695,221.41884705452793,190.6659425756891,95.33307827414741,126.0857687803805,107.50557297255781,-94.0185336854766,10.8579966455955,113.91322754611417,False,/Users/bmeyers/github/cvxopf/experiments/case118_annual_hierarchy/results/s4b_annual_ac/shard-003/window-002679-e544d700b653cbfd.json.gz,73ce15baae39c70349cea7f1b11c8445248e15ee62e23037fd71ea44d2beb481,ac-2679-00-primary_controlling
4576,2025-07-10 16:00:00+00:00,shard-006,0.000165447102961865,94.25470800856439,3,True,0.0001844538935082092,4.192129329983473e-05,4.643949580998657e-05,188.7306083076776,188.73042385378412,94.3652357367749,94.36537257090268,94.36525409160471,-94.25469311793023,-0.11050875889153872,94.36533871094954,True,/Users/bmeyers/github/cvxopf/experiments/case118_annual_hierarchy/results/s4b_annual_ac/shard-006/window-004576-speculative.json.gz,1869537aa8c2696ca8882096e351b12a481ce85e43ce9445c4ccb7f13102af93,s4b-shard-006/ac-004576/spec-v1-00
2295,2025-04-06 15:00:00+00:00,shard-003,2.7527244176844823e-05,93.88558713671914,3,True,3.283999410803179e-05,3.4269338758184664e-05,3.6018678359101726e-05,187.77135407423222,187.77132123423812,93.88566887719865,93.88568519703358,93.88567704752737,-93.88559033361636,-6.506284034595445e-05,93.88567171629164,True,/Users/bmeyers/github/cvxopf/experiments/case118_annual_hierarchy/results/s4b_annual_ac/shard-003/window-002295-11d1ce2ccf628393.json.gz,d3bf3e05abf9c9d73023552ad2f41289246113d23f0c35a29ea99c6dc1215811,ac-2295-00-primary_controlling
7126,2025-10-24 22:00:00+00:00,shard-009,0.00016818722905163975,93.68623952858881,3,True,0.0009271974411064963,0.0008568965758327742,0.0008790041335383723,217.69661340450557,217.69568620706445,108.84869795934952,108.84791544515606,108.84803260681218,93.68615836654894,15.161635919794247,-108.84857680053665,True,/Users/bmeyers/github/cvxopf/experiments/case118_annual_hierarchy/results/s4b_annual_ac/shard-009/window-007126-speculative.json.gz,ea2ddc9488c4b8d17f90c1a29c7e49ec212e0fe0085808f4673c4936e050cc8a,s4b-shard-009/ac-007126/spec-v1-00
682,2025-01-29 10:00:00+00:00,shard-001,0.0,93.59333740247033,3,False,484.0194746962203,484.0194746962203,484.01947810352647,484.01947469621575,-4.547473508864641e-12,484.01947048480514,4.211410669315146e-06,484.01947469621916,-105.16650751718213,-198.12946473274127,-180.72349402347106,False,/Users/bmeyers/github/cvxopf/experiments/case118_annual_hierarchy/results/s4b_annual_ac/shard-001/window-000682-96135d0277e91a49.json.gz,448ad0726b97f48cd7246fe554e98c462f8764592304568a3780577b0e39fbcb,ac-682-00-primary_controlling
2895,2025-05-01 15:00:00+00:00,shard-003,9.130563633462374e-06,92.592013600769,3,True,3.680389825114899e-05,4.4569192911472766e-05,4.456919286043987e-05,185.5534421721088,185.55340536821055,92.77670303473714,92.77673913737166,92.7767029180079,-92.5920059448999,-0.18469697310787356,92.77673902064231,True,/Users/bmeyers/github/cvxopf/experiments/case118_annual_hierarchy/results/s4b_annual_ac/shard-003/window-002895-828252d3a8d01b8c.json.gz,a550399eb442addb2c3c24cbd63f550283a90c49f437d27b9e1083754b7303c1,ac-2895-02-copied_target_free
4768,2025-07-18 16:00:00+00:00,shard-006,4.9516672518734595e-05,92.34674792404704,3,True,0.0004786086760546482,0.00043332208795021643,0.0004376922328714598,184.69372930230028,184.69325069362424,92.34706668878388,92.34666261351641,92.34666859035377,-92.34664764028527,-2.0950068492134877e-05,92.34626451508629,True,/Users/bmeyers/github/cvxopf/experiments/case118_annual_hierarchy/results/s4b_annual_ac/shard-006/window-004768-speculative.json.gz,c0193df913711aa6a2dee37956d5a9c97c6036f874b929ae02106a93b7636beb,s4b-shard-006/ac-004768/spec-v1-00
2703,2025-04-23 15:00:00+00:00,shard-003,3.320309874306135e-05,92.06855666181703,3,True,6.68625505135731e-05,8.443451923430614e-05,8.73081788235489e-05,184.40910671380607,184.40903985125556,92.20456920470056,92.20453750910552,92.20456700584236,-92.06855662886767,-0.13598270522309547,92.20450763849573,True,/Users/bmeyers/github/cvxopf/experiments/case118_annual_hierarchy/results/s4b_annual_ac/shard-003/window-002703-1521f85b1dd01ed6.json.gz,c7bc705067288e5ba78a7c587383e9824ca6c7b8aa702b7a25032f4185845f57,ac-2703-00-primary_controlling
3327,2025-05-19 15:00:00+00:00,shard-004,2.446803098155037e-05,91.52726452137533,3,True,6.020980188337077e-05,4.9572286477728156e-05,5.606440566346897e-05,183.0570438847665,183.0569836749646,91.52849364634986,91.52855023841666,91.52851177804311,-91.52725388159311,-0.0012206316235402722,91.52853110528346,True,/Users/bmeyers/github/cvxopf/experiments/case118_annual_hierarchy/results/s4b_annual_ac/shard-004/window-003327-speculative.json.gz,15d54576fc1dec236d52e11b4665e084b9fe3330ae3fed9d877cf8b376216783,s4b-shard-004/ac-003327/spec-v1-00
5272,2025-08-08 16:00:00+00:00,shard-007,0.0001895774335238798,89.89200983989917,3,True,5.28133159344884,5.28114586107133,5.281150220940981,185.06478756570564,179.7834559722568,89.89176236725949,95.17302519844617,89.89183363570861,-89.89171331585221,4.442371336702678e-05,95.17293172332553,False,/Users/bmeyers/github/cvxopf/experiments/case118_annual_hierarchy/results/s4b_annual_ac/shard-007/window-005272-speculative.json.gz,3cb5260dec768a3f83e64bad7111766fe4d56802d0963d3659ff795644619ce5,s4b-shard-007/ac-005272/spec-v1-00
2871,2025-04-30 15:00:00+00:00,shard-003,2.3014826584209086e-05,88.27736789077609,3,True,5.071786931011568e-05,3.3454482307643946e-05,3.907591890192833e-05,176.55508385052238,176.55503313265308,88.27752648983123,88.27755736069113,88.27753854368383,-88.2773574382463,-0.00015065760049802194,88.2775389667067,True,/Users/bmeyers/github/cvxopf/experiments/case118_annual_hierarchy/results/s4b_annual_ac/shard-003/window-002871-714a9925f672512b.json.gz,5321f980d6b46f1ead7a5789849d4a56cd73df227d1fc39cc81235e972c7dc4b,ac-2871-00-primary_controlling
5583,2025-08-21 15:00:00+00:00,shard-007,1.6875472138799807e-05,84.2980961534097,3,True,3.212863722446002e-05,3.3104904409775315e-05,3.960932728069582e-05,168.59622867117983,168.5961965425426,84.29810340017838,84.29812527100148,84.2981166400179,-84.29808777535041,9.474830070704119e-07,84.29810869869051,True,/Users/bmeyers/github/cvxopf/experiments/case118_annual_hierarchy/results/s4b_annual_ac/shard-007/window-005583-speculative.json.gz,3dafdfa017b2f617a48369a3cc9369c75e4f6309733e0d906bc327010232308b,s4b-shard-007/ac-005583/spec-v1-00
2127,2025-03-30 15:00:00+00:00,shard-002,3.19056920350079e-05,83.37979597242021,3,True,6.4426745152113e-05,6.050721352937258e-05,6.204092315310091e-05,167.07527201014102,167.07520758339587,83.53760620132662,83.53766580881444,83.53763390227519,-83.37978523486895,-0.15779197658055322,83.53763681893732,True,/Users/bmeyers/github/cvxopf/experiments/case118_annual_hierarchy/results/s4b_annual_ac/shard-002/window-002127-6f8d2f708441bf77.json.gz,74eda7cf97c1b6cae4ab211681d4c8612abbbe4754721a4493e36ed6d9166300,ac-2127-02-copied_target_free
3063,2025-05-08 15:00:00+00:00,shard-004,0.00016836910847069838,76.17857163469323,3,True,0.00014249912862822215,2.974897062705444e-05,3.43122043671969e-05,152.92556857892714,152.9254260797985,76.46274852814408,76.46282005078305,76.46273479212796,-76.1785796156264,-0.28415517650070043,76.46280631476607,True,/Users/bmeyers/github/cvxopf/experiments/case118_annual_hierarchy/results/s4b_annual_ac/shard-004/window-003063-bcfe3a1903404379.json.gz,678e2d8c6bdb72e93e482780a475e19c0c3895742502f6ce0177fc53acaad5ca,ac-3063-00-primary_controlling
2439,2025-04-12 15:00:00+00:00,shard-003,1.0724857254361397e-05,75.10299682131966,3,True,2.663880658479445e-05,2.9808027501736223e-05,3.0066573622821938e-05,150.44403632482937,150.44400968602278,75.22200737228174,75.22202895254763,75.22202208133011,-75.10298708155918,-0.11900425528900874,75.22201291711407,True,/Users/bmeyers/github/cvxopf/experiments/case118_annual_hierarchy/results/s4b_annual_ac/shard-003/window-002439-dfaaa5b6bcb0e4fa.json.gz,126f9d609134d2870a8a29f8b719f759442e1b7d5767a8bed3f241fac645063c,ac-2439-00-primary_controlling
2103,2025-03-29 15:00:00+00:00,shard-002,0.00035663000946720754,73.54762621516295,3,True,0.0004978665940004023,0.00017831887844126874,0.00017831887849355046,147.61251505753745,147.61201719094345,73.80649628240613,73.8060187751313,73.80624278449648,-73.54769347719332,-0.2585493073006079,73.8057652772191,True,/Users/bmeyers/github/cvxopf/experiments/case118_annual_hierarchy/results/s4b_annual_ac/shard-002/window-002103-5feb037cdd335ee3.json.gz,c9b8c368a876a4ec6b4331dac79a3d281b80bc1c8f158364d0eaeda763194839,ac-2103-00-primary_controlling
2847,2025-04-29 15:00:00+00:00,shard-003,0.00014025223788775507,70.75391834619707,3,True,0.0001945594932334406,5.835310033878299e-05,6.11064992097931e-05,141.50840507691674,141.50821051742352,70.754217889735,70.75418718718176,70.75417843125999,-70.75394232539698,-0.00023610585963920408,70.75414772870336,True,/Users/bmeyers/github/cvxopf/experiments/case118_annual_hierarchy/results/s4b_annual_ac/shard-003/window-002847-59c04228ca905ab0.json.gz,88f4089c9219321ad7c7287a74a290af55db04dd908e573d65ef627b9513c3a8,ac-2847-00-primary_controlling
5559,2025-08-20 15:00:00+00:00,shard-007,7.851481711895758e-06,69.43052523765682,3,True,3.4223419106638175e-05,3.5100375697538766e-05,4.1654746953284386e-05,138.8610849827773,138.8610507593582,69.43052537967931,69.43055960309799,69.43053849457239,-69.43051806692091,5.802134428849048e-06,69.43054648820517,True,/Users/bmeyers/github/cvxopf/experiments/case118_annual_hierarchy/results/s4b_annual_ac/shard-007/window-005559-speculative.json.gz,cae6516ed32e8fe702b3a0c878bb65cf7f446cfc179af2ed1dcc85055063d96b,s4b-shard-007/ac-005559/spec-v1-00
7000,2025-10-19 16:00:00+00:00,shard-009,1.3355791068640765e-05,69.26568087943342,3,True,7.387191791341507e-05,8.061306847029909e-05,8.061306848985518e-05,138.53143772038814,138.53136384847022,69.26575381572536,69.26568390466278,69.26573352350641,-69.26570712692242,-2.6396583299623012e-05,69.26566361244313,True,/Users/bmeyers/github/cvxopf/experiments/case118_annual_hierarchy/results/s4b_annual_ac/shard-009/window-007000-speculative.json.gz,d790b477720a997d944e3bcdd36d63ccc5cc7f9bdea693f23861288ac7311fd7,s4b-shard-009/ac-007000/spec-v1-00
7023,2025-10-20 15:00:00+00:00,shard-009,1.6435105981624926e-05,69.2653850970573,3,True,3.2853076581740304e-05,3.10928269553791e-05,3.1152204181438564e-05,138.53082644162498,138.5307935885484,69.26540237939922,69.26542406222575,69.26541653122001,-69.26537534625625,-9.269081828264461e-06,69.2654062981646,True,/Users/bmeyers/github/cvxopf/experiments/case118_annual_hierarchy/results/s4b_annual_ac/shard-009/window-007023-speculative.json.gz,0038434081edbfe6a582b775530b092d9c868c3ce9627d25439c9f61894623a5,s4b-shard-009/ac-007023/spec-v1-00
1216,2025-02-20 16:00:00+00:00,shard-001,8.872167200024705e-05,68.72105864929053,3,True,207.01846099603378,207.01842025569724,207.0185146202746,207.02776764196744,0.009306645933662594,0.004653322967393746,207.02311431900006,207.0184609960334,68.71171122929194,4.3413611022780145,133.96538866446275,False,/Users/bmeyers/github/cvxopf/experiments/case118_annual_hierarchy/results/s4b_annual_ac/shard-001/window-001216-0a5113db6d6cdde2.json.gz,2d29c99ea7a768cd68501beea5b3d942d0c46f496c1b1124a24e7d3c78366728,ac-1216-00-primary_controlling
3351,2025-05-20 15:00:00+00:00,shard-004,1.2734770135691686e-05,68.44000604681193,3,True,3.6816237991399436e-05,3.503811206739815e-05,4.1012978823529275e-05,136.88007320937194,136.88003639313396,68.44002564661459,68.44004756275733,68.44003262463114,-68.44000629631512,-7.627807067640269e-06,68.44003584026493,True,/Users/bmeyers/github/cvxopf/experiments/case118_annual_hierarchy/results/s4b_annual_ac/shard-004/window-003351-speculative.json.gz,2eccc5f05bd76afffa790205a382d82f04fc5e2aafe013f18b65edef01a66aeb,s4b-shard-004/ac-003351/spec-v1-00
3304,2025-05-18 16:00:00+00:00,shard-004,5.722312836187182e-05,68.07135579334191,3,True,0.0003190894727397864,0.00030158410927655366,0.0003067580898147131,136.1430650619116,136.14274597243886,68.07138295324593,68.07168210866568,68.07161969961896,-68.07105455554634,-8.592406260345072e-05,68.0714396350287,True,/Users/bmeyers/github/cvxopf/experiments/case118_annual_hierarchy/results/s4b_annual_ac/shard-004/window-003304-speculative.json.gz,dbec0a574dbf1f32c9e5c59318c94678851f9bf1999827476ffca65040882291,s4b-shard-004/ac-003304/spec-v1-00
3495,2025-05-26 15:00:00+00:00,shard-004,1.5578129539062235e-05,65.26737580185795,3,True,4.0800872419921586e-05,3.643816456044835e-05,4.2550497211027393e-05,130.53490998085795,130.53486917998552,65.26744071482155,65.2674692660364,65.2674590636706,-65.26736167661257,-5.673612079527942e-05,65.26744696394822,True,/Users/bmeyers/github/cvxopf/experiments/case118_annual_hierarchy/results/s4b_annual_ac/shard-004/window-003495-speculative.json.gz,1bb24460b86536352cb923d38a57e829fb41d492cdf7ef56459ce1dd28b4f379,s4b-shard-004/ac-003495/spec-v1-00
6087,2025-09-11 15:00:00+00:00,shard-008,0.00018337972566939698,64.4214155934351,3,True,30.70616642001449,30.70598775662433,30.70599140214437,155.11833880956544,124.41217238955096,62.206133014900864,92.91220579466457,75.18520168081932,-59.98930363579251,10.762269009819207,79.93310740573702,False,/Users/bmeyers/github/cvxopf/experiments/case118_annual_hierarchy/results/s4b_annual_ac/shard-008/window-006087-speculative.json.gz,a44cccced65df3e3c8594fc00fd81aacc7913e7aaff637e8994b80e90444f9ca,s4b-shard-008/ac-006087/spec-v1-00
206,2025-01-09 14:00:00+00:00,shard-000,0.00018767113613904485,62.72510506647759,3,True,1.1410204614037411e-05,0.00019405970569152942,0.000194059705740415,125.45007009712401,125.45005868691939,62.72503887302034,62.72503122410368,62.72503459580503,62.72502668829522,-1.0138640511599002e-07,-62.725034235825476,True,/Users/bmeyers/github/cvxopf/experiments/case118_annual_hierarchy/results/s4b_annual_ac/shard-000/window-000206-2588e53b47a6d548.json.gz,9c9720603b728e19567f0ec7b348ae3190a7ff94128cafbf3e34684a6aae6098,ac-206-00-primary_controlling
5872,2025-09-02 16:00:00+00:00,shard-007,2.2198611731027995e-05,62.68745646763732,3,True,21.652939816750838,21.65293125516329,21.652931255163228,146.07172219666722,124.4187823799164,62.2093958620385,83.86232633462873,70.57636501794262,-61.73131700756828,7.888893185020127,75.49535429513838,False,/Users/bmeyers/github/cvxopf/experiments/case118_annual_hierarchy/results/s4b_annual_ac/shard-007/window-005872-speculative.json.gz,d300d1b92261f8a9b6abde69b11aeaefaae1cfb826acc8d2797032388accb2df,s4b-shard-007/ac-005872/spec-v1-00
5848,2025-09-01 16:00:00+00:00,shard-007,3.256160219677895e-05,62.20955706931442,3,True,0.0005524024841818687,0.0005539877236842017,0.0005539877235681499,124.41955869685358,124.41900629436941,62.20950614053598,62.210052556317606,62.20992095554943,-62.209022021763886,-6.840508610288161e-05,62.209636842631625,True,/Users/bmeyers/github/cvxopf/experiments/case118_annual_hierarchy/results/s4b_annual_ac/shard-007/window-005848-speculative.json.gz,1f4872e9e491a2862accbd482897de19212c4691307bd74dc1c1366bdb03d34f,s4b-shard-007/ac-005848/spec-v1-00
5943,2025-09-05 15:00:00+00:00,shard-007,0.0001333449381069208,62.208347169763194,3,True,0.00016995682442471586,5.1758043854855445e-05,5.5394694270051814e-05,124.41708991043835,124.41691995361393,62.208496371215944,62.208593539222406,62.208468213621025,-62.208360166252056,-0.00010802943123950861,62.20856536368975,True,/Users/bmeyers/github/cvxopf/experiments/case118_annual_hierarchy/results/s4b_annual_ac/shard-007/window-005943-speculative.json.gz,244275dc88bbdc20340e5cc061ca4d148ae25bb0a1140ddc9b48e55ed1ebffa4,s4b-shard-007/ac-005943/spec-v1-00
6016,2025-09-08 16:00:00+00:00,shard-008,5.3627700019376334e-05,62.20626253149219,3,True,12.82703748049537,12.827007420410169,12.827007420410045,137.23949786235326,124.4124603818579,62.20623751487043,75.03326034748285,63.965995783474526,-62.20618580384782,1.7597112665692296,73.273497369891,False,/Users/bmeyers/github/cvxopf/experiments/case118_annual_hierarchy/results/s4b_annual_ac/shard-008/window-006016-speculative.json.gz,297a6baf51956fd19798c4e9b0132f4a72ab928eec5d1322a9d58b7a7b56e6d6,s4b-shard-008/ac-006016/spec-v1-00
6063,2025-09-10 15:00:00+00:00,shard-008,2.12528525196376e-05,62.20615614634887,3,True,6.358804576223065e-05,6.488825468409232e-05,6.48882545132983e-05,124.4123593387814,124.41229575073564,62.206152007301206,62.20620733148019,62.20618695080354,-62.20612578569014,1.1415647544613127e-05,62.206169694221586,True,/Users/bmeyers/github/cvxopf/experiments/case118_annual_hierarchy/results/s4b_annual_ac/shard-008/window-006063-speculative.json.gz,bcef8e6b9e9d14e373dfa2b7c3b99c12c3f53f5714765c12caf31362242f384a,s4b-shard-008/ac-006063/spec-v1-00
6183,2025-09-15 15:00:00+00:00,shard-008,2.194726825877069e-05,61.432492485511716,3,True,0.00021935170899922696,0.00021665976143481203,0.00021665976121005735,122.86507997807621,122.8648606263672,61.43243445483489,61.43264552324132,61.4325801103311,-61.43234959478017,6.352281665185696e-05,61.43249714036995,True,/Users/bmeyers/github/cvxopf/experiments/case118_annual_hierarchy/results/s4b_annual_ac/shard-008/window-006183-speculative.json.gz,4fbc4692ac22c0d0ed66457aaec16c6d5f33d9ebcdc650ac4fd0631ec84c5efd,s4b-shard-008/ac-006183/spec-v1-00
6255,2025-09-18 15:00:00+00:00,shard-008,9.26428104079946e-05,61.4322138704128,3,True,0.0007533045050394094,0.0008204105311122589,0.0008238859376481117,122.86504907274887,122.86429576824384,61.43289172128684,61.43215735146204,61.432588044988535,-61.43233238124138,-0.0002556637450260642,61.4318536751616,True,/Users/bmeyers/github/cvxopf/experiments/case118_annual_hierarchy/results/s4b_annual_ac/shard-008/window-006255-speculative.json.gz,01574bb52a0798ec76cb928eab2b13841a9f3ebdca1cde29710f6ae38219cb4c,s4b-shard-008/ac-006255/spec-v1-00
6304,2025-09-20 16:00:00+00:00,shard-008,3.673992522834624e-05,61.43141062569948,3,True,21.655027482855232,21.65501812873132,21.6550232525085,144.51783576296202,122.86280828010679,61.431419082430175,83.08641668053184,66.92190551283542,-61.431417000051134,5.4904852508308215,77.59592934732197,False,/Users/bmeyers/github/cvxopf/experiments/case118_annual_hierarchy/results/s4b_annual_ac/shard-008/window-006304-speculative.json.gz,3a63265dfd9502fdbacd21efa3247235ab04a36c9d839f4d4f81f9d037c0ee18,s4b-shard-008/ac-006304/spec-v1-00
6399,2025-09-24 15:00:00+00:00,shard-008,2.8944296737165587e-05,61.42997737827004,3,True,3.5391016027119804e-05,4.7183500306857695e-05,4.761678965322937e-05,122.86001452571841,122.85997913470239,61.43001421944396,61.43000030627445,61.43000737943873,-61.42997748709776,-2.749976573719479e-05,61.429991073693984,True,/Users/bmeyers/github/cvxopf/experiments/case118_annual_hierarchy/results/s4b_annual_ac/shard-008/window-006399-speculative.json.gz,c288166ebc46ad3a7b3d24f8f7d05540ce592e3d14b431717f4b748dfa25438a,s4b-shard-008/ac-006399/spec-v1-00
6447,2025-09-26 15:00:00+00:00,shard-008,1.0403593293517588e-05,61.429874735725754,3,True,3.703378492758702e-05,3.6611865162683443e-05,4.2191181287081094e-05,122.85981593923675,122.85977890545183,61.4298923728457,61.42992356639107,61.42990988760792,-61.42986324943541,-9.785920488702988e-06,61.42990422890126,True,/Users/bmeyers/github/cvxopf/experiments/case118_annual_hierarchy/results/s4b_annual_ac/shard-008/window-006447-speculative.json.gz,3806b913b7224605567e3b4b7e81ec094c8565799bb5f63ea0cf7a55d566376e,s4b-shard-008/ac-006447/spec-v1-00
6423,2025-09-25 15:00:00+00:00,shard-008,3.3596357560838896e-05,61.42982847736525,3,True,6.230494901870998e-05,4.1956518629149286e-05,4.195651847102038e-05,122.85988659941567,122.85982429446665,61.42992707355795,61.429959525857726,61.429938235047395,-61.42981126504533,-9.52307240264892e-05,61.429938948069136,True,/Users/bmeyers/github/cvxopf/experiments/case118_annual_hierarchy/results/s4b_annual_ac/shard-008/window-006423-speculative.json.gz,609c6d7aa428bc83fafb7f068feedc39646e395535a1003c2ab7e6ba714470da,s4b-shard-008/ac-006423/spec-v1-00
6472,2025-09-27 16:00:00+00:00,shard-008,1.3773751454948524e-05,61.42950711722411,3,True,3.357686785676606e-05,3.84499036130137e-05,3.844990355265238e-05,122.85904299837674,122.85900942150889,61.42950882125791,61.42953417711881,61.42952684452525,-61.42949275922142,4.587685413297997e-06,61.4295135273969,True,/Users/bmeyers/github/cvxopf/experiments/case118_annual_hierarchy/results/s4b_annual_ac/shard-008/window-006472-speculative.json.gz,f027fa212ed9a94e19dbd80ba86b8160976d0cd3dc18d1efa8a748a1dc7833ba,s4b-shard-008/ac-006472/spec-v1-00
6567,2025-10-01 15:00:00+00:00,shard-008,1.5020389291464653e-05,61.414301057248146,3,True,5.2137243727656823e-05,5.818668869750354e-05,6.110216429782423e-05,122.8287410169022,122.82868887965847,61.414392091600234,61.41434892530196,61.41437718275351,-61.414319542748494,-5.764000446872838e-05,61.41433401645469,True,/Users/bmeyers/github/cvxopf/experiments/case118_annual_hierarchy/results/s4b_annual_ac/shard-008/window-006567-speculative.json.gz,f2af5dfe9a1016f3aa12829bd962248a90c42ac101a8ca7f6e2df795cb20a490,s4b-shard-008/ac-006567/spec-v1-00
6207,2025-09-16 15:00:00+00:00,shard-008,2.1486313232238694e-05,61.41327765317203,3,True,6.672399111875787e-05,5.5390575477246724e-05,5.8351987179035596e-05,122.82718662826402,122.82711990427289,61.413618400547705,61.41356822771632,61.41360326392129,-61.41329865953801,-0.00030460438253582223,61.413553091089156,True,/Users/bmeyers/github/cvxopf/experiments/case118_annual_hierarchy/results/s4b_annual_ac/shard-008/window-006207-speculative.json.gz,f21073519f463f0d6288dc9ee66b679b692c7de045f67d10beb541374e08048b,s4b-shard-008/ac-006207/spec-v1-00
5607,2025-08-22 15:00:00+00:00,shard-007,1.5753405044981574e-05,61.002781709828874,3,True,4.125523925913609e-05,4.2790927408758216e-05,4.665634743482418e-05,122.00562381442403,122.00558255918477,61.00282410280082,61.002799711623204,61.00281520798385,-61.00279599800709,-1.6869127806515605e-05,61.002788475957274,True,/Users/bmeyers/github/cvxopf/experiments/case118_annual_hierarchy/results/s4b_annual_ac/shard-007/window-005607-speculative.json.gz,15b0fa787b55c381cf0e9f61f570a1d7e045d49da59762dcc755c9b9d4a25fcd,s4b-shard-007/ac-005607/spec-v1-00
5535,2025-08-19 15:00:00+00:00,shard-007,1.4366069038374008e-05,59.84733562591766,3,True,3.2587427426733484e-05,2.8621140742757234e-05,3.464534517758742e-05,119.69470513150996,119.69467254408254,59.847344282803014,59.847360848706955,59.84735635158358,-59.847328526461034,1.2307500899025888e-06,59.84734386161489,True,/Users/bmeyers/github/cvxopf/experiments/case118_annual_hierarchy/results/s4b_annual_ac/shard-007/window-005535-speculative.json.gz,c1a0998073ecba2c4e971c1b8b4f196041f69224efb4ee388bf58d2b44669e47,s4b-shard-007/ac-005535/spec-v1-00
3808,2025-06-08 16:00:00+00:00,shard-005,1.0423095565426088e-05,59.413919051601326,3,True,4.579513912278399e-05,4.094132347448598e-05,4.465444629229597e-05,118.82789184454914,118.82784604941001,59.413966762984636,59.413925081564514,59.413952538068315,-59.41393641833487,-1.6119731171151947e-05,59.41391085664592,True,/Users/bmeyers/github/cvxopf/experiments/case118_annual_hierarchy/results/s4b_annual_ac/shard-005/window-003808-57d9e193a8abf091.json.gz,4b782d74b8e6f6388f319942599eeac9e685d0a6d7c3951f1d32160b534f6d1f,ac-3808-00-primary_controlling
3207,2025-05-14 15:00:00+00:00,shard-004,1.500257973029509e-05,57.52739774010588,3,True,4.394000859130401e-05,3.6340069967555344e-05,4.151727957055471e-05,115.05484766690263,115.05480372689404,57.52741376042225,57.52743390648039,57.52743048041873,-57.527385219553686,-4.033329748634204e-06,57.52740939894157,True,/Users/bmeyers/github/cvxopf/experiments/case118_annual_hierarchy/results/s4b_annual_ac/shard-004/window-003207-0d0190a522e6bd12.json.gz,f4f7b46fa84d21de88a8e6169d7bb5b521c1572f72dc5d721147ca01b483584d,ac-3207-00-primary_controlling
6519,2025-09-29 15:00:00+00:00,shard-008,9.775876762319058e-06,57.3195525397106,3,True,4.0975008985810746e-05,3.985390470973016e-05,4.5611319028722406e-05,114.6391284325028,114.63908745749382,57.31956334390691,57.319565088595894,57.31956994415845,-57.31954290444183,-2.950381678153959e-06,57.3195475995125,True,/Users/bmeyers/github/cvxopf/experiments/case118_annual_hierarchy/results/s4b_annual_ac/shard-008/window-006519-speculative.json.gz,2f649cd515411a5b44ae9b756b3018695996bcb8fcf9518336c4d99d376377ec,s4b-shard-008/ac-006519/spec-v1-00
2271,2025-04-05 15:00:00+00:00,shard-003,4.47555265645147e-05,54.06213024241952,3,True,4.7614532644527086e-05,3.3813304495790286e-05,3.526003678877153e-05,108.12440159479664,108.12435398026399,54.06220261848495,54.062198976311684,54.06220250074522,-54.06214049809784,-4.545966426049859e-05,54.06218231558883,True,/Users/bmeyers/github/cvxopf/experiments/case118_annual_hierarchy/results/s4b_annual_ac/shard-003/window-002271-e56863bc19f5ba58.json.gz,661882aa348aa4a9b26a2251246b7ad763828c382adf8a43e44864693fc97c86,ac-2271-00-primary_controlling
5751,2025-08-28 15:00:00+00:00,shard-007,9.112580552539384e-05,52.28989905753917,3,True,12.103023808847144,12.10309242384223,12.103097481695015,105.0489937199071,92.94596991105996,46.47299478369863,58.575998936208485,56.97029361303578,-40.65606805689208,4.680377843190294,48.07869436621165,False,/Users/bmeyers/github/cvxopf/experiments/case118_annual_hierarchy/results/s4b_annual_ac/shard-007/window-005751-speculative.json.gz,c6bc835559ad0892f8c86fbbb41cf3d2f8ab67290f2f91512be77715d5561bc7,s4b-shard-007/ac-005751/spec-v1-00
6039,2025-09-09 15:00:00+00:00,shard-008,9.933057896205355e-06,52.27692601776084,3,True,3.914042484609581e-05,4.3456526654495065e-05,4.921371982402934e-05,104.55388529042308,104.55384614999824,52.276925728630104,52.27695956179299,52.2769495868517,-52.27690458177064,4.39923990088713e-06,52.27693401569362,True,/Users/bmeyers/github/cvxopf/experiments/case118_annual_hierarchy/results/s4b_annual_ac/shard-008/window-006039-speculative.json.gz,e2a10ee9ed29cb0ed479f1acda5ab49474b84e734af98c8491bfb08b950c3200,s4b-shard-008/ac-006039/spec-v1-00
6351,2025-09-22 15:00:00+00:00,shard-008,1.8603448914276545e-05,52.0400679005148,3,True,5.8117551645379495e-05,4.944794510926559e-05,5.2085435350913854e-05,104.08023226046225,104.08017414291061,52.04013548915962,52.04009677130263,52.04011884717606,-52.04008581729439,-3.302988098390453e-05,52.04008012931838,True,/Users/bmeyers/github/cvxopf/experiments/case118_annual_hierarchy/results/s4b_annual_ac/shard-008/window-006351-speculative.json.gz,f25df11ed3668620f13bb736b97f9a258f6cbfdd1ca0e365b4a6d151fe862286,s4b-shard-008/ac-006351/spec-v1-01
5895,2025-09-03 15:00:00+00:00,shard-007,1.1976006078384671e-05,51.63872776975796,3,True,3.837257231964486e-05,3.7131044550164916e-05,4.274424015649217e-05,103.27749233744453,103.27745396487221,51.638734414700906,51.638757922743615,51.63875114938052,-51.63871710079056,4.190810859917429e-06,51.638736418022404,True,/Users/bmeyers/github/cvxopf/experiments/case118_annual_hierarchy/results/s4b_annual_ac/shard-007/window-005895-speculative.json.gz,5e8fa24075348b6a371fd11c22e009d93865a5108666ea792647f964330fe5c0,s4b-shard-007/ac-005895/spec-v1-01
8389,2025-12-16 13:00:00+00:00,shard-011,0.00036647689145086204,50.79294421736469,3,True,0.0003719585099306588,0.00010626132560553891,0.00010626132559803919,101.58634051279994,101.58596855429,50.793150783678456,50.79318972912147,50.7931452168691,-50.79299641418199,-0.00014796227727208983,50.79318332190228,True,/Users/bmeyers/github/cvxopf/experiments/case118_annual_hierarchy/results/s4b_annual_ac/shard-011/window-008389-speculative.json.gz,405b5d6aa22e1aae757717c92075fe8aa60f482ee7d95f2412dbdce77eeb220d,s4b-shard-011/ac-008389/spec-v1-00
6543,2025-09-30 15:00:00+00:00,shard-008,0.00010637331235585634,50.69247390419703,3,True,0.00017094897106773033,7.272629500221228e-05,7.52749764020202e-05,101.38515751821632,101.38498656924526,50.69264435533586,50.69251316288046,50.69260165115932,-50.69250361860098,-9.80325550357486e-05,50.69247045870062,True,/Users/bmeyers/github/cvxopf/experiments/case118_annual_hierarchy/results/s4b_annual_ac/shard-008/window-006543-speculative.json.gz,4b72472343109c5c7bdec0234dea54097456789322e2ee0355bd3f798a3902b2,s4b-shard-008/ac-006543/spec-v1-00
3231,2025-05-15 15:00:00+00:00,shard-004,4.3587745299598616e-05,48.555231567067224,3,True,9.18868695526706e-05,6.15990919746831e-05,6.479151059527846e-05,97.11057343220224,97.11048154533269,48.55530181479792,48.55527161740433,48.55528350985903,-48.55525479810552,-2.8711753328292752e-05,48.55525331246526,True,/Users/bmeyers/github/cvxopf/experiments/case118_annual_hierarchy/results/s4b_annual_ac/shard-004/window-003231-9a8a73d90c0b3cd4.json.gz,df5facb509c1eb520d1144a7b6e12a76ebe59eb03d8e05b54d48a7d78e270764,ac-3231-00-primary_controlling
6807,2025-10-11 15:00:00+00:00,shard-009,6.483283477788239e-05,46.76213949796685,3,True,0.00012544466077433895,7.47997912595471e-05,7.479979133106433e-05,93.5854293916021,93.58530394694134,46.79272663457753,46.79270275702458,46.792720926428416,-46.76216254820085,-0.030527088608027893,46.79266575925593,True,/Users/bmeyers/github/cvxopf/experiments/case118_annual_hierarchy/results/s4b_annual_ac/shard-009/window-006807-speculative.json.gz,5d3f7e3ccda2e22f89241793d1d1e60b254b5224f5b097298c458028bf90313e,s4b-shard-009/ac-006807/spec-v1-00
4383,2025-07-02 15:00:00+00:00,shard-005,1.312746742931914e-05,44.77198938833165,3,True,4.8696380694268626e-05,4.529387225860049e-05,5.262382764852387e-05,89.54406036102043,89.54401166463974,44.77201177207503,44.77204858894542,44.772034801947164,-44.771972391434915,-1.245747436748077e-05,44.77202166577966,True,/Users/bmeyers/github/cvxopf/experiments/case118_annual_hierarchy/results/s4b_annual_ac/shard-005/window-004383-speculative.json.gz,2f9b77ef4fdcd6d8f809dfa3eb9f5972975b3c4baf93a7a5f9ff559f2035a638,s4b-shard-005/ac-004383/spec-v1-00
6375,2025-09-23 15:00:00+00:00,shard-008,6.767101406578879e-06,43.757317074265906,3,True,5.501926702725926e-05,6.077467156711194e-05,6.359417039492743e-05,87.5153692022038,87.51531418293678,43.75770757034178,43.75766163186202,43.75769085633406,-43.75733629841333,-0.00035455792035774653,43.75764491785392,True,/Users/bmeyers/github/cvxopf/experiments/case118_annual_hierarchy/results/s4b_annual_ac/shard-008/window-006375-speculative.json.gz,a2e71ec2cf431d309b0755e52a607912f0c0f48900cedfb303d42be6c65efbba,s4b-shard-008/ac-006375/spec-v1-00
8413,2025-12-17 13:00:00+00:00,shard-011,0.0002043453981119825,42.68343415047403,3,True,0.00017498822750255938,8.946447437657712e-05,8.946447434097018e-05,85.36710421964912,85.36692923142162,42.68349208495826,42.683612134690854,42.683494744376816,-42.683475504673964,-1.2348071984095845e-05,42.68360790247854,True,/Users/bmeyers/github/cvxopf/experiments/case118_annual_hierarchy/results/s4b_annual_ac/shard-011/window-008413-speculative.json.gz,26efec339bcb322834c84639c41f26ef6e1af439e57cc2c5b8e4752ec974f7ee,s4b-shard-011/ac-008413/spec-v1-00
6136,2025-09-13 16:00:00+00:00,shard-008,1.7512663305296883e-05,42.597863705294394,3,True,7.29450372105589e-05,6.201386045034951e-05,6.514856370180161e-05,85.1958158800785,85.1957429350413,42.597926699104086,42.59788918097439,42.59791791518848,-42.5978802170532,-2.0943931365481557e-05,42.59786364285488,True,/Users/bmeyers/github/cvxopf/experiments/case118_annual_hierarchy/results/s4b_annual_ac/shard-008/window-006136-speculative.json.gz,c8851552a3dc34b72f0f8950dfd55f5209a8156f7e903b24d3438b48a6bd5513,s4b-shard-008/ac-006136/spec-v1-00
4359,2025-07-01 15:00:00+00:00,shard-005,5.8620002266085436e-05,42.06162512055867,3,True,6.996013553273173e-05,4.3919392840319205e-05,5.072695762694178e-05,84.12448807869518,84.12441811855965,42.06221278062986,42.06227529806532,42.0622190148181,-42.06162928933509,-0.0005680585895308736,42.06225986536008,True,/Users/bmeyers/github/cvxopf/experiments/case118_annual_hierarchy/results/s4b_annual_ac/shard-005/window-004359-speculative.json.gz,b37d9b1b6afd762463f0614606b50390ae9fbaa4a9bd682ac21831bc32b06a4b,s4b-shard-005/ac-004359/spec-v1-00
6975,2025-10-18 15:00:00+00:00,shard-009,8.128984197407207e-06,41.915527617231085,3,True,7.630521224193457e-05,7.764889425151619e-05,7.764889419423943e-05,84.36095405943452,84.36087775422227,42.18051444815629,42.18043961127824,42.18049353228539,-41.91555463697202,-0.26493889531133413,42.1804186954053,True,/Users/bmeyers/github/cvxopf/experiments/case118_annual_hierarchy/results/s4b_annual_ac/shard-009/window-006975-speculative.json.gz,72c62e17c9c1b27d71e9bba7caaafe47c89067ca78228736ca3370b2d1fa1eef,s4b-shard-009/ac-006975/spec-v1-00
446,2025-01-19 14:00:00+00:00,shard-000,0.0005607080937473086,39.94945053648494,3,True,0.0006303258686273239,7.523682747390126e-05,7.805521491197565e-05,79.89898671416317,79.89835638829454,39.94980852001493,39.949178194148246,39.949702963047315,-39.949483446120254,-0.00021951692609048688,39.949072637179654,True,/Users/bmeyers/github/cvxopf/experiments/case118_annual_hierarchy/results/s4b_annual_ac/shard-000/window-000446-c31d6ec65b5a76c9.json.gz,e67d00090d63652e6d3f20b8322b022821621724730b76ee9ca76b7b6d079c70,ac-446-00-primary_controlling
185,2025-01-08 17:00:00+00:00,shard-000,0.00024909048918431154,38.24161978235824,3,True,355.7844474317052,355.78420000088664,355.78420000088676,355.78444743170405,-1.1368683772161603e-12,-0.0,355.78444743170405,355.78444743170485,38.24162258322819,161.86629279890235,155.67653204957358,False,/Users/bmeyers/github/cvxopf/experiments/case118_annual_hierarchy/results/s4b_annual_ac/shard-000/window-000185-074fa7fa70a2720c.json.gz,05cb8503b26d5eba9b90ea1f14c68cb53e786eecf69738c6be0427382fb884b0,ac-185-00-primary_controlling
4335,2025-06-30 15:00:00+00:00,shard-005,7.873985845674447e-05,37.87012313141654,3,True,0.00011231419836299494,4.134101884578634e-05,4.509965924728542e-05,75.74142852191189,75.74131620771352,37.870697792192026,37.87073072971987,37.87069755531057,-37.869921955353554,-0.0005529107140953806,37.870507803595494,True,/Users/bmeyers/github/cvxopf/experiments/case118_annual_hierarchy/results/s4b_annual_ac/shard-005/window-004335-speculative.json.gz,1ded60503da71df0ed5970bf34a25f4ca4bcb9149f9dfdf280d1b655d9b3afa7,s4b-shard-005/ac-004335/spec-v1-00
3472,2025-05-25 16:00:00+00:00,shard-004,2.295277078556701e-05,37.82318938239125,3,True,4.072031482843519e-05,2.9813702057623903e-05,3.5267298879481656e-05,75.64642287018037,75.64638214986554,37.8232065433855,37.823216326794864,37.8232156157621,-37.82318357936897,-3.7675031151417386e-06,37.82319713028145,True,/Users/bmeyers/github/cvxopf/experiments/case118_annual_hierarchy/results/s4b_annual_ac/shard-004/window-003472-speculative.json.gz,eb9b147b2b4cad772c5b18ff76fcf2896069f74b38f68081979354bde367fd17,s4b-shard-004/ac-003472/spec-v1-00
4029,2025-06-17 21:00:00+00:00,shard-005,1.2886670910261522e-05,37.61479027818636,3,True,5.3502948468009404e-05,5.377422457414349e-05,5.377422458204823e-05,75.22961579579827,75.2295622928498,37.61482528509521,37.61479051070305,37.61481905828107,37.61477529799401,-1.3334868331593149e-05,-37.61479673751784,True,/Users/bmeyers/github/cvxopf/experiments/case118_annual_hierarchy/results/s4b_annual_ac/shard-005/window-004029-speculative.json.gz,8c3d3304e7114e886f86fa921fe9865e5a25b65a2800a7931f5d5bd874ce45fc,s4b-shard-005/ac-004029/spec-v1-00
4269,2025-06-27 21:00:00+00:00,shard-005,0.00033861745656221885,36.162104332292614,3,True,0.00034855795158149203,0.0004601158019336548,0.00046011580195150036,72.32414825427658,72.323799696325,36.1619394365044,36.16220881777219,36.162166746675354,36.16205117128731,6.336481261969945e-05,-36.16184515483214,True,/Users/bmeyers/github/cvxopf/experiments/case118_annual_hierarchy/results/s4b_annual_ac/shard-005/window-004269-speculative.json.gz,1be8b4b475ce0c5b3a13428ecfe5a8e34a24f1fdf15d66d77033f3f240784e76,s4b-shard-005/ac-004269/spec-v1-00
3381,2025-05-21 21:00:00+00:00,shard-004,1.7039877247659874e-05,34.935731985099224,3,True,6.142549684423626e-05,5.3445092920989534e-05,5.3445092928667014e-05,69.87149497391752,69.87143354842068,34.93576274504954,34.935732228867984,34.93576242500622,34.93571706914924,-1.503641782148858e-05,-34.93573254891298,True,/Users/bmeyers/github/cvxopf/experiments/case118_annual_hierarchy/results/s4b_annual_ac/shard-004/window-003381-speculative.json.gz,030db9d20f3323e5f751308565d2546ecce20e81922e0f502aeb2b3356925304,s4b-shard-004/ac-003381/spec-v1-00
3519,2025-05-27 15:00:00+00:00,shard-004,3.099164514197561e-05,34.85416554566863,3,True,4.725304168379241e-05,2.904619849924961e-05,3.427840065970977e-05,71.39255905749282,71.39251180445113,35.69626978645386,35.696289271038964,35.696280615549604,-34.85415729350299,-0.8420927743508032,35.6962695524389,True,/Users/bmeyers/github/cvxopf/experiments/case118_annual_hierarchy/results/s4b_annual_ac/shard-004/window-003519-speculative.json.gz,86430f050e34bfad4db2621e7078d7b052f88184ffbc265903ac9c5303a978e0,s4b-shard-004/ac-003519/spec-v1-00
3831,2025-06-09 15:00:00+00:00,shard-005,1.764972706141954e-05,34.831896102830896,3,True,5.494680783513228e-05,4.961197878061707e-05,5.488644069667753e-05,69.66386150102518,69.66380655421735,34.83191523625577,34.831946264769414,34.83193964670509,-34.83187507462685,-8.581753562422968e-06,34.831914684894066,True,/Users/bmeyers/github/cvxopf/experiments/case118_annual_hierarchy/results/s4b_annual_ac/shard-005/window-003831-0b01a0711f5ff4e1.json.gz,f3e4cd3da9f531752773b99c7999f003072bfe51b9fcc5eb311f4181406fd499,ac-3831-00-primary_controlling
6981,2025-10-18 21:00:00+00:00,shard-009,7.153297426452931e-05,33.81280206072568,3,True,0.00015258692856226497,8.377862213486409e-05,8.377862219987663e-05,67.80627055566923,67.80611796874066,33.90319929357459,33.90307126209462,33.90312746242717,33.81277097572504,0.09023762536288173,-33.90313663256788,True,/Users/bmeyers/github/cvxopf/experiments/case118_annual_hierarchy/results/s4b_annual_ac/shard-009/window-006981-speculative.json.gz,5cbae3e8ca66d15941878a9fe52593b988295b6d6558d74da570ffc4e2b774cb,s4b-shard-009/ac-006981/spec-v1-00
4174,2025-06-23 22:00:00+00:00,shard-005,0.00031625769601734133,33.270905455722556,3,True,0.00023047771628847968,0.0003661542549637242,0.00036615425491410105,66.54187544480138,66.54164496708509,33.27105171643669,33.27082372836468,33.27086267409736,33.27080468019709,-1.989756502869225e-05,-33.27101277070406,True,/Users/bmeyers/github/cvxopf/experiments/case118_annual_hierarchy/results/s4b_annual_ac/shard-005/window-004174-speculative.json.gz,7d690fbd20f9856c6b21e2da11292cbd211de02f8a8e08368438c3cd9121ab04,s4b-shard-005/ac-004174/spec-v1-00
5877,2025-09-02 21:00:00+00:00,shard-007,7.629980392920288e-05,29.835614462566127,3,True,2.9436167153562565e-05,0.0001014167293149626,0.00010141672922997497,59.90395525934736,59.90392582318021,29.951965071212797,29.951990188134577,29.951982852099967,29.835584803935898,0.11639804816234968,-29.951957735176467,True,/Users/bmeyers/github/cvxopf/experiments/case118_annual_hierarchy/results/s4b_annual_ac/shard-007/window-005877-speculative.json.gz,458eabd68042004103b3eec411ef30b93d4d410046c95f5fb60b977d001119b4,s4b-shard-007/ac-005877/spec-v1-00
5415,2025-08-14 15:00:00+00:00,shard-007,2.017322891134654e-05,29.470046208053734,3,True,4.752768720805989e-05,3.3277778385354395e-05,3.9953273447616874e-05,58.9401724844763,58.94012495678909,29.470067993318967,29.470104491157333,29.470081394539278,-29.47003427682737,-1.686615371583489e-05,29.470087640819454,True,/Users/bmeyers/github/cvxopf/experiments/case118_annual_hierarchy/results/s4b_annual_ac/shard-007/window-005415-speculative.json.gz,73a3bafd7b0b7f4b01cb3c97e2fccd091e17f16d1e275186af169d0a227dcf2b,s4b-shard-007/ac-005415/spec-v1-00
3117,2025-05-10 21:00:00+00:00,shard-004,0.0001503142705937023,28.714430987925933,3,True,0.00015217723096211389,0.0002737944875843522,0.00027379448760706096,57.42882133454537,57.42866915731441,28.714470959712166,28.714350374833206,28.714350605163784,28.71435027394639,-1.2944374076657285e-07,-28.71447072938161,True,/Users/bmeyers/github/cvxopf/experiments/case118_annual_hierarchy/results/s4b_annual_ac/shard-004/window-003117-91d7d5ee82b637bb.json.gz,9901fb7f2bed3a0778672a3b3707c18a3acabeca2f984cf8d6418d171ceccc85,ac-3117-00-primary_controlling
8535,2025-12-22 15:00:00+00:00,shard-011,4.382226082810803e-05,27.78123314922157,3,True,117.60114179799847,117.60109797573764,117.60117997498163,117.60114847643126,6.6784327970026425e-06,3.339216390293199e-06,117.60114513721487,117.60114179799847,27.78119214959949,8.754121732386864,81.06582791601211,False,/Users/bmeyers/github/cvxopf/experiments/case118_annual_hierarchy/results/s4b_annual_ac/shard-011/window-008535-speculative.json.gz,e68260d9ca5d8f2577818328932500230890a53cbce8de741de4cf6caa29f028,s4b-shard-011/ac-008535/spec-v1-00
4911,2025-07-24 15:00:00+00:00,shard-006,4.49997003926228e-06,26.80119227126917,3,True,3.3681865325263516e-05,3.429693319390026e-05,3.8270394537372124e-05,53.602415298965646,53.60238161710032,26.801224060749316,26.80119123821634,26.801217889850186,-26.801207490405368,-1.0399444130519862e-05,26.80118506731652,True,/Users/bmeyers/github/cvxopf/experiments/case118_annual_hierarchy/results/s4b_annual_ac/shard-006/window-004911-speculative.json.gz,00321f692db1e71bbe3686c0315aaa022a65553abed0c0860254631d207b20fa,s4b-shard-006/ac-004911/spec-v1-01
254,2025-01-11 14:00:00+00:00,shard-000,0.0006582335298653862,26.50267822751261,3,True,0.0008388213855613329,0.00018428469113485665,0.00018576825863102884,53.39458181978722,53.393742998401656,26.697668235220195,26.69691358456702,26.697370598671753,-26.50277762866182,-0.19459297000577538,26.696615948014422,True,/Users/bmeyers/github/cvxopf/experiments/case118_annual_hierarchy/results/s4b_annual_ac/shard-000/window-000254-1a2a843c42b3bd3c.json.gz,adf19a40797e5b3c772b364951a4997fe67dd5131dcda3747197aabf70135179,ac-254-00-primary_controlling
5919,2025-09-04 15:00:00+00:00,shard-007,1.1988299418656096e-05,25.99284165642791,3,True,5.031080815242475e-05,4.461541127891364e-05,4.771799567757454e-05,51.98573839345543,51.98568808264728,25.992889028311005,25.992849365144423,25.992875341248514,-25.992859974119852,-1.5367127262816923e-05,25.99283567808053,True,/Users/bmeyers/github/cvxopf/experiments/case118_annual_hierarchy/results/s4b_annual_ac/shard-007/window-005919-speculative.json.gz,de01dabc954f7ac4cc38feb581e22d570cf6e679a0d03fc6d92b875e553fd78f,s4b-shard-007/ac-005919/spec-v1-00
519,2025-01-22 15:00:00+00:00,shard-000,0.0001028359399697365,24.118768798776813,3,True,41.978874467602786,41.978774324828315,41.978973434474334,61.57426965201405,19.595395184411267,9.797697592205635,51.776572059808416,41.97887446760278,24.118720097147076,-2.5403910624068153,20.400545432862526,False,/Users/bmeyers/github/cvxopf/experiments/case118_annual_hierarchy/results/s4b_annual_ac/shard-000/window-000519-92e72bea9b347e86.json.gz,f97ae17381b1c431a0f1e6d8b62e8985172804646e86bf9aa094ad92ae5023c4,ac-519-00-primary_controlling
3549,2025-05-28 21:00:00+00:00,shard-004,0.00023582903781987972,23.902944848908163,3,True,0.000300416008176986,6.45869703571063e-05,6.458697030807058e-05,47.80573135400782,47.80543093799964,23.902775946835508,23.90295540717231,23.902989870046696,23.902930214582668,-1.2801151019721939e-05,-23.902737953094846,True,/Users/bmeyers/github/cvxopf/experiments/case118_annual_hierarchy/results/s4b_annual_ac/shard-004/window-003549-speculative.json.gz,845e140552265223316a7d05947d5b70b901ddf0f5b2df6b06ab0618f753b1cf,s4b-shard-004/ac-003549/spec-v1-00
782,2025-02-02 14:00:00+00:00,shard-001,2.8700983143892245e-05,23.765570793736543,3,True,4.1013973106629464e-05,2.651680818033242e-05,2.6516808030590824e-05,47.53118191862775,47.53114090465465,23.765573683530224,23.765608235097524,23.765583053798316,-23.76556681399638,3.032306015039443e-06,23.765598333257667,True,/Users/bmeyers/github/cvxopf/experiments/case118_annual_hierarchy/results/s4b_annual_ac/shard-001/window-000782-09e8b52375dc1b79.json.gz,5a2788c450ffc781771eaf64dd4c27f6846999377a060804680cc0b8dd31c23b,ac-782-00-primary_controlling
677,2025-01-29 05:00:00+00:00,shard-000,0.0003465773829609553,23.059592207614713,3,True,0.0006319531091340536,0.0003413749446158909,0.0003413749446129012,75.28516440232465,75.28453244921552,37.64289739757791,37.642267004746735,37.642335150671926,23.059510346316447,14.582688090450775,-37.6428288295984,True,/Users/bmeyers/github/cvxopf/experiments/case118_annual_hierarchy/results/s4b_annual_ac/shard-000/window-000677-6def646904518a9d.json.gz,ae1327608e1f5496967236a64984d23ef6baf377127be379eef25dc09105b638,ac-677-02-copied_target_free
5055,2025-07-30 15:00:00+00:00,shard-006,0.0006855157015905888,22.51716871501419,3,True,0.0003152709319067526,0.0004373460606501567,0.0017605845513318195,45.032572359544396,45.03225708861249,22.516162094952353,22.51641026459204,22.516329296788427,-22.515952835494218,-2.0474474349972734e-05,22.51622147960826,False,/Users/bmeyers/github/cvxopf/experiments/case118_annual_hierarchy/results/s4b_annual_ac/shard-006/window-005055-speculative.json.gz,d514883e9e703080d7decb4fc0e33b3b958b199f044e5241feb8fe9df00cd6fa,s4b-shard-006/ac-005055/spec-v1-00
2727,2025-04-24 15:00:00+00:00,shard-003,1.7753335729491643e-05,22.456973429692745,3,True,6.335416573930233e-05,7.095515829203675e-05,7.443473276456994e-05,44.91405138161321,44.91398802744747,22.457030176769422,22.457021204843787,22.45703916980255,-22.456969274277906,-2.8448659359866107e-05,22.456988751011632,True,/Users/bmeyers/github/cvxopf/experiments/case118_annual_hierarchy/results/s4b_annual_ac/shard-003/window-002727-3fc0ac7dfed17c48.json.gz,f3fdfe4a4666ea276f9dfa0a1ae2feeb6502f2cc7d48acec132e3da8c4ce7a0e,ac-2727-00-primary_controlling
5685,2025-08-25 21:00:00+00:00,shard-007,0.00012417430150435393,22.141923318865516,3,True,0.00015817688914410155,5.442758056517505e-05,5.4427580751390784e-05,44.52365532887746,44.523497151988316,22.261816300673612,22.261839028203855,22.261886401238087,22.14188754550215,0.11990410967012755,-22.261768927642034,True,/Users/bmeyers/github/cvxopf/experiments/case118_annual_hierarchy/results/s4b_annual_ac/shard-007/window-005685-speculative.json.gz,eca71296a37a78263619b8e0bfaad41182ade84e470e793bdd88cb8a857b7753,s4b-shard-007/ac-005685/spec-v1-00
5367,2025-08-12 15:00:00+00:00,shard-007,1.997797753716668e-05,21.44119428597083,3,True,4.699138824548754e-05,5.088027135258244e-05,5.461734921407287e-05,42.88243968243039,42.88239269104214,21.441225603054303,21.441214079376085,21.44122293576644,-21.441200650619255,-8.098297749965352e-06,21.441197225238785,True,/Users/bmeyers/github/cvxopf/experiments/case118_annual_hierarchy/results/s4b_annual_ac/shard-007/window-005367-speculative.json.gz,a48ad906cc0e15d0eedf03f733f0980178fa5bf02e1dd8f7b0e40fe644ee98f9,s4b-shard-007/ac-005367/spec-v1-00
2637,2025-04-20 21:00:00+00:00,shard-003,0.00023291564830758753,20.09908505441798,3,True,24.621872448460426,24.622057478409772,24.622057478409808,63.668392218016535,39.04651976955611,44.145105931106954,19.523286286909574,28.415034512086123,18.940830670891895,-8.309292609156504,-35.25335770593278,False,/Users/bmeyers/github/cvxopf/experiments/case118_annual_hierarchy/results/s4b_annual_ac/shard-003/window-002637-fa2405224a1f5d66.json.gz,24d3a4200cf99cc97c2ba334d44ed49c1db955239e92811971fe51ea9385a125,ac-2637-02-copied_target_free
14,2025-01-01 14:00:00+00:00,shard-000,0.00015790223432077255,19.7095651005668,3,True,3.3922311644118963e-06,0.0001564833745675287,0.00015648337451588083,39.419000797527175,39.41899740529601,19.70949930622297,19.70950149130421,19.709499948019108,19.709499901610297,3.6824443971888414e-08,-19.709497753353503,True,/Users/bmeyers/github/cvxopf/experiments/case118_annual_hierarchy/results/s4b_annual_ac/shard-000/window-000014-eacf1d92030e42bd.json.gz,55f4674ffeb8d8f9574390ae06eefb3b3d5403ba44db3e8201450400882f496f,ac-014-00-primary_controlling
5031,2025-07-29 15:00:00+00:00,shard-006,8.489601910871805e-05,19.520745911736736,3,True,0.00011739182562350709,3.785667377778251e-05,4.1673413931258694e-05,39.041676459570425,39.0415590677448,19.520813000522857,19.52086345904757,19.520829168626264,-19.520754031814487,-2.0964562333832268e-05,19.52082545490153,True,/Users/bmeyers/github/cvxopf/experiments/case118_annual_hierarchy/results/s4b_annual_ac/shard-006/window-005031-speculative.json.gz,aec6f018853d59cd6757c3e83f633ace8ececda82429e9183da84d945a90ded8,s4b-shard-006/ac-005031/spec-v1-00
3616,2025-05-31 16:00:00+00:00,shard-004,3.7471229358265745e-05,19.033447593019517,3,True,7.686432681458522e-05,4.679016880587694e-05,5.009286306444201e-05,38.067006693811614,38.0669298294848,19.03353395194415,19.033472741867467,19.03350863041398,-19.033465979758617,-4.265065317713703e-05,19.033447420335115,True,/Users/bmeyers/github/cvxopf/experiments/case118_annual_hierarchy/results/s4b_annual_ac/shard-004/window-003616-speculative.json.gz,e1d69d3ed74fe47f84c66da21bbad031fa877f9e5408b06e899f9ba61e83bc6e,s4b-shard-004/ac-003616/spec-v1-00
5445,2025-08-15 21:00:00+00:00,shard-007,3.718284569487196e-05,16.768735413430235,3,True,3.676385379947078e-05,7.300734016979504e-05,7.300734023567464e-05,33.61825793384328,33.61822116998948,16.809110584995533,16.809147348847755,16.80914696996267,16.76876778467746,0.04037918528441185,-16.80911020610965,True,/Users/bmeyers/github/cvxopf/experiments/case118_annual_hierarchy/results/s4b_annual_ac/shard-007/window-005445-speculative.json.gz,bc3945922c424a8b4e1b067b4af495ff0825a267c8930b7f4f1e777466f8b7cc,s4b-shard-007/ac-005445/spec-v1-00
1361,2025-02-26 17:00:00+00:00,shard-001,1.5294361539019974e-05,16.175263944110416,3,True,223.5510644566218,223.55104935963243,223.5510589137581,223.5510644566209,-8.810729923425242e-13,2.8508129242574385e-08,223.55106442811277,223.5510644566216,16.175259145865226,114.56525193638066,92.81055331735875,False,/Users/bmeyers/github/cvxopf/experiments/case118_annual_hierarchy/results/s4b_annual_ac/shard-001/window-001361-ed8fb9cac15b96a5.json.gz,07363c4c650cbd6649c5f044b107e0d1a0e022cdc480740f58ba831ecccd3c0f,ac-1361-00-primary_controlling
7475,2025-11-08 11:00:00+00:00,shard-010,0.0,15.589331571175967,3,False,405.9038286165244,405.9038286165244,405.9038290387593,405.9038286165239,-4.547473508864641e-13,405.9038286165239,0.0,405.9038286165242,-204.79193276337628,-157.17892512967748,-43.932970723470156,False,/Users/bmeyers/github/cvxopf/experiments/case118_annual_hierarchy/results/s4b_annual_ac/shard-010/window-007475-speculative.json.gz,2fcfb6c9535d9cc55205c79a3c13a971afdbd72f865c2a755da35d743a29d24a,s4b-shard-010/ac-007475/spec-v1-00
5517,2025-08-18 21:00:00+00:00,shard-007,2.880463507182185e-05,14.972352102274469,3,True,7.288724803089508e-05,4.932111235689263e-05,4.932111240417023e-05,30.056225881150553,30.056152993902522,15.028128591855463,15.028097289295093,15.028128836156995,14.972335010785226,0.055730731649904094,-15.028097044995501,True,/Users/bmeyers/github/cvxopf/experiments/case118_annual_hierarchy/results/s4b_annual_ac/shard-007/window-005517-speculative.json.gz,7ae6313746aab2bd6125f4df9f20774e786190e8c4106351974ef2eb6e8d11f0,s4b-shard-007/ac-005517/spec-v1-00
5061,2025-07-30 21:00:00+00:00,shard-006,0.0002724919637842049,14.362326626510836,3,True,0.0007081733896185938,0.00043677014260623537,0.00043677014261912534,28.726686297681223,28.725978124291604,14.363028969413612,14.363657328267609,14.363498152712076,14.362426737794541,0.0010196372709325016,-14.36281801621148,True,/Users/bmeyers/github/cvxopf/experiments/case118_annual_hierarchy/results/s4b_annual_ac/shard-006/window-005061-speculative.json.gz,7b9d4db865f45b0248cb28ff605826befe91e73d31c133c4d7888a3fc9f5a3ba,s4b-shard-006/ac-005061/spec-v1-00
6878,2025-10-14 14:00:00+00:00,shard-009,2.9675437779985714e-05,14.31899420477129,3,True,7.94232672092221e-05,6.537495394098869e-05,6.752461750818867e-05,28.639502409718922,28.639422986451713,14.319753131151645,14.319749278567276,14.319751476068369,-14.31900518595036,-0.0007264898424162779,14.319727823208407,True,/Users/bmeyers/github/cvxopf/experiments/case118_annual_hierarchy/results/s4b_annual_ac/shard-009/window-006878-speculative.json.gz,9924d8b3b5b338fc87fa3cdfd044c45fc369b49f1ceaa269861dd8c0ea7795e0,s4b-shard-009/ac-006878/spec-v1-00
926,2025-02-08 14:00:00+00:00,shard-001,5.840961558511992e-05,14.284284858221891,3,True,3.8961990195929275e-05,7.474117210470865e-05,7.60560276530035e-05,28.56866166009962,28.568622698109426,14.284336714770161,14.284324945329464,14.28434079241089,-14.284323343858608,-1.633705448856936e-06,14.284313208123361,True,/Users/bmeyers/github/cvxopf/experiments/case118_annual_hierarchy/results/s4b_annual_ac/shard-001/window-000926-89bedc0fbfa23a2d.json.gz,719b93555e6281a781fb987f66803ef458771f5900294dbc0b1d481b35f39039,ac-926-02-copied_target_free
6854,2025-10-13 14:00:00+00:00,shard-009,7.39665118061339e-05,14.224692298199367,3,True,3.766581559005999e-05,0.00011163232739619389,0.00011163232752744058,28.465318946784485,28.465281280968895,14.232665082778365,14.23265386400612,14.232667940220985,-14.224679354514091,-0.007967050615484876,14.232635186357331,True,/Users/bmeyers/github/cvxopf/experiments/case118_annual_hierarchy/results/s4b_annual_ac/shard-009/window-006854-speculative.json.gz,076ee4eb15cb4305e2133f355b59acd9d55407e82a40ac2fb60fd66f97608d15,s4b-shard-009/ac-006854/spec-v1-00
8436,2025-12-18 12:00:00+00:00,shard-011,0.00011749953783457556,14.220868385633038,3,True,4.4656072118343104e-05,0.0001377344548103565,0.0001377344548014165,28.441810585469135,28.441765929397015,14.22092679758061,14.220883787888525,14.220923185987349,-14.22090486710157,-1.812144798078335e-05,14.220879978857466,True,/Users/bmeyers/github/cvxopf/experiments/case118_annual_hierarchy/results/s4b_annual_ac/shard-011/window-008436-speculative.json.gz,d6e4dcb54d79bd6e4631137f6732fe0b97ab0262a5b0f383a83ece63232afb30,s4b-shard-011/ac-008436/spec-v1-00
7814,2025-11-22 14:00:00+00:00,shard-010,7.531662620501815e-05,14.207358557585916,3,True,6.163360635501672e-05,7.775829024707099e-05,7.898841844382551e-05,28.414908174555574,28.41484654094922,14.207472366121,14.207435808434575,14.207468587578399,-14.207409162333484,-4.6498271926346824e-05,14.207419102918985,True,/Users/bmeyers/github/cvxopf/experiments/case118_annual_hierarchy/results/s4b_annual_ac/shard-010/window-007814-speculative.json.gz,7b33006f467608cab74dfe7d7c7e6d6cb586e3a9992b70244e5fa8c5ea13666c,s4b-shard-010/ac-007814/spec-v1-00
7646,2025-11-15 14:00:00+00:00,shard-010,0.0006139434963376555,14.201898337214915,3,True,0.0006387266305755927,3.00657523710883e-05,3.006575233064641e-05,28.47519505343866,28.474556326808084,14.237306209165318,14.23788884427334,14.23770696760339,-14.201508840900095,-0.035392284595740967,14.237483760603858,True,/Users/bmeyers/github/cvxopf/experiments/case118_annual_hierarchy/results/s4b_annual_ac/shard-010/window-007646-speculative.json.gz,be6ffc35a85910b58b6402188bbd6fd35c6a2925afe72308052fa1b584be63c1,s4b-shard-010/ac-007646/spec-v1-00
7310,2025-11-01 14:00:00+00:00,shard-009,7.391573652526517e-05,14.180806629720959,3,True,7.721358768009168e-05,0.00015112932420535685,0.00015112932420909174,28.385577628795218,28.385500415207538,14.192821519056949,14.192756109738268,14.192814616519158,-14.180829047839183,-0.011978289983929472,14.19274192850443,True,/Users/bmeyers/github/cvxopf/experiments/case118_annual_hierarchy/results/s4b_annual_ac/shard-009/window-007310-speculative.json.gz,493e0f6d8c278c08bc41be6c71b91af9cf88beca4d18372f05de88fc73c65900,s4b-shard-009/ac-007310/spec-v1-00
2558,2025-04-17 14:00:00+00:00,shard-003,2.930578173904186e-05,14.066951704449655,3,True,3.675829371034556e-05,2.8344663786858404e-05,2.9767224235876586e-05,28.133963115364043,28.133926357070333,14.066987452664748,14.066975662699297,14.066988738777352,-14.066957943100029,-1.4656812435167216e-05,14.066960809947014,True,/Users/bmeyers/github/cvxopf/experiments/case118_annual_hierarchy/results/s4b_annual_ac/shard-003/window-002558-aef4198017c1de24.json.gz,0de8250f7646a968da95e917360ae6ce32a0f35be7fe76730d8b2f195e9e00ec,ac-2558-00-primary_controlling
7741,2025-11-19 13:00:00+00:00,shard-010,0.00032220543584138284,14.055591328427617,3,True,0.000900476729777111,0.001186371131858266,0.001186371131948787,28.111863517930246,28.11096304120047,14.056364062359743,14.055499455570505,14.056075229309133,-14.055771499769092,-0.00030372953765275547,14.055210622517507,False,/Users/bmeyers/github/cvxopf/experiments/case118_annual_hierarchy/results/s4b_annual_ac/shard-010/window-007741-speculative.json.gz,565e1c58d2584995b96edb97a3b8d72846446a87b2dab5b75a5ec91f10ef01dd,s4b-shard-010/ac-007741/spec-v1-00
3855,2025-06-10 15:00:00+00:00,shard-005,3.1710018159825104e-05,14.03900688880457,3,True,6.637313035712245e-05,4.913534592371205e-05,5.114916262828435e-05,32.17059520140098,32.17052882827062,16.08532122918426,16.085273972216722,16.085303624966556,-14.03902703503105,-2.0462765899331394,16.085256367996653,True,/Users/bmeyers/github/cvxopf/experiments/case118_annual_hierarchy/results/s4b_annual_ac/shard-005/window-003855-46378c7c0da9322e.json.gz,14e6f628ed265854c56eb5c10d998769a0726f66c50d4df1ff2f66358b740119,ac-3855-00-primary_controlling
7677,2025-11-16 21:00:00+00:00,shard-010,8.93849226047726e-05,13.755154518460845,3,True,0.0001085180033489003,6.605751760624216e-05,6.924571892726633e-05,27.510270587965074,27.510162069961726,13.755127260554863,13.755143327410211,13.755157316403036,13.755125694717016,-4.374682135993703e-06,-13.755105253179533,True,/Users/bmeyers/github/cvxopf/experiments/case118_annual_hierarchy/results/s4b_annual_ac/shard-010/window-007677-speculative.json.gz,6017244346c02c1dea700c03c2f47d822b4da5ec565f64d18a9813ea836f9764,s4b-shard-010/ac-007677/spec-v1-00
7981,2025-11-29 13:00:00+00:00,shard-010,5.754739386910786e-05,13.744732228694541,3,True,5.640804435338493e-05,5.244120133352965e-06,5.244120134455095e-06,27.489475772955377,27.489419364911022,13.7447312725984,13.744744500356973,13.744756551653797,-13.744706252007314,1.263709704526237e-06,13.74471821605618,True,/Users/bmeyers/github/cvxopf/experiments/case118_annual_hierarchy/results/s4b_annual_ac/shard-010/window-007981-speculative.json.gz,ab5ca70d21490ca2d08d8a493e4b4a881a2c74c8c2ff8bf5f39dbe8082258394,s4b-shard-010/ac-007981/spec-v1-00
6672,2025-10-06 00:00:00+00:00,shard-008,0.0008751223917711115,13.692096701470723,3,True,0.0013454305479629197,0.0004703081561918082,0.00047030815612551314,27.383926755431197,27.382581324883233,13.691837042601467,13.69208971282973,13.692234052149791,13.691945373510837,-0.043658104120161925,-13.648034599162411,False,/Users/bmeyers/github/cvxopf/experiments/case118_annual_hierarchy/results/s4b_annual_ac/shard-008/window-006672-speculative.json.gz,f0c86482c825a6edc071e4f54272c53f52b3ef16ddbd60d6fc28b4f4497f8f33,s4b-shard-008/ac-006672/spec-v1-00
2532,2025-04-16 12:00:00+00:00,shard-003,0.0002017964668452818,13.48328932494077,3,True,0.00017991411205662416,0.00038171057890190596,0.00038171057889556956,26.96647834251494,26.966298428402883,13.483329128310878,13.483149214204058,13.483279662366765,-13.483209658073248,-7.000429090213601e-05,13.483099748257331,True,/Users/bmeyers/github/cvxopf/experiments/case118_annual_hierarchy/results/s4b_annual_ac/shard-003/window-002532-bfb53224d2130df2.json.gz,71e929bf2908e0f071ca1400bd4d6cf348c818d534703f1eba69b77818d8623b,ac-2532-00-primary_controlling
8100,2025-12-04 12:00:00+00:00,shard-010,0.00012694980648220167,13.405551985750561,3,True,4.983012625103811e-05,0.00016965185205108924,0.0001696518520645192,26.811182252559288,26.811132422433037,13.405612477303107,13.405569775256183,13.405609596552878,-13.405595206591856,-1.4389960324252644e-05,13.405566894505256,True,/Users/bmeyers/github/cvxopf/experiments/case118_annual_hierarchy/results/s4b_annual_ac/shard-010/window-008100-speculative.json.gz,c8adced07f58adc2c9fec376ea127065c709d7b68d05240ddc38a9f6b453ba44,s4b-shard-010/ac-008100/spec-v1-00
7103,2025-10-23 23:00:00+00:00,shard-009,0.0003992088484494454,13.34419884492352,3,True,0.00047009385274083903,7.26934176780433e-05,7.274807496472624e-05,26.688837682839374,26.688367588986633,13.344624074026164,13.344213608813208,13.344229343722395,13.344156956349442,-3.210129674312384e-05,-13.344535320265654,True,/Users/bmeyers/github/cvxopf/experiments/case118_annual_hierarchy/results/s4b_annual_ac/shard-009/window-007103-speculative.json.gz,4dc8f2aa791bb64a05844e2c99f44d3d6ca273865574f718ff6f7590aa5da738,s4b-shard-009/ac-007103/spec-v1-00
7070,2025-10-22 14:00:00+00:00,shard-009,5.990329503520811e-06,13.254122082401544,3,True,2.796070377454737e-05,2.929584888010676e-05,2.9295848915692784e-05,26.508289636381924,26.50826167567815,13.254130880864226,13.2541587555177,13.254147940725728,-13.254111639153695,-2.1818505769417385e-06,13.254141695657747,True,/Users/bmeyers/github/cvxopf/experiments/case118_annual_hierarchy/results/s4b_annual_ac/shard-009/window-007070-speculative.json.gz,3491a16ddcb79ca80f3835d402fd612c7bafb036d54d7e2e51eb0f113b5e2060,s4b-shard-009/ac-007070/spec-v1-00
7054,2025-10-21 22:00:00+00:00,shard-009,4.688150660887196e-05,13.172287397857902,3,True,5.9097316762346964e-05,6.414319241882741e-05,6.418993942007914e-05,26.34461470261781,26.34455560530105,13.172298720466381,13.172315982151428,13.172298148644675,13.172298148644563,-1.1307675806323475e-05,-13.172269579283713,True,/Users/bmeyers/github/cvxopf/experiments/case118_annual_hierarchy/results/s4b_annual_ac/shard-009/window-007054-speculative.json.gz,cb68b45770027a875cc4dc13c697203fb8f6203c48d0c5ec67cf05f761e06cb6,s4b-shard-009/ac-007054/spec-v1-00
809,2025-02-03 17:00:00+00:00,shard-001,0.000790891689241846,13.082559956039631,3,True,219.04390475223104,219.0446614699209,219.04467132819147,219.0439047522288,-2.2453150450019166e-12,-0.0,219.0439047522288,219.04390475223047,13.082634114050835,104.785717533921,101.17555310425695,False,/Users/bmeyers/github/cvxopf/experiments/case118_annual_hierarchy/results/s4b_annual_ac/shard-001/window-000809-feb6d7b318dcacd8.json.gz,a564efca7b6002cc3a680153c29bc6774a7b88a33e26d0eb273a09e171885200,ac-809-00-primary_controlling
2364,2025-04-09 12:00:00+00:00,shard-003,0.00014135653198034392,13.067796096932312,3,True,0.0001362711220687582,0.00023240414621900768,0.00023240414630645544,26.1355652229498,26.13542895182773,13.06785074703405,13.067714475915746,13.067810884841538,-13.06776758395774,-4.33008819567595e-05,13.067674613721392,True,/Users/bmeyers/github/cvxopf/experiments/case118_annual_hierarchy/results/s4b_annual_ac/shard-003/window-002364-63602cac9bc35bb3.json.gz,e60d32146a9ba94c66037a6f96568ad1816ad567a439a00971256d348de58c4f,ac-2364-00-primary_controlling
7559,2025-11-11 23:00:00+00:00,shard-010,7.544098002494528e-06,13.041941504654531,3,True,9.840097404479383e-05,0.00010594507204728836,0.00010594507203104933,26.08397525865435,26.083876857680302,13.042036829813906,13.041938428840448,13.042000770632756,13.041908418947944,-3.260667876525786e-05,-13.041974213242638,True,/Users/bmeyers/github/cvxopf/experiments/case118_annual_hierarchy/results/s4b_annual_ac/shard-010/window-007559-speculative.json.gz,dadd92379f9dd451956a5d6a82753bb3fca25eb56b5cc3f832b72fdfafb7909f,s4b-shard-010/ac-007559/spec-v1-00
5541,2025-08-19 21:00:00+00:00,shard-007,6.63580394260066e-05,12.832970949046524,3,True,6.774800605313658e-05,7.070126792996234e-05,7.448053686995681e-05,25.66589407677465,25.665826328768595,12.832926315967379,12.83296776080727,12.83296543608072,12.832947150545817,4.481306029444625e-06,-12.832910187011956,True,/Users/bmeyers/github/cvxopf/experiments/case118_annual_hierarchy/results/s4b_annual_ac/shard-007/window-005541-speculative.json.gz,6db55c13a9f1d1c21f58f829fa8be73bc2cea4f1aae44c20f7fbcecdcf8d4d22,s4b-shard-007/ac-005541/spec-v1-00
7317,2025-11-01 21:00:00+00:00,shard-009,0.0003621780922209439,12.732677322166907,3,True,0.0004596783664965187,0.00014679780435145062,0.00014679780440259523,25.46515648345691,25.464696805090412,12.732467037390775,12.732689446066134,12.732756367834108,12.73263356691383,-3.4476044679883105e-05,-12.73237668219379,True,/Users/bmeyers/github/cvxopf/experiments/case118_annual_hierarchy/results/s4b_annual_ac/shard-009/window-007317-speculative.json.gz,80f6a283847c0fd79dd8c31a387171e039aacc204a257f49a4619f4dcdebf648,s4b-shard-009/ac-007317/spec-v1-00
4023,2025-06-17 15:00:00+00:00,shard-005,1.51229433128508e-05,12.710477512765094,3,True,3.35110337884581e-05,4.663906263724371e-05,5.022377602340239e-05,25.42098557153155,25.42095206049776,12.710508590427237,12.710476981104314,12.710497933287863,-12.71048647864351,-1.1454642483556002e-05,12.71046632396307,True,/Users/bmeyers/github/cvxopf/experiments/case118_annual_hierarchy/results/s4b_annual_ac/shard-005/window-004023-speculative.json.gz,a38e37f337352c0cb77faac34dada469aaa3c21c1f7c875e0da06ed8f9113de9,s4b-shard-005/ac-004023/spec-v1-00
1606,2025-03-08 22:00:00+00:00,shard-002,0.0001971292793894173,12.611103888314993,3,True,0.0011386705377537192,0.0010462413221999714,0.0010462413220781075,25.222894732121652,25.2217560615839,12.612016701329708,12.610878030791946,12.611387170155073,12.610654491012573,-0.00028559958380131034,-12.611507561966533,False,/Users/bmeyers/github/cvxopf/experiments/case118_annual_hierarchy/results/s4b_annual_ac/shard-002/window-001606-f297d04f2e5d62e2.json.gz,be1d5164194a7a619dec186ff639800a01a25f0dc0977499365150b7e36455f9,ac-1606-00-primary_controlling
7584,2025-11-13 00:00:00+00:00,shard-010,0.00015442035060070488,12.556623005478347,3,True,0.0002746726351163754,0.0001358283673360051,0.00013582836725243807,25.11346838064209,25.113193708006975,12.556847744259935,12.556620636382151,12.556700961766033,12.556572264426558,-4.008688501805628e-05,-12.556759285419323,True,/Users/bmeyers/github/cvxopf/experiments/case118_annual_hierarchy/results/s4b_annual_ac/shard-010/window-007584-speculative.json.gz,8579c83c8edc1ba417dbb884ac050fa4f11001dca3628a93655675d960b3348a,s4b-shard-010/ac-007584/spec-v1-00
6667,2025-10-05 19:00:00+00:00,shard-008,0.00025146740828655215,12.498977133578109,3,True,0.0009251805283301776,0.0006835750798968223,0.0006835750800213879,26.46183751155325,26.460912331024918,13.231291301223443,13.230546210329807,13.231073680140225,12.498680236605347,0.731338503913944,-13.230763831412927,True,/Users/bmeyers/github/cvxopf/experiments/case118_annual_hierarchy/results/s4b_annual_ac/shard-008/window-006667-speculative.json.gz,904756b52a1cac644543b7fcc6bb6c4a8f1b10588185ea981db88c92b7195d10,s4b-shard-008/ac-006667/spec-v1-00
7608,2025-11-14 00:00:00+00:00,shard-010,0.00013264698589665613,12.060795919537048,3,True,0.00022999484816565996,0.00010061555459017768,0.00010061555458669169,24.121787527138558,24.121557532290392,12.060994231756059,12.060793295382503,12.060857693078685,12.060758816012767,-3.366205517498281e-05,-12.060926090331147,True,/Users/bmeyers/github/cvxopf/experiments/case118_annual_hierarchy/results/s4b_annual_ac/shard-010/window-007608-speculative.json.gz,3aa478891e6a6d195540563861bbe03f621d8618c242676286e295f4d1a22194,s4b-shard-010/ac-007608/spec-v1-00
1025,2025-02-12 17:00:00+00:00,shard-001,0.00012263016474736016,11.686143297619633,3,True,315.90274161917534,315.90282879057327,315.9028392018537,315.90274161917534,0.0,5.163151782490842e-05,315.9026899876575,315.90274161917534,11.686083901695051,159.7888822684265,144.42767218601816,False,/Users/bmeyers/github/cvxopf/experiments/case118_annual_hierarchy/results/s4b_annual_ac/shard-001/window-001025-0469984f89dc7d7e.json.gz,d6c09b1b927cc5f057bffc35d7ef2d5a22423dbbb632cbcf41cf792d99d88cf3,ac-1025-00-primary_controlling
6644,2025-10-04 20:00:00+00:00,shard-008,0.00021788605413250472,11.578745826566665,3,True,0.00024128409655174672,5.210401890198893e-05,5.215424010298113e-05,23.157742597669547,23.157501313572993,11.578786005463678,11.578956592205865,11.578878464110364,11.57873065873697,0.00010120434813283735,-11.578661276342917,True,/Users/bmeyers/github/cvxopf/experiments/case118_annual_hierarchy/results/s4b_annual_ac/shard-008/window-006644-speculative.json.gz,8d29eeb853285e2abe5b68d0f1ccd7c405320254f92e9afd169f183734d5d949,s4b-shard-008/ac-006644/spec-v1-00
8485,2025-12-20 13:00:00+00:00,shard-011,0.0001985144168721309,11.567848946007299,3,True,0.0004231966949883037,0.0005419723018176836,0.0005419723018456687,23.136075138764124,23.135651942069135,11.56821817680624,11.56785696195788,11.56812567462581,-11.567991811224957,-0.00013386340029976292,11.567764459776894,True,/Users/bmeyers/github/cvxopf/experiments/case118_annual_hierarchy/results/s4b_annual_ac/shard-011/window-008485-speculative.json.gz,d4bb322c4500ab620e4d1cf23325a300a91090b19c941a98669e1a91bcdbf766,s4b-shard-011/ac-008485/spec-v1-00
7341,2025-11-02 21:00:00+00:00,shard-009,4.2386217067758025e-05,11.448943682144488,3,True,3.437547002960173e-05,6.930427227302971e-05,7.257708953561677e-05,22.897850264709383,22.897815889239354,11.448930762782323,11.448919501927062,11.448930273874204,11.448906928726188,-6.3997242565385145e-06,-11.448911789857194,True,/Users/bmeyers/github/cvxopf/experiments/case118_annual_hierarchy/results/s4b_annual_ac/shard-009/window-007341-speculative.json.gz,b84f4d766a01eff3d1bc08cb56d185d32f5b99909dea34cdd28ee2b7016fabd9,s4b-shard-009/ac-007341/spec-v1-00
7502,2025-11-09 14:00:00+00:00,shard-010,8.061220864163943e-06,11.430683260109115,3,True,2.4041554890885664e-05,2.888086721242189e-05,2.8880867050056387e-05,22.86145844186004,22.86143440030515,11.430721156165765,11.430737285694272,11.430733832912148,-11.43067779237645,-3.044807248808461e-05,11.430724369977446,True,/Users/bmeyers/github/cvxopf/experiments/case118_annual_hierarchy/results/s4b_annual_ac/shard-010/window-007502-speculative.json.gz,040a0eba8408af22b122ebce04e36c5e59942cfb757190b1e9d25248e745698c,s4b-shard-010/ac-007502/spec-v1-00
1512,2025-03-05 00:00:00+00:00,shard-002,9.71014425740617e-05,11.384750520849757,3,True,0.0002120567161296666,0.0001413202486547184,0.00014132024868579408,22.769705887749858,22.769493831033728,11.384958972230821,11.384746915519038,11.384828314745256,11.384705297773396,-4.3284747514281974e-05,-11.384874069737664,True,/Users/bmeyers/github/cvxopf/experiments/case118_annual_hierarchy/results/s4b_annual_ac/shard-002/window-001512-edd6ee379b52980f.json.gz,d80d6a6b44d62dfe12cc8ad8180553f3baf9363d5d9365134e82ced0559c3ae5,ac-1512-00-primary_controlling
6213,2025-09-16 21:00:00+00:00,shard-008,0.00012918900359332847,11.220338146971745,3,True,0.00018721815645474427,6.126942816637677e-05,6.126942806141276e-05,22.44056429993807,22.440377081781616,11.220238921404277,11.220325378533794,11.220325709618269,11.220325233668296,-2.1201684777346645e-07,-11.220238564521933,True,/Users/bmeyers/github/cvxopf/experiments/case118_annual_hierarchy/results/s4b_annual_ac/shard-008/window-006213-speculative.json.gz,90b8699f3dbf2a2232cfe89b918474e31b1727b04093692bed8b23c64bc48e6f,s4b-shard-008/ac-006213/spec-v1-00
793,2025-02-03 01:00:00+00:00,shard-001,3.0338215406544577e-05,11.116693608701238,3,True,1.3520457475379999e-05,4.383619778991488e-05,4.383619775303702e-05,22.23337250062531,22.233358980167836,11.116681162735372,11.116691337889938,11.116686745348638,11.116683776407468,2.968940172027915e-06,-11.116676570193075,True,/Users/bmeyers/github/cvxopf/experiments/case118_annual_hierarchy/results/s4b_annual_ac/shard-001/window-000793-da89c8d5bb185921.json.gz,4468b5cf1f2561cc271274d8c2e6d9e81e5ec8129aa2ece58c783ec664fac56a,ac-793-00-primary_controlling
6238,2025-09-17 22:00:00+00:00,shard-008,0.0004028957547461687,10.871799471819827,3,True,0.0017165437946218276,0.001809879786200952,0.0018098797862673831,21.745002577890236,21.743286034095615,10.873202982137826,10.871799595752407,10.872849358464393,10.871253389248567,-0.0005049217308113094,-10.872151853903176,False,/Users/bmeyers/github/cvxopf/experiments/case118_annual_hierarchy/results/s4b_annual_ac/shard-008/window-006238-speculative.json.gz,b514550ee4aa9b88e1e5985e19b7e8b2dfcf8c725fbe38ae1f6750337fe6dfd1,s4b-shard-008/ac-006238/spec-v1-00
7029,2025-10-20 21:00:00+00:00,shard-009,0.00012187852174852173,10.822512341985066,3,True,0.00014198769774808467,4.3292596542472e-05,4.35044253528852e-05,21.645060912162805,21.644918924465056,10.822517119266744,10.822543792896067,10.82253042504951,10.822517836260683,1.2588787706130096e-05,-10.822503751419067,True,/Users/bmeyers/github/cvxopf/experiments/case118_annual_hierarchy/results/s4b_annual_ac/shard-009/window-007029-speculative.json.gz,1f97cd9c50b18290bdfc6444467d398c923bfff4ff2b917ff45e075229ee38d9,s4b-shard-009/ac-007029/spec-v1-00
8317,2025-12-13 13:00:00+00:00,shard-011,0.0004273867625177452,10.55174393048699,3,True,0.0016645863480264644,0.0018554115636737478,0.001855411563700296,21.10507314495944,21.103408558611413,10.552100401151067,10.552972743808372,10.552714468354699,-10.551464418360395,0.0002150981469874295,10.55212166287071,False,/Users/bmeyers/github/cvxopf/experiments/case118_annual_hierarchy/results/s4b_annual_ac/shard-011/window-008317-speculative.json.gz,4d9c3fc46dcc2aaaffed71ab1dddd3c12016513c963bc9a3b68f86c9b17a711f,s4b-shard-011/ac-008317/spec-v1-00
4893,2025-07-23 21:00:00+00:00,shard-006,9.10693578366241e-06,10.522349659350052,3,True,5.073870697463751e-05,4.320883531648816e-05,4.32088354248083e-05,21.04472848950725,21.044677750800275,10.522378906459117,10.52234958304813,10.522370834826402,10.522338027681279,-9.696411991736665e-06,-10.522357654680274,True,/Users/bmeyers/github/cvxopf/experiments/case118_annual_hierarchy/results/s4b_annual_ac/shard-006/window-004893-speculative.json.gz,4292cc211cabed1239182a1a0952b294323a6f950fb1bf5ca3afafe92c448ce0,s4b-shard-006/ac-004893/spec-v1-00
7078,2025-10-22 22:00:00+00:00,shard-009,6.11238096509697e-05,10.186333322742891,3,True,0.0001259872588708147,6.616316422924018e-05,6.623775589927306e-05,20.37260810116655,20.372482113907676,10.186241056954376,10.186367044212174,10.18636535584382,10.186363028196046,2.3276472716320704e-06,-10.186239368585522,True,/Users/bmeyers/github/cvxopf/experiments/case118_annual_hierarchy/results/s4b_annual_ac/shard-009/window-007078-speculative.json.gz,ae3aa815993cac832c20fd89be287d874d5206e9000194cdec1c629b02f8403c,s4b-shard-009/ac-007078/spec-v1-00
