start,stop_exclusive,eligible,mean_load_mw,mean_net_load_mw,peak_positive_net_load_mw,mean_absolute_net_ramp_mw,score,selected
2021-01-01 00:00:00-08:00,2021-01-15 00:00:00-08:00,True,3279.1406371227336,797.2669959617511,4743.869331336695,966.015982121168,4.725966332746371,False
2021-01-02 00:00:00-08:00,2021-01-16 00:00:00-08:00,True,3266.3283260541743,722.0625661431634,4507.678476346884,962.8116241922789,4.900274963268673,False
2021-01-03 00:00:00-08:00,2021-01-17 00:00:00-08:00,True,3316.696253636761,535.8279163829113,4507.678476346884,1017.1022973879268,4.074879416621811,False
2021-01-04 00:00:00-08:00,2021-01-18 00:00:00-08:00,True,3352.815156573083,395.01047127947146,4507.678476346884,1038.05374810379,3.722788981715105,False
2021-01-05 00:00:00-08:00,2021-01-19 00:00:00-08:00,True,3368.8398967445964,-98.04143921723161,4507.678476346884,1056.3842632746162,3.1762307943811896,False
2021-01-06 00:00:00-08:00,2021-01-20 00:00:00-08:00,True,3352.5253710818806,-669.5064877294918,4507.678476346884,1125.8898199441753,2.2102288630216247,False
2021-01-07 00:00:00-08:00,2021-01-21 00:00:00-08:00,True,3367.9603456738864,-893.5711205933744,4507.678476346884,1118.452971484669,2.1489628703356596,False
2021-01-08 00:00:00-08:00,2021-01-22 00:00:00-08:00,True,3366.3355961938582,-935.5771898368129,4507.678476346884,1130.0917048842907,2.034108017806626,False
2021-01-09 00:00:00-08:00,2021-01-23 00:00:00-08:00,True,3367.6810675365323,-964.6541123482176,4935.276940498873,1150.705507124509,1.6387244527433404,False
2021-01-10 00:00:00-08:00,2021-01-24 00:00:00-08:00,True,3367.670949310263,-1008.3079618336312,4935.276940498873,1174.653355225431,1.446796143786822,False
2021-01-11 00:00:00-08:00,2021-01-25 00:00:00-08:00,True,3373.7490502923183,-1148.2734697516282,4935.276940498873,1264.4118594554097,0.8698466120325395,False
2021-01-12 00:00:00-08:00,2021-01-26 00:00:00-08:00,True,3389.8677684112226,-1865.1103965455918,4935.276940498873,1280.6423307414645,0.5341440793593061,False
2021-01-13 00:00:00-08:00,2021-01-27 00:00:00-08:00,True,3451.559864092501,-2278.105750310055,4935.276940498873,1355.936985141678,0.20642558606904388,False
2021-01-14 00:00:00-08:00,2021-01-28 00:00:00-08:00,True,3501.0382878482474,-2562.329906698442,4935.276940498873,1391.7606057637174,0.1292597460725016,True
2021-01-15 00:00:00-08:00,2021-01-29 00:00:00-08:00,True,3545.6179444896343,-2404.918196162135,4935.276940498873,1392.2952286248753,0.20278165249536786,False
2021-01-16 00:00:00-08:00,2021-01-30 00:00:00-08:00,True,3590.650310157956,-2311.8738444228416,4935.276940498873,1392.431121667283,0.2873070414533697,False
2021-01-17 00:00:00-08:00,2021-01-31 00:00:00-08:00,True,3595.4319571440046,-2240.9178187563816,4935.276940498873,1381.358058893481,0.325806002102112,False
2021-01-18 00:00:00-08:00,2021-02-01 00:00:00-08:00,True,3562.703053681234,-2213.092864618597,4935.276940498873,1376.511848375342,0.2874197060220671,False
2021-01-19 00:00:00-08:00,2021-02-02 00:00:00-08:00,False,3547.6768467023976,-1729.4842531693105,4935.276940498873,1316.9744488988804,0.5424441108345842,False
2021-01-20 00:00:00-08:00,2021-02-03 00:00:00-08:00,False,3557.4504123086745,-1030.0572870157882,4935.276940498873,1237.6637463467102,1.167183146856238,False
2021-01-21 00:00:00-08:00,2021-02-04 00:00:00-08:00,False,3596.4274918722886,-1110.7650105019961,4935.276940498873,1274.981424546779,1.0137566976019914,False
2021-01-22 00:00:00-08:00,2021-02-05 00:00:00-08:00,False,3647.6577398108548,-1276.1495317424628,4935.276940498873,1274.1083559647886,1.04654196067473,False
2021-01-23 00:00:00-08:00,2021-02-06 00:00:00-08:00,False,3680.940591841375,-1365.4792872046385,4598.493478389039,1241.8581776705919,1.3721466404410525,False
2021-01-24 00:00:00-08:00,2021-02-07 00:00:00-08:00,False,3669.908971312366,-1369.1158882791851,4557.588954455796,1210.9050026150805,1.552496174153696,False
2021-01-25 00:00:00-08:00,2021-02-08 00:00:00-08:00,False,3643.9248243845414,-1334.7076174485153,4557.588954455796,1135.046400984186,2.029051696251651,False
2021-01-26 00:00:00-08:00,2021-02-09 00:00:00-08:00,False,3603.9636811736777,-646.856063861087,4620.012946383704,1130.806842903321,2.2566263880106527,False
2021-01-27 00:00:00-08:00,2021-02-10 00:00:00-08:00,False,3555.2954728635445,-420.76623270868333,4978.135030354352,1110.7467533013348,2.3657391298944255,False
2021-01-28 00:00:00-08:00,2021-02-11 00:00:00-08:00,False,3505.1702426982174,-386.61106455939193,4978.135030354352,1090.968079310021,2.4999101482791994,False
2021-01-29 00:00:00-08:00,2021-02-12 00:00:00-08:00,False,3479.8988929443985,-361.49405412210007,4978.135030354352,1097.7679080341097,2.4335568341723244,False
2021-01-30 00:00:00-08:00,2021-02-13 00:00:00-08:00,False,3442.6252275468987,-985.5595811377794,4978.135030354352,1151.5221805595365,1.635074966489961,False
2021-01-31 00:00:00-08:00,2021-02-14 00:00:00-08:00,False,3417.9874365905707,-1605.6644817734004,4978.135030354352,1229.4007091882931,0.8704823895331992,False
2021-02-01 00:00:00-08:00,2021-02-15 00:00:00-08:00,False,3414.3091217643628,-1778.4620131488973,4978.135030354352,1241.0048203512363,0.751790191226766,False
2021-02-02 00:00:00-08:00,2021-02-16 00:00:00-08:00,False,3460.4880409384327,-1892.289132039926,5638.874709370793,1256.8058525021056,1.4017708703622909,False
2021-02-03 00:00:00-08:00,2021-02-17 00:00:00-08:00,False,3487.6393405860026,-2535.6088138518285,5638.874709370793,1312.5753715807027,1.0569130695666291,False
2021-02-04 00:00:00-08:00,2021-02-18 00:00:00-08:00,False,3453.0058803650745,-2881.028633125215,5638.874709370793,1330.5941097048883,0.9411008815758121,False
2021-02-05 00:00:00-08:00,2021-02-19 00:00:00-08:00,False,3427.851442538127,-2775.9681191080736,5638.874709370793,1365.0299140758118,0.8558554903691041,False
2021-02-06 00:00:00-08:00,2021-02-20 00:00:00-08:00,False,3441.1127831959616,-2743.459964452404,6000.0,1410.305417204116,1.7237281420683996,False
2021-02-07 00:00:00-08:00,2021-02-21 00:00:00-08:00,False,3472.436824264501,-3166.1062617249913,6000.0,1473.561923545148,1.7142929569120609,False
2021-02-08 00:00:00-08:00,2021-02-22 00:00:00-08:00,False,3479.2527675080833,-3369.6036600817724,6000.0,1493.1047517565662,1.7412809160776745,False
2021-02-09 00:00:00-08:00,2021-02-23 00:00:00-08:00,False,3519.629921742007,-3499.8539499764947,6000.0,1502.5957047618333,1.7972151356913384,False
2021-02-10 00:00:00-08:00,2021-02-24 00:00:00-08:00,False,3559.023401456263,-3704.1084066677804,6000.0,1520.6203826059793,1.8948966120448323,False
2021-02-11 00:00:00-08:00,2021-02-25 00:00:00-08:00,False,3582.7269698260006,-4050.8558187546705,6000.0,1567.3537909775027,2.0999927249498382,False
2021-02-12 00:00:00-08:00,2021-02-26 00:00:00-08:00,False,3594.9506481490816,-4491.916396023592,6000.0,1587.3282663921477,2.289439173502341,False
2021-02-13 00:00:00-08:00,2021-02-27 00:00:00-08:00,False,3586.400530567819,-4284.303309711033,6000.0,1557.9503658594303,2.1259726275765294,False
2021-02-14 00:00:00-08:00,2021-02-28 00:00:00-08:00,False,3582.9780907643644,-4249.080718676208,6000.0,1554.9901452410018,2.1038289941873467,False
2021-02-15 00:00:00-08:00,2021-03-01 00:00:00-08:00,False,3595.3619960054125,-4306.719125229146,6000.0,1558.1311310359015,2.146985478323053,False
2021-02-16 00:00:00-08:00,2021-03-02 00:00:00-08:00,False,3560.213785456233,-4348.204236328073,6000.0,1580.4977290273102,2.1725420929268187,False
2021-02-17 00:00:00-08:00,2021-03-03 00:00:00-08:00,False,3525.5176329635487,-3925.4807399935166,6000.0,1557.4464857367725,1.9701008134570885,False
2021-02-18 00:00:00-08:00,2021-03-04 00:00:00-08:00,False,3516.8686369730763,-3529.9307259900997,6000.0,1530.2104895937837,1.8471484044370086,False
2021-02-19 00:00:00-08:00,2021-03-05 00:00:00-08:00,False,3486.9120693206855,-3603.124525894092,6000.0,1509.402761624397,1.7848987722306977,False
2021-02-20 00:00:00-08:00,2021-03-06 00:00:00-08:00,False,3403.7332114542105,-3794.519736405301,5522.187712788235,1489.338268914276,0.5952478672796703,False
2021-02-21 00:00:00-08:00,2021-03-07 00:00:00-08:00,False,3344.524400706795,-3675.873698167302,5522.187712788235,1486.2359726210975,0.5891445826780768,False
2021-02-22 00:00:00-08:00,2021-03-08 00:00:00-08:00,False,3375.735010176451,-3774.5856938622296,5522.187712788235,1498.7096096924604,0.6060485795692339,False
2021-02-23 00:00:00-08:00,2021-03-09 00:00:00-08:00,False,3401.471683782389,-3874.301430626939,5522.187712788235,1528.9023701836868,0.6714794759996051,False
2021-02-24 00:00:00-08:00,2021-03-10 00:00:00-08:00,False,3354.289564612205,-3647.8326992626426,5476.169092357082,1550.3810480266823,0.6273388959315775,False
2021-02-25 00:00:00-08:00,2021-03-11 00:00:00-08:00,False,3331.9012556470593,-3003.921592491798,5476.169092357082,1545.4727982201446,0.6081794278033642,False
2021-02-26 00:00:00-08:00,2021-03-12 00:00:00-08:00,False,3301.863392151531,-2813.215868515713,5476.169092357082,1552.2693828156266,0.6590871645755801,False
2021-02-27 00:00:00-08:00,2021-03-13 00:00:00-08:00,False,3307.073994107751,-2795.964150639023,5476.169092357082,1602.5261168616455,0.826961217985743,False
2021-02-28 00:00:00-08:00,2021-03-14 00:00:00-08:00,False,3284.010601522724,-2774.7758071651892,5476.169092357082,1581.6534618991243,0.7702718370726052,False
2021-03-01 00:00:00-08:00,2021-03-15 00:00:00-08:00,True,3260.1137149346773,-2641.5256257747624,5476.169092357082,1625.3754346709873,0.9875304398111107,False
2021-03-02 00:00:00-08:00,2021-03-16 00:00:00-08:00,True,3301.211727102253,-2935.518954392288,5194.164596253369,1660.79178982324,0.7601576749397544,False
2021-03-03 00:00:00-08:00,2021-03-17 00:00:00-08:00,True,3302.67341667006,-3111.667181192029,4667.343617735262,1683.5730278342323,0.8483268673160418,False
2021-03-04 00:00:00-08:00,2021-03-18 00:00:00-08:00,True,3305.986527079403,-2938.0893261254864,4974.918290845184,1668.3791630694998,0.6892852769445986,False
2021-03-05 00:00:00-08:00,2021-03-19 00:00:00-08:00,True,3300.614820849808,-2718.284419117813,4974.918290845184,1633.581590347849,0.5285392452362272,False
2021-03-06 00:00:00-08:00,2021-03-20 00:00:00-08:00,True,3321.020425692191,-2545.4999630756897,5072.400466656341,1620.495509131017,0.5062053030130007,False
2021-03-07 00:00:00-08:00,2021-03-21 00:00:00-08:00,True,3337.8805054952018,-2713.1729711383146,5072.400466656341,1595.1254109112108,0.36996840605689646,False
2021-03-08 00:00:00-08:00,2021-03-22 00:00:00-08:00,True,3305.079447050727,-2899.0284840691056,5072.400466656341,1618.1820472157615,0.470186383225617,False
2021-03-09 00:00:00-08:00,2021-03-23 00:00:00-08:00,True,3230.582292802547,-3145.0376798428397,5072.400466656341,1656.5703007747206,0.731418276977398,False
2021-03-10 00:00:00-08:00,2021-03-24 00:00:00-08:00,True,3234.1014462657504,-3869.497326287499,5072.400466656341,1664.5566820028523,0.8171148377645218,False
2021-03-11 00:00:00-08:00,2021-03-25 00:00:00-08:00,True,3278.2599268518707,-4248.718268745127,5072.400466656341,1642.0534423829463,0.713676051157495,False
2021-03-12 00:00:00-08:00,2021-03-26 00:00:00-08:00,True,3346.1383055284587,-4593.306044480378,5072.400466656341,1648.2784667163037,0.7867180296240779,False
2021-03-13 00:00:00-08:00,2021-03-27 00:00:00-08:00,True,3401.7112436312364,-4604.842313435885,5072.400466656341,1625.346383770285,0.6675088032672135,False
2021-03-14 00:00:00-08:00,2021-03-28 00:00:00-08:00,True,3416.4008207042525,-4220.485164418254,5072.400466656341,1587.8978615718543,0.41457670406538183,False
2021-03-15 00:00:00-08:00,2021-03-29 00:00:00-08:00,True,3402.436493796994,-4379.7436722549855,5072.400466656341,1533.7329760661735,0.2894447801047973,False
2021-03-16 00:00:00-08:00,2021-03-30 00:00:00-08:00,True,3333.817327126727,-4379.513015735925,5072.400466656341,1528.6530767240645,0.29426245328647693,False
2021-03-17 00:00:00-08:00,2021-03-31 00:00:00-08:00,True,3330.0176135871775,-4582.341125051488,5072.400466656341,1516.7133115940662,0.32813249037831355,False
2021-03-18 00:00:00-08:00,2021-04-01 00:00:00-08:00,True,3292.2597361939024,-4804.008746780736,5072.400466656341,1524.9221042675551,0.4427723433759999,False
2021-03-19 00:00:00-08:00,2021-04-02 00:00:00-08:00,False,3258.9465222111626,-5169.066504033244,5072.400466656341,1553.6186578629943,0.686999845896306,False
2021-03-20 00:00:00-08:00,2021-04-03 00:00:00-08:00,False,3237.9486124590567,-5400.097432589788,4137.247536180126,1554.5944549531869,1.611592277822723,False
2021-03-21 00:00:00-08:00,2021-04-04 00:00:00-08:00,False,3263.8723036895362,-5089.463439036575,5310.781637152394,1549.160205161407,0.8267040486676985,False
2021-03-22 00:00:00-08:00,2021-04-05 00:00:00-08:00,False,3271.6623796444765,-4824.2253359823935,5310.781637152394,1540.4467034636718,0.695671950099504,False
2021-03-23 00:00:00-08:00,2021-04-06 00:00:00-08:00,False,3325.446246417899,-4872.501853019587,5310.781637152394,1486.5581939750673,0.5722475780399742,False
2021-03-24 00:00:00-08:00,2021-04-07 00:00:00-08:00,False,3322.0905174467284,-4463.753265014249,5310.781637152394,1443.7171757497522,0.42241062012084113,False
2021-03-25 00:00:00-08:00,2021-04-08 00:00:00-08:00,False,3263.9898374931945,-4651.665829235017,5310.781637152394,1521.0329386792926,0.6043631180183577,False
2021-03-26 00:00:00-08:00,2021-04-09 00:00:00-08:00,False,3200.773941845371,-4763.933588657628,5310.781637152394,1482.6788810989344,0.6735793930136725,False
2021-03-27 00:00:00-08:00,2021-04-10 00:00:00-08:00,False,3122.323153188502,-5087.531194010088,5310.781637152394,1501.100465637263,0.9752000040833808,False
2021-03-28 00:00:00-08:00,2021-04-11 00:00:00-08:00,False,3122.727297638711,-5425.154088803622,5310.781637152394,1530.9686166867207,1.1782013961461895,False
2021-03-29 00:00:00-08:00,2021-04-12 00:00:00-08:00,False,3144.0155774825676,-5495.0936576160375,5310.781637152394,1564.4628610210186,1.2521311101850197,False
2021-03-30 00:00:00-08:00,2021-04-13 00:00:00-08:00,False,3158.166692901866,-5441.334211327771,5310.781637152394,1536.289167072797,1.1196763025233647,False
2021-03-31 00:00:00-08:00,2021-04-14 00:00:00-08:00,False,3153.1551006094087,-5657.439430457244,5310.781637152394,1619.6502251512009,1.5232458720704791,False
2021-04-01 00:00:00-08:00,2021-04-15 00:00:00-08:00,False,3151.1397843223654,-5824.895720608809,5310.781637152394,1660.1392515396499,1.8206259138579268,False
2021-04-02 00:00:00-08:00,2021-04-16 00:00:00-08:00,False,3162.8382313294665,-5901.977765971112,5310.781637152394,1665.1408346879941,1.8683712363137395,False
2021-04-03 00:00:00-08:00,2021-04-17 00:00:00-08:00,False,3178.8467136051995,-6089.235141184514,5310.781637152394,1666.5337626551066,1.9576409710094187,False
2021-04-04 00:00:00-08:00,2021-04-18 00:00:00-08:00,False,3162.1124211109295,-6303.88514061102,4852.609789946605,1722.1217763155726,2.2572592565725467,False
2021-04-05 00:00:00-08:00,2021-04-19 00:00:00-08:00,False,3152.830202718304,-6441.83917147312,4852.609789946605,1688.81209465007,2.14928752764935,False
2021-04-06 00:00:00-08:00,2021-04-20 00:00:00-08:00,False,3149.4784513947143,-6398.717718105539,4852.609789946605,1706.0074657475184,2.2372491678262514,False
2021-04-07 00:00:00-08:00,2021-04-21 00:00:00-08:00,False,3197.6671090574487,-6594.161949470021,4456.317257883838,1740.219340087071,2.8060685798977136,False
2021-04-08 00:00:00-08:00,2021-04-22 00:00:00-08:00,False,3235.551019237144,-6458.442236250836,4456.317257883838,1711.596726994368,2.4450830318981263,False
2021-04-09 00:00:00-08:00,2021-04-23 00:00:00-08:00,False,3246.7698464994255,-6268.367283066375,4456.317257883838,1749.611661842952,2.5775454891268095,False
2021-04-10 00:00:00-08:00,2021-04-24 00:00:00-08:00,False,3234.7767053567127,-6031.033139907045,4456.317257883838,1747.058565727725,2.423267408558924,False
2021-04-11 00:00:00-08:00,2021-04-25 00:00:00-08:00,False,3196.685821126329,-5900.1916717308495,4456.317257883838,1755.0526315496897,2.467186208333317,False
2021-04-12 00:00:00-08:00,2021-04-26 00:00:00-08:00,False,3185.653125041413,-5655.575405003755,4456.317257883838,1752.6054738424177,2.3318544453163055,False
2021-04-13 00:00:00-08:00,2021-04-27 00:00:00-08:00,False,3177.6980571739996,-5797.832851827683,4456.317257883838,1752.274783390251,2.421316979689185,False
2021-04-14 00:00:00-08:00,2021-04-28 00:00:00-08:00,False,3164.9116767309606,-5785.332339405293,4160.36714209038,1663.8759739375885,2.3426371208622996,False
2021-04-15 00:00:00-08:00,2021-04-29 00:00:00-08:00,False,3168.8899607353546,-5801.572487809787,4160.36714209038,1676.460242526995,2.416143511476182,False
2021-04-16 00:00:00-08:00,2021-04-30 00:00:00-08:00,False,3171.0465948856477,-5801.453422732996,4054.9787521066896,1681.7585201589313,2.6797061033849165,False
2021-04-17 00:00:00-08:00,2021-05-01 00:00:00-08:00,False,3195.5428315928134,-5672.6572386603875,4054.9787521066896,1673.2622725367692,2.5139187035442347,False
2021-04-18 00:00:00-08:00,2021-05-02 00:00:00-08:00,False,3176.4366510263567,-6006.664746597094,4054.9787521066896,1633.994296728452,2.5290459470232207,False
2021-04-19 00:00:00-08:00,2021-05-03 00:00:00-08:00,False,3148.7628121346884,-6462.957939008986,4054.9787521066896,1670.9310716687207,3.0786384604685297,False
2021-04-20 00:00:00-08:00,2021-05-04 00:00:00-08:00,False,3098.4278031088925,-6758.809917140107,4054.9787521066896,1662.7037642599564,3.3680042659184117,False
2021-04-21 00:00:00-08:00,2021-05-05 00:00:00-08:00,False,3039.689338505079,-6651.5080343320415,4054.9787521066896,1616.6077375702553,3.2242038023772013,False
2021-04-22 00:00:00-08:00,2021-05-06 00:00:00-08:00,False,3016.2965412405924,-6562.635653771574,4054.9787521066896,1552.2453304926642,3.0038320816789135,False
2021-04-23 00:00:00-08:00,2021-05-07 00:00:00-08:00,False,3007.2395786215257,-6914.570389816865,4054.9787521066896,1554.66050901008,3.3087949108047536,False
2021-04-24 00:00:00-08:00,2021-05-08 00:00:00-08:00,False,3037.9988791961937,-7078.433544693433,3827.1574505660487,1552.6968793143008,3.954757857165725,False
2021-04-25 00:00:00-08:00,2021-05-09 00:00:00-08:00,False,3060.951953202979,-7431.740729725132,3827.1574505660487,1526.7676704335606,4.131166394349163,False
2021-04-26 00:00:00-08:00,2021-05-10 00:00:00-08:00,False,3059.698365064833,-7982.048806028349,3827.1574505660487,1519.555710352537,4.654435121579867,False
2021-04-27 00:00:00-08:00,2021-05-11 00:00:00-08:00,False,3057.862983007519,-8066.938157880047,3827.1574505660487,1507.8348670815042,4.727217249426875,False
2021-04-28 00:00:00-08:00,2021-05-12 00:00:00-08:00,False,3073.3915564202775,-7816.802022430587,3827.1574505660487,1487.3317496775148,4.3992982117182295,False
2021-04-29 00:00:00-08:00,2021-05-13 00:00:00-08:00,False,3074.564476047132,-7817.383550318344,3827.1574505660487,1476.64248112313,4.386246093183964,False
2021-04-30 00:00:00-08:00,2021-05-14 00:00:00-08:00,False,3075.9283145752747,-7872.065477862161,3827.1574505660487,1480.5039443366472,4.440565196391252,False
2021-05-01 00:00:00-08:00,2021-05-15 00:00:00-08:00,False,3062.8431950699764,-7997.565173406705,3827.1574505660487,1504.0471951644429,4.634550541094536,False
2021-05-02 00:00:00-08:00,2021-05-16 00:00:00-08:00,False,3088.573824469945,-7585.173595625818,3827.1574505660487,1523.7054065610093,4.190308701333008,False
2021-05-03 00:00:00-08:00,2021-05-17 00:00:00-08:00,False,3099.3046830187823,-7044.725668539537,3827.1574505660487,1523.4658380306162,3.682866054011854,False
2021-05-04 00:00:00-08:00,2021-05-18 00:00:00-08:00,False,3121.5023694742085,-6871.1675148990635,3827.1574505660487,1550.9362568335216,3.5526744602760214,False
2021-05-05 00:00:00-08:00,2021-05-19 00:00:00-08:00,False,3126.3415509732185,-7193.235245629756,3827.1574505660487,1576.045844300175,3.883303726891032,False
2021-05-06 00:00:00-08:00,2021-05-20 00:00:00-08:00,False,3139.148444258478,-7672.458335564882,3744.7695907225934,1598.9695080578576,4.633565143701128,False
2021-05-07 00:00:00-08:00,2021-05-21 00:00:00-08:00,False,3144.742557811376,-7661.832978640414,3744.7695907225934,1571.1215236795579,4.511162724490853,False
2021-05-08 00:00:00-08:00,2021-05-22 00:00:00-08:00,False,3091.279895853749,-7855.125098138015,3744.7695907225934,1562.0738124324193,4.801451893508661,False
2021-05-09 00:00:00-08:00,2021-05-23 00:00:00-08:00,False,3072.7024232945537,-7589.6526146047645,3744.7695907225934,1553.5938118153808,4.56887784127449,False
2021-05-10 00:00:00-08:00,2021-05-24 00:00:00-08:00,False,3133.8810087644483,-7341.143847903223,3744.7695907225934,1567.8127048951567,4.227687407662554,False
2021-05-11 00:00:00-08:00,2021-05-25 00:00:00-08:00,False,3248.469558498466,-7140.435819767715,4457.420835325819,1582.7634285593347,2.2895840657692244,False
2021-05-12 00:00:00-08:00,2021-05-26 00:00:00-08:00,False,3391.5488322892274,-7466.946438543996,4457.420835325819,1602.0891563148107,2.5575660964794347,False
2021-05-13 00:00:00-08:00,2021-05-27 00:00:00-08:00,False,3409.6146539031656,-7560.266249950327,4457.420835325819,1620.2321734620327,2.722197217637183,False
2021-05-14 00:00:00-08:00,2021-05-28 00:00:00-08:00,False,3422.1469131250933,-7923.898203395035,4457.420835325819,1624.600292267754,3.0999754357669547,False
2021-05-15 00:00:00-08:00,2021-05-29 00:00:00-08:00,False,3423.8535266836275,-7995.4474484798,4457.420835325819,1625.513378901642,3.177940970548469,False
2021-05-16 00:00:00-08:00,2021-05-30 00:00:00-08:00,False,3559.756037772636,-8037.738691794684,4457.420835325819,1629.8637868545038,3.3561492575506326,False
2021-05-17 00:00:00-08:00,2021-05-31 00:00:00-08:00,False,3699.945992001196,-7984.684685651507,4496.822049553203,1644.5742624278837,3.6116669294835297,False
2021-05-18 00:00:00-08:00,2021-06-01 00:00:00-08:00,False,3721.323510254879,-7781.912819963192,4496.822049553203,1596.1352993503403,3.24854070600625,False
2021-05-19 00:00:00-08:00,2021-06-02 00:00:00-08:00,False,3723.066154481671,-7434.484357957929,4496.822049553203,1630.034645935915,3.069376768356048,False
2021-05-20 00:00:00-08:00,2021-06-03 00:00:00-08:00,False,3702.1258001535884,-6980.29013541841,4496.822049553203,1601.9612402890134,2.496990751986249,False
2021-05-21 00:00:00-08:00,2021-06-04 00:00:00-08:00,False,3688.6126803135385,-6663.8166514657105,4496.822049553203,1642.2790229392335,2.3975574435110563,False
2021-05-22 00:00:00-08:00,2021-06-05 00:00:00-08:00,False,3739.226741091717,-6577.839259722521,4496.822049553203,1646.3840881837004,2.495270215593144,False
2021-05-23 00:00:00-08:00,2021-06-06 00:00:00-08:00,False,3742.4986121601196,-6599.153916795565,4496.822049553203,1695.2566442635787,2.802380634024218,False
2021-05-24 00:00:00-08:00,2021-06-07 00:00:00-08:00,False,3674.1780990895127,-6812.647060220693,4496.822049553203,1720.3858814144664,2.9461557937497225,False
2021-05-25 00:00:00-08:00,2021-06-08 00:00:00-08:00,False,3644.2890168878603,-7127.711819443367,4496.822049553203,1718.321760967099,3.118899837056339,False
2021-05-26 00:00:00-08:00,2021-06-09 00:00:00-08:00,False,3683.9578052744787,-6970.669790905323,4746.747485242516,1738.1148920623996,3.0247018605958713,False
2021-05-27 00:00:00-08:00,2021-06-10 00:00:00-08:00,False,3867.313760194216,-7136.342325858198,4746.747485242516,1748.0332366478976,3.8434072947106523,False
2021-05-28 00:00:00-08:00,2021-06-11 00:00:00-08:00,False,3973.03052748782,-6841.743564458636,4746.747485242516,1749.347890532065,4.095317421436101,False
2021-05-29 00:00:00-08:00,2021-06-12 00:00:00-08:00,False,4019.5767830978575,-6809.247504252269,4746.747485242516,1757.587108694028,4.377770877795436,False
2021-05-30 00:00:00-08:00,2021-06-13 00:00:00-08:00,False,3902.7876850750786,-6866.070484229835,4746.747485242516,1745.3578839955385,3.752578272375037,False
2021-05-31 00:00:00-08:00,2021-06-14 00:00:00-08:00,False,3785.2964427003963,-7201.8893609674,4746.747485242516,1757.3811199201716,3.6656410600810645,False
2021-06-01 00:00:00-08:00,2021-06-15 00:00:00-08:00,False,3776.231583882647,-7391.562078998876,4746.747485242516,1825.407733376209,4.403078224478256,False
2021-06-02 00:00:00-08:00,2021-06-16 00:00:00-08:00,False,3824.309234720462,-7600.912792657135,4746.747485242516,1773.4401092298597,4.296600478124258,False
2021-06-03 00:00:00-08:00,2021-06-17 00:00:00-08:00,False,3866.956313781193,-7522.371416834149,4746.747485242516,1766.492811351697,4.332134094762761,False
2021-06-04 00:00:00-08:00,2021-06-18 00:00:00-08:00,False,3886.636374793779,-7371.129672438846,4746.747485242516,1740.7011327736675,4.07323830754002,False
2021-06-05 00:00:00-08:00,2021-06-19 00:00:00-08:00,False,3932.2385487062847,-6898.907410372327,4746.747485242516,1694.1129073529048,3.5531400129880817,False
2021-06-06 00:00:00-08:00,2021-06-20 00:00:00-08:00,False,4043.0099050716367,-6574.675983245948,4746.747485242516,1631.5568801937172,3.5283568936214955,False
2021-06-07 00:00:00-08:00,2021-06-21 00:00:00-08:00,False,4137.24288286019,-6164.73001809788,4746.747485242516,1605.3758217159632,3.701406374760706,False
2021-06-08 00:00:00-08:00,2021-06-22 00:00:00-08:00,False,4090.334819517028,-5747.356399954988,4746.747485242516,1584.1195669097203,3.079710403876791,False
2021-06-09 00:00:00-08:00,2021-06-23 00:00:00-08:00,False,3968.026780480156,-5434.616798459594,4681.530093314917,1548.4450393287568,2.1696854102490146,False
2021-06-10 00:00:00-08:00,2021-06-24 00:00:00-08:00,False,3816.8284042724554,-5139.5219639451925,4681.530093314917,1531.329370002105,1.3425771722733988,False
2021-06-11 00:00:00-08:00,2021-06-25 00:00:00-08:00,False,3732.1188812470054,-5020.128874394858,4681.530093314917,1539.6214336212838,1.0346096209053026,False
2021-06-12 00:00:00-08:00,2021-06-26 00:00:00-08:00,False,3757.75636823287,-4856.44530809379,4681.530093314917,1521.7248029714585,1.0119228410277932,False
2021-06-13 00:00:00-08:00,2021-06-27 00:00:00-08:00,False,3864.8664822900187,-4620.166238327326,4681.530093314917,1505.3278532430102,1.292026218504583,False
2021-06-14 00:00:00-08:00,2021-06-28 00:00:00-08:00,False,3957.1070077644117,-4338.788949160474,4681.530093314917,1472.382438656198,1.5904279468909706,False
2021-06-15 00:00:00-08:00,2021-06-29 00:00:00-08:00,False,3972.8320669667182,-4371.359734857818,4681.530093314917,1436.6313905078537,1.6666187323767023,False
2021-06-16 00:00:00-08:00,2021-06-30 00:00:00-08:00,False,3958.525468712899,-4220.412244631729,4681.530093314917,1428.3537504138824,1.5626934846902998,False
2021-06-17 00:00:00-08:00,2021-07-01 00:00:00-08:00,True,3946.238711718011,-4335.589287522594,4681.530093314917,1446.416146030784,1.526852841861933,False
2021-06-18 00:00:00-08:00,2021-07-02 00:00:00-08:00,True,3987.6066629610086,-4340.605215714035,4681.530093314917,1450.415841662684,1.7339703878959911,False
2021-06-19 00:00:00-08:00,2021-07-03 00:00:00-08:00,True,4027.070579313213,-4338.462777982779,4681.530093314917,1491.6952346970904,1.971813849186927,False
2021-06-20 00:00:00-08:00,2021-07-04 00:00:00-08:00,True,4060.8710092111805,-4319.676184965247,5240.892881168896,1505.3198103361706,2.262400638966576,False
2021-06-21 00:00:00-08:00,2021-07-05 00:00:00-08:00,True,4101.776322309705,-4321.916255354828,5240.892881168896,1491.2464976637916,2.4872568626139793,False
2021-06-22 00:00:00-08:00,2021-07-06 00:00:00-08:00,True,4193.834072377527,-4241.829412858359,5240.892881168896,1520.19609361915,3.1159974951719334,False
2021-06-23 00:00:00-08:00,2021-07-07 00:00:00-08:00,True,4280.116501815495,-4429.12596906995,5240.892881168896,1544.4271222490268,3.8468590965694895,False
2021-06-24 00:00:00-08:00,2021-07-08 00:00:00-08:00,True,4377.136170403608,-4467.864852594711,5240.892881168896,1542.459286004621,4.638854138067821,False
2021-06-25 00:00:00-08:00,2021-07-09 00:00:00-08:00,True,4417.380823059674,-4298.25764018363,5240.892881168896,1498.5973941283253,4.860715561178598,False
2021-06-26 00:00:00-08:00,2021-07-10 00:00:00-08:00,True,4361.174343433762,-4270.6965821063695,5240.892881168896,1499.818886489891,4.370717150841577,False
2021-06-27 00:00:00-08:00,2021-07-11 00:00:00-08:00,True,4295.5844031468805,-4409.166990406975,5240.892881168896,1527.4266493261593,3.9218135072087597,False
2021-06-28 00:00:00-08:00,2021-07-12 00:00:00-08:00,True,4256.070192964076,-4522.886769745882,5240.892881168896,1571.3041599225246,3.7680245078122976,False
2021-06-29 00:00:00-08:00,2021-07-13 00:00:00-08:00,True,4310.054547722396,-4202.871391765784,5240.892881168896,1581.024911956634,4.137302619003215,False
2021-06-30 00:00:00-08:00,2021-07-14 00:00:00-08:00,True,4415.06887972759,-3872.4008216790544,5240.892881168896,1599.5786907055422,5.0295729621030025,False
2021-07-01 00:00:00-08:00,2021-07-15 00:00:00-08:00,True,4550.7882171906795,-3541.3399970650694,5240.892881168896,1566.1420068639509,6.158182564966346,False
2021-07-02 00:00:00-08:00,2021-07-16 00:00:00-08:00,True,4670.853860358709,-3457.540493298858,5240.892881168896,1550.9470640402258,7.37641302360644,False
2021-07-03 00:00:00-08:00,2021-07-17 00:00:00-08:00,True,4713.867263941864,-3398.312545821047,5240.892881168896,1547.2127873087416,7.8482649892848135,False
2021-07-04 00:00:00-08:00,2021-07-18 00:00:00-08:00,True,4682.061231995958,-3465.6395079463146,5394.2488276958,1538.3486524628445,7.6461407607186915,False
2021-07-05 00:00:00-08:00,2021-07-19 00:00:00-08:00,True,4631.944694468008,-3401.2296685587007,5394.2488276958,1522.1321213353942,7.058147704748327,False
2021-07-06 00:00:00-08:00,2021-07-20 00:00:00-08:00,True,4606.918769661216,-3361.174837321797,5394.2488276958,1510.9330815497165,6.769859360249507,False
2021-07-07 00:00:00-08:00,2021-07-21 00:00:00-08:00,True,4601.098252044727,-3222.1592034279074,5394.2488276958,1526.7489476251678,6.73637701301376,False
2021-07-08 00:00:00-08:00,2021-07-22 00:00:00-08:00,True,4638.3691026315055,-3145.2281907122097,5659.123213685201,1537.609143170592,7.618354027132863,False
2021-07-09 00:00:00-08:00,2021-07-23 00:00:00-08:00,True,4718.643360404831,-3226.87463520791,5659.123213685201,1584.4468924206658,8.652170150408827,False
2021-07-10 00:00:00-08:00,2021-07-24 00:00:00-08:00,True,4777.495731197709,-3059.7069328607645,5659.123213685201,1564.887098027771,9.281103414341217,False
2021-07-11 00:00:00-08:00,2021-07-25 00:00:00-08:00,True,4787.856513052337,-2907.6752726685804,5659.123213685201,1542.6924135833808,9.351359744320355,False
2021-07-12 00:00:00-08:00,2021-07-26 00:00:00-08:00,True,4776.7116127569325,-2738.688441560354,5659.123213685201,1496.5508837292543,9.142317314378506,False
2021-07-13 00:00:00-08:00,2021-07-27 00:00:00-08:00,True,4760.159928380742,-2537.3370703162877,5659.123213685201,1443.5338960054678,8.934382817325359,False
2021-07-14 00:00:00-08:00,2021-07-28 00:00:00-08:00,True,4675.102764411792,-2559.0211577278933,5659.123213685201,1416.8614705223058,7.9635086223700275,False
2021-07-15 00:00:00-08:00,2021-07-29 00:00:00-08:00,True,4594.090549820689,-2833.4411026311336,5659.123213685201,1417.5973084206144,7.060554062487168,False
2021-07-16 00:00:00-08:00,2021-07-30 00:00:00-08:00,True,4465.845911318683,-2965.2413075212617,5659.123213685201,1410.5068468770194,5.793071984598454,False
2021-07-17 00:00:00-08:00,2021-07-31 00:00:00-08:00,True,4372.458103178918,-3183.1607995066374,5659.123213685201,1440.8795196567692,4.942172835390935,False
2021-07-18 00:00:00-08:00,2021-08-01 00:00:00-08:00,True,4342.901592318788,-3200.4187377854028,5659.123213685201,1470.4739817223372,4.703916953454165,False
2021-07-19 00:00:00-08:00,2021-08-02 00:00:00-08:00,True,4328.457655667652,-3312.4422586596534,5659.123213685201,1488.600051412036,4.603520983832071,False
2021-07-20 00:00:00-08:00,2021-08-03 00:00:00-08:00,True,4286.551424606256,-3313.59638312979,5659.123213685201,1474.1484951095133,4.257693485590495,False
2021-07-21 00:00:00-08:00,2021-08-04 00:00:00-08:00,True,4182.905337908136,-3315.3792455849275,5659.123213685201,1476.0810758357138,3.5034714746275117,False
2021-07-22 00:00:00-08:00,2021-08-05 00:00:00-08:00,True,4112.769041899964,-3367.0456625331835,4729.4117144984075,1476.8709759084045,2.296758165482566,False
2021-07-23 00:00:00-08:00,2021-08-06 00:00:00-08:00,True,4125.856491624862,-3446.7445542762184,4648.145826382051,1473.4802842163613,2.4294380612814344,False
2021-07-24 00:00:00-08:00,2021-08-07 00:00:00-08:00,True,4172.270334756348,-3358.4766413888347,4804.180339765705,1477.1248519619403,2.6536021090161332,False
2021-07-25 00:00:00-08:00,2021-08-08 00:00:00-08:00,True,4203.124510635701,-3104.0900895111727,5757.511188899134,1441.1231378333578,3.8517015869839213,False
2021-07-26 00:00:00-08:00,2021-08-09 00:00:00-08:00,True,4247.259788126069,-2954.2139077743827,5757.511188899134,1407.763435035557,4.192111335153305,False
2021-07-27 00:00:00-08:00,2021-08-10 00:00:00-08:00,True,4211.0899858475395,-3059.15818982546,5757.511188899134,1441.959724659563,3.909056114304823,False
2021-07-28 00:00:00-08:00,2021-08-11 00:00:00-08:00,True,4180.283714482708,-3081.0772777875063,5757.511188899134,1441.4093901901185,3.6942365391389,False
2021-07-29 00:00:00-08:00,2021-08-12 00:00:00-08:00,True,4120.080843691437,-3111.9300805020516,5757.511188899134,1462.35178297241,3.3029770247880275,False
2021-07-30 00:00:00-08:00,2021-08-13 00:00:00-08:00,True,4122.202003589546,-3156.828768053167,5757.511188899134,1494.7262756947139,3.3441694800778814,False
2021-07-31 00:00:00-08:00,2021-08-14 00:00:00-08:00,True,4188.575694100685,-3070.0555821551566,5757.511188899134,1489.5130586460375,3.7778169345706005,False
2021-08-01 00:00:00-08:00,2021-08-15 00:00:00-08:00,True,4221.815696638524,-3129.948656153035,5757.511188899134,1461.7940472408939,3.9878784419857243,False
2021-08-02 00:00:00-08:00,2021-08-16 00:00:00-08:00,True,4233.340777307581,-3108.9302760373084,5757.511188899134,1467.2256243715094,4.074460360636378,False
2021-08-03 00:00:00-08:00,2021-08-17 00:00:00-08:00,True,4213.107566893468,-3284.911513094678,5757.511188899134,1519.3618662819142,3.9939927852792727,False
2021-08-04 00:00:00-08:00,2021-08-18 00:00:00-08:00,True,4193.719212462219,-3375.9711642721923,5757.511188899134,1543.5484086754682,3.914105087670718,False
2021-08-05 00:00:00-08:00,2021-08-19 00:00:00-08:00,True,4121.4412055283,-3304.1264270604247,5757.511188899134,1504.1820433437742,3.353426027967123,False
2021-08-06 00:00:00-08:00,2021-08-20 00:00:00-08:00,True,3978.9501026213075,-3199.9111856913173,5757.511188899134,1468.2879596744872,2.503128234521113,False
2021-08-07 00:00:00-08:00,2021-08-21 00:00:00-08:00,True,3859.804496157536,-3243.8128360711535,5757.511188899134,1445.7219322201531,1.9532465262606975,False
2021-08-08 00:00:00-08:00,2021-08-22 00:00:00-08:00,True,3792.1809633158014,-3363.7638820510965,4834.630873795365,1443.9521845517763,0.694245081491193,False
2021-08-09 00:00:00-08:00,2021-08-23 00:00:00-08:00,True,3722.8188939071074,-3395.368644285911,4834.630873795365,1436.187474255981,0.4778835286636012,False
2021-08-10 00:00:00-08:00,2021-08-24 00:00:00-08:00,True,3695.2625060840282,-3414.242986138487,4172.697365908854,1429.9952344005126,1.1534189133737782,False
2021-08-11 00:00:00-08:00,2021-08-25 00:00:00-08:00,True,3687.33764651799,-3438.678845924659,4504.026117603141,1429.86819594964,0.6060979936878935,False
2021-08-12 00:00:00-08:00,2021-08-26 00:00:00-08:00,True,3694.8765460747927,-3279.9226528841737,4504.026117603141,1421.294689047181,0.6242800258123118,False
2021-08-13 00:00:00-08:00,2021-08-27 00:00:00-08:00,True,3658.57714703761,-3150.9272707892364,4604.055718938225,1388.5740585058988,0.4687273494941159,False
2021-08-14 00:00:00-08:00,2021-08-28 00:00:00-08:00,True,3560.134453434529,-2989.454863975248,4604.055718938225,1350.4150545763794,0.3624818529551602,False
2021-08-15 00:00:00-08:00,2021-08-29 00:00:00-08:00,True,3470.6734844509933,-2837.8828869579706,4604.055718938225,1329.015537264028,0.33531572243534996,False
2021-08-16 00:00:00-08:00,2021-08-30 00:00:00-08:00,True,3433.222494160577,-2829.7734109785524,4604.055718938225,1280.9431196924215,0.4870463004229437,False
2021-08-17 00:00:00-08:00,2021-08-31 00:00:00-08:00,True,3410.2312665581967,-2723.7132035573945,4604.055718938225,1240.8796085217061,0.6777564195816194,False
2021-08-18 00:00:00-08:00,2021-09-01 00:00:00-08:00,True,3463.119314364186,-2579.4208918863796,4604.055718938225,1204.5043476676392,0.91843831824396,False
2021-08-19 00:00:00-08:00,2021-09-02 00:00:00-08:00,True,3503.055133370314,-2451.4657961440153,4604.055718938225,1226.4712097777522,0.8406571484994698,False
2021-08-20 00:00:00-08:00,2021-09-03 00:00:00-08:00,True,3552.83853495808,-2341.1238437113802,4604.055718938225,1200.7715480745464,1.0676492140751261,False
2021-08-21 00:00:00-08:00,2021-09-04 00:00:00-08:00,True,3633.688209685972,-2291.401618654543,4604.055718938225,1215.3413783535823,1.1290569139735998,False
2021-08-22 00:00:00-08:00,2021-09-05 00:00:00-08:00,True,3645.791419383363,-2273.0600977835443,4604.055718938225,1225.800500405479,1.0991226907002032,False
2021-08-23 00:00:00-08:00,2021-09-06 00:00:00-08:00,True,3634.1471329348983,-2289.103454045223,4604.055718938225,1226.659355032422,1.066410835306284,False
2021-08-24 00:00:00-08:00,2021-09-07 00:00:00-08:00,True,3624.4718238610444,-2287.545120258843,4604.055718938225,1225.9701192799935,1.0508544710481036,False
2021-08-25 00:00:00-08:00,2021-09-08 00:00:00-08:00,True,3622.503381991447,-2519.205740619848,4604.055718938225,1278.0842165149452,0.7528424551679862,False
2021-08-26 00:00:00-08:00,2021-09-09 00:00:00-08:00,True,3600.5858964876124,-2636.856537976496,4604.055718938225,1277.492756445781,0.6981499058988683,False
2021-08-27 00:00:00-08:00,2021-09-10 00:00:00-08:00,True,3574.178488762599,-2673.414480602701,4343.336079628508,1293.6669312131703,0.9013006229706844,False
2021-08-28 00:00:00-08:00,2021-09-11 00:00:00-08:00,True,3543.141707492696,-3023.39112922719,4343.336079628508,1338.4303656624907,0.6847753661664352,False
2021-08-29 00:00:00-08:00,2021-09-12 00:00:00-08:00,True,3517.304703522533,-3212.7326256934043,4343.336079628508,1377.8389937196835,0.5650105025124257,False
2021-08-30 00:00:00-08:00,2021-09-13 00:00:00-08:00,True,3472.511391291697,-3263.6876690041286,4343.336079628508,1386.992659604281,0.5122716187405073,False
2021-08-31 00:00:00-08:00,2021-09-14 00:00:00-08:00,True,3452.7986762927085,-3212.4165314567645,4343.336079628508,1382.299913299282,0.507450786675762,False
2021-09-01 00:00:00-08:00,2021-09-15 00:00:00-08:00,True,3374.581643301338,-3183.9946741411577,4343.336079628508,1351.509275190363,0.5551219197970608,False
2021-09-02 00:00:00-08:00,2021-09-16 00:00:00-08:00,True,3304.779271489454,-3230.2999215335376,4130.45662067994,1372.2488584452663,0.9455343975366316,False
2021-09-03 00:00:00-08:00,2021-09-17 00:00:00-08:00,True,3297.2830777754316,-3218.3145978517637,4130.45662067994,1404.3300168170542,0.9063691038134276,False
2021-09-04 00:00:00-08:00,2021-09-18 00:00:00-08:00,True,3297.245570604392,-3241.4041288417343,4627.153952606297,1391.7248430649815,0.18579586172015275,False
2021-09-05 00:00:00-08:00,2021-09-19 00:00:00-08:00,True,3315.7124781984908,-3373.4948655493117,4627.153952606297,1413.3928445073157,0.15166987725606465,False
2021-09-06 00:00:00-08:00,2021-09-20 00:00:00-08:00,True,3340.4397039467913,-3484.282000403366,4627.153952606297,1447.7910797871045,0.13095027565567546,False
2021-09-07 00:00:00-08:00,2021-09-21 00:00:00-08:00,True,3347.6817255258134,-3531.424854808029,4627.153952606297,1438.963140206572,0.1308807702194537,False
2021-09-08 00:00:00-08:00,2021-09-22 00:00:00-08:00,True,3338.7382445103444,-3189.8110495494384,4627.153952606297,1378.4942477627394,0.1776160203249184,False
2021-09-09 00:00:00-08:00,2021-09-23 00:00:00-08:00,True,3364.495567334993,-3084.3320788350147,4627.153952606297,1345.0938312550227,0.23907863142310704,False
2021-09-10 00:00:00-08:00,2021-09-24 00:00:00-08:00,True,3401.5246760491073,-2971.689239951219,4627.153952606297,1341.1301389500088,0.2496767034605299,False
2021-09-11 00:00:00-08:00,2021-09-25 00:00:00-08:00,True,3411.5091497131784,-2626.9139835302235,4627.153952606297,1284.9157658003003,0.46785102976682613,False
2021-09-12 00:00:00-08:00,2021-09-26 00:00:00-08:00,True,3409.231248680149,-2457.085193452847,4627.153952606297,1256.0500554213559,0.6190577197212407,False
2021-09-13 00:00:00-08:00,2021-09-27 00:00:00-08:00,True,3434.4807018249767,-2411.344345920395,4627.153952606297,1283.358703260222,0.5117702817868581,False
2021-09-14 00:00:00-08:00,2021-09-28 00:00:00-08:00,True,3463.537931087353,-2677.798579521676,4627.153952606297,1310.7041874619833,0.38522550918140597,False
2021-09-15 00:00:00-08:00,2021-09-29 00:00:00-08:00,True,3530.6123485440903,-3016.8734613270244,4627.153952606297,1355.831410213439,0.2914303806156012,False
2021-09-16 00:00:00-08:00,2021-09-30 00:00:00-08:00,True,3551.6607703291784,-3143.263285859772,4627.153952606297,1346.3019676600238,0.33706047225091573,False
2021-09-17 00:00:00-08:00,2021-10-01 00:00:00-08:00,True,3487.1287297387635,-3178.940518474726,4627.153952606297,1342.1060118197859,0.27770762350429223,False
2021-09-18 00:00:00-08:00,2021-10-02 00:00:00-08:00,True,3380.3477621549237,-3204.4169428136124,3855.258330454153,1347.7379052858544,1.668510543357259,False
2021-09-19 00:00:00-08:00,2021-10-03 00:00:00-08:00,True,3288.5497274717713,-3038.4509238653136,3855.258330454153,1306.5831913749983,1.8420302092874297,False
2021-09-20 00:00:00-08:00,2021-10-04 00:00:00-08:00,True,3221.7904788074497,-2830.508828211407,3855.258330454153,1254.7142271732178,2.150501669430866,False
2021-09-21 00:00:00-08:00,2021-10-05 00:00:00-08:00,True,3187.737036883811,-2677.11917807132,3855.258330454153,1250.4629845262261,2.242531180723591,False
2021-09-22 00:00:00-08:00,2021-10-06 00:00:00-08:00,True,3184.0481465155094,-2822.3843596277657,3855.258330454153,1284.2855818345288,2.083281889855368,False
2021-09-23 00:00:00-08:00,2021-10-07 00:00:00-08:00,True,3154.8463654487527,-2831.7241282539735,3855.258330454153,1309.0887878271988,2.0470865497733675,False
2021-09-24 00:00:00-08:00,2021-10-08 00:00:00-08:00,True,3136.3909007512143,-2876.9845762964796,3855.258330454153,1307.35872852472,2.0895996362173572,False
2021-09-25 00:00:00-08:00,2021-10-09 00:00:00-08:00,True,3190.6514979062536,-3288.343721814946,3855.258330454153,1343.526868687855,1.8604846664322146,False
2021-09-26 00:00:00-08:00,2021-10-10 00:00:00-08:00,True,3238.9858065678654,-3333.7631171768444,3855.258330454153,1381.868221081582,1.7067437649040198,False
2021-09-27 00:00:00-08:00,2021-10-11 00:00:00-08:00,True,3208.074192548269,-3361.3977329622307,3855.258330454153,1388.2503938126356,1.7441449746641955,False
2021-09-28 00:00:00-08:00,2021-10-12 00:00:00-08:00,False,3201.4742823909182,-3690.8022132458573,3855.258330454153,1376.152172427126,1.7965798852061705,False
2021-09-29 00:00:00-08:00,2021-10-13 00:00:00-08:00,False,3179.660554847052,-3642.129923649469,3855.258330454153,1392.5763087934497,1.805738901179009,False
2021-09-30 00:00:00-08:00,2021-10-14 00:00:00-08:00,False,3195.173259491611,-3450.4677908436197,3927.3814182430374,1370.9652273217514,1.5924188408542896,False
2021-10-01 00:00:00-08:00,2021-10-15 00:00:00-08:00,False,3206.5096005556657,-3524.4258850983074,3927.3814182430374,1376.1346002804669,1.5685041061443483,False
2021-10-02 00:00:00-08:00,2021-10-16 00:00:00-08:00,False,3214.8680900779,-3500.0757731490876,3927.3814182430374,1375.214942829289,1.55510247201556,False
2021-10-03 00:00:00-08:00,2021-10-17 00:00:00-08:00,False,3218.8560013532037,-3524.8399669513246,3927.3814182430374,1387.9018369043313,1.5304827212769776,False
2021-10-04 00:00:00-08:00,2021-10-18 00:00:00-08:00,False,3241.705277396251,-3737.18014937757,3927.3814182430374,1437.3536923815514,1.4779152844064092,False
2021-10-05 00:00:00-08:00,2021-10-19 00:00:00-08:00,False,3275.1638105284137,-3813.171610408252,3927.3814182430374,1516.637623478637,1.51422884680149,False
2021-10-06 00:00:00-08:00,2021-10-20 00:00:00-08:00,False,3254.304910240196,-3737.943983099206,4124.77772268895,1537.0583753762664,1.0841431830352977,False
2021-10-07 00:00:00-08:00,2021-10-21 00:00:00-08:00,False,3259.533572989373,-3423.06262499878,4124.77772268895,1465.1585020709026,0.9479961523477513,False
2021-10-08 00:00:00-08:00,2021-10-22 00:00:00-08:00,False,3233.115608814975,-3231.5157402259924,4124.77772268895,1452.4462478237995,0.9724169820374905,False
2021-10-09 00:00:00-08:00,2021-10-23 00:00:00-08:00,False,3231.0238762355516,-2688.2742330958354,4124.77772268895,1407.4128263717512,1.020415606824229,False
2021-10-10 00:00:00-08:00,2021-10-24 00:00:00-08:00,False,3229.1482631141344,-2569.517522851911,4124.77772268895,1376.3820543557995,1.0788873514181188,False
2021-10-11 00:00:00-08:00,2021-10-25 00:00:00-08:00,False,3251.2357610035715,-2653.0267632246487,4124.77772268895,1336.6869130915572,1.12639691771555,False
2021-10-12 00:00:00-08:00,2021-10-26 00:00:00-08:00,False,3208.7131318528186,-2036.1961023570482,4124.77772268895,1369.0987902183772,1.2275368789013974,False
2021-10-13 00:00:00-08:00,2021-10-27 00:00:00-08:00,False,3163.4576615227493,-1552.2249709397067,4124.77772268895,1314.3868674943587,1.599287058528085,False
2021-10-14 00:00:00-08:00,2021-10-28 00:00:00-08:00,False,3110.93949584718,-1550.020500567118,4124.77772268895,1317.4576412309082,1.7078022259472954,False
2021-10-15 00:00:00-08:00,2021-10-29 00:00:00-08:00,False,3094.2880338861323,-1416.347174423437,4124.77772268895,1294.133692060067,1.8816536197772833,False
2021-10-16 00:00:00-08:00,2021-10-30 00:00:00-08:00,False,3102.594350309755,-1380.1873802981095,4124.77772268895,1289.9306733282347,1.8905687764557457,False
2021-10-17 00:00:00-08:00,2021-10-31 00:00:00-08:00,False,3126.3295189302276,-1383.9282819576104,4124.77772268895,1330.072666602826,1.6947696064719826,False
2021-10-18 00:00:00-08:00,2021-11-01 00:00:00-08:00,False,3140.2646139917683,-1116.1635991766136,4124.77772268895,1280.1698477619343,1.952018044001979,False
2021-10-19 00:00:00-08:00,2021-11-02 00:00:00-08:00,False,3116.3659854213756,-842.1597573707191,4124.77772268895,1173.483272723293,2.727216615735244,False
2021-10-20 00:00:00-08:00,2021-11-03 00:00:00-08:00,False,3117.1997712700813,-639.8824930890538,3834.9219994128616,1148.4324007822847,3.766406930262683,False
2021-10-21 00:00:00-08:00,2021-11-04 00:00:00-08:00,False,3100.2765027848955,-790.6343333668765,3869.1908143605274,1167.7251484907633,3.4860311298713196,False
2021-10-22 00:00:00-08:00,2021-11-05 00:00:00-08:00,False,3105.820085212103,-887.7163234670357,3869.1908143605274,1204.6033593267484,3.1809967410754885,False
2021-10-23 00:00:00-08:00,2021-11-06 00:00:00-08:00,False,3063.6258988319787,-1002.4356587096426,3869.1908143605274,1236.9392154493519,3.0555797690297792,False
2021-10-24 00:00:00-08:00,2021-11-07 00:00:00-08:00,False,3021.863502234633,-1074.3453477113535,3869.1908143605274,1283.3575210252013,2.933222177565444,False
2021-10-25 00:00:00-08:00,2021-11-08 00:00:00-08:00,True,3043.0366448643213,-951.6172321321277,3869.1908143605274,1295.1475737449102,2.8783550932579596,False
2021-10-26 00:00:00-08:00,2021-11-09 00:00:00-08:00,True,3083.9023824150645,-813.1638084357726,4858.884417631154,1228.9262654666566,1.6295659168647525,False
2021-10-27 00:00:00-08:00,2021-11-10 00:00:00-08:00,True,3077.7335874314617,-946.5140621200275,4858.884417631154,1262.6779107669624,1.4096580217166639,False
2021-10-28 00:00:00-08:00,2021-11-11 00:00:00-08:00,True,3093.7765820505474,-876.9090721248388,5056.234594093602,1254.8607675250464,1.465997984293963,False
2021-10-29 00:00:00-08:00,2021-11-12 00:00:00-08:00,True,3103.3591660223515,-848.9968597954004,5056.234594093602,1270.639137909459,1.3828663598293784,False
2021-10-30 00:00:00-08:00,2021-11-13 00:00:00-08:00,True,3107.9711024694243,-803.8052238885542,5331.32966814429,1286.7488159212596,1.5485745346556845,False
2021-10-31 00:00:00-08:00,2021-11-14 00:00:00-08:00,True,3104.167901328476,-670.9200049183296,5331.32966814429,1243.800777661603,1.8237454875846997,False
2021-11-01 00:00:00-08:00,2021-11-15 00:00:00-08:00,True,3098.4665740353917,-517.9404511962648,5331.32966814429,1227.243716829668,2.0121805181175665,False
2021-11-02 00:00:00-08:00,2021-11-16 00:00:00-08:00,True,3103.859292245156,-517.7234836726116,5331.32966814429,1225.0963758845219,2.010403162534234,False
2021-11-03 00:00:00-08:00,2021-11-17 00:00:00-08:00,True,3134.783724745493,-514.7735851027618,5331.32966814429,1214.2831576046226,1.9995636843657467,False
2021-11-04 00:00:00-08:00,2021-11-18 00:00:00-08:00,True,3136.413232855792,-448.58242998114787,5331.32966814429,1205.6033512261674,2.0863926111672817,False
2021-11-05 00:00:00-08:00,2021-11-19 00:00:00-08:00,True,3137.1222560377723,-257.01138946645835,5331.32966814429,1150.9290732536742,2.5716025397235844,False
2021-11-06 00:00:00-08:00,2021-11-20 00:00:00-08:00,True,3113.993800957621,-175.41624565526226,5331.32966814429,1112.7434454150834,2.9810365237155083,False
2021-11-07 00:00:00-08:00,2021-11-21 00:00:00-08:00,True,3100.395060321394,-233.02937411408962,5331.32966814429,1074.221329299275,3.320482149542916,False
2021-11-08 00:00:00-08:00,2021-11-22 00:00:00-08:00,True,3050.051994172658,-109.4070302594537,5331.32966814429,1065.7940414938018,3.621435923797363,False
2021-11-09 00:00:00-08:00,2021-11-23 00:00:00-08:00,True,3011.4402399463947,-108.08150164581241,5331.32966814429,1023.5478490813889,4.172839912274258,False
2021-11-10 00:00:00-08:00,2021-11-24 00:00:00-08:00,True,3003.839984607422,-95.16005411239517,5331.32966814429,1017.7502153426358,4.269400178038138,False
2021-11-11 00:00:00-08:00,2021-11-25 00:00:00-08:00,True,3007.7416386629375,-215.74825441953934,5331.32966814429,1029.717154910221,4.049085446752304,False
2021-11-12 00:00:00-08:00,2021-11-26 00:00:00-08:00,True,3010.716409005294,-178.73174337741114,5331.32966814429,1024.2079975625832,4.121490218628908,False
2021-11-13 00:00:00-08:00,2021-11-27 00:00:00-08:00,True,2992.595301272101,-196.36820841703496,5193.368506684434,1013.6709168749812,4.147956319944818,False
2021-11-14 00:00:00-08:00,2021-11-28 00:00:00-08:00,True,3004.5945920852673,-214.8362332346893,5193.368506684434,1007.7598782332379,4.159673476218373,False
2021-11-15 00:00:00-08:00,2021-11-29 00:00:00-08:00,True,3028.066042216546,-321.2841334165113,5119.02547150589,1029.001517044671,3.7333077647981963,False
2021-11-16 00:00:00-08:00,2021-11-30 00:00:00-08:00,True,3047.162219112984,-451.567117175486,5119.02547150589,1059.3935331278096,3.286191398509165,False
2021-11-17 00:00:00-08:00,2021-12-01 00:00:00-08:00,True,3043.7194328466244,-505.5799709956672,4906.570977067061,1044.2258415889416,3.3525409954459495,False
2021-11-18 00:00:00-08:00,2021-12-02 00:00:00-08:00,True,3061.340000681664,-515.2139182352273,4906.570977067061,1052.3547266371104,3.212821826939966,False
2021-11-19 00:00:00-08:00,2021-12-03 00:00:00-08:00,True,3065.429394247932,-572.6710332425216,4906.570977067061,1076.8643384129464,2.931942250892501,False
2021-11-20 00:00:00-08:00,2021-12-04 00:00:00-08:00,True,3086.318203718428,-495.5474960336858,4906.570977067061,1075.7480610914445,2.928922563967661,False
2021-11-21 00:00:00-08:00,2021-12-05 00:00:00-08:00,True,3112.8921425918816,-261.759016605652,4906.570977067061,1046.1232920718046,3.2915242930480773,False
2021-11-22 00:00:00-08:00,2021-12-06 00:00:00-08:00,True,3150.787420206481,-103.4857441544319,4906.570977067061,1035.2783359779894,3.419199859045355,False
2021-11-23 00:00:00-08:00,2021-12-07 00:00:00-08:00,True,3181.3387375444445,107.94825071261039,4906.570977067061,998.1331261280154,3.907811527950572,False
2021-11-24 00:00:00-08:00,2021-12-08 00:00:00-08:00,True,3221.3381152676193,404.1347687997326,5201.778157391735,970.4091350899391,4.507680898167113,False
2021-11-25 00:00:00-08:00,2021-12-09 00:00:00-08:00,True,3225.383114650179,719.5359431298298,5201.778157391735,941.5810719408694,5.115399690675606,False
2021-11-26 00:00:00-08:00,2021-12-10 00:00:00-08:00,True,3233.990003945245,550.8991615187274,5201.778157391735,977.6046184426924,4.520132757800043,False
2021-11-27 00:00:00-08:00,2021-12-11 00:00:00-08:00,True,3277.0580081285043,471.0657200331289,5201.778157391735,1017.4975633816074,3.9516420696880648,False
2021-11-28 00:00:00-08:00,2021-12-12 00:00:00-08:00,True,3302.697224368243,495.0546612409056,5336.408023092097,1030.8166585804024,3.942241442435172,False
2021-11-29 00:00:00-08:00,2021-12-13 00:00:00-08:00,True,3309.424863835532,460.27950020876,5336.408023092097,1038.692558690614,3.8275460162128754,False
2021-11-30 00:00:00-08:00,2021-12-14 00:00:00-08:00,True,3277.2905636809032,58.75101433409721,5336.408023092097,1075.1491082898765,3.197278548449181,False
2021-12-01 00:00:00-08:00,2021-12-15 00:00:00-08:00,True,3305.688988130242,-53.18539390222967,5336.408023092097,1153.808433306056,2.4361667135757727,False
2021-12-02 00:00:00-08:00,2021-12-16 00:00:00-08:00,True,3327.038634666386,-196.62073675012365,5336.408023092097,1198.3900974105911,2.022966689354056,False
2021-12-03 00:00:00-08:00,2021-12-17 00:00:00-08:00,True,3341.347497679091,-277.23417998947946,5336.408023092097,1228.6495658787953,1.7866967234764193,False
2021-12-04 00:00:00-08:00,2021-12-18 00:00:00-08:00,True,3370.1123048381537,-315.2021276292858,5336.408023092097,1240.7352015049685,1.6887781278011187,False
2021-12-05 00:00:00-08:00,2021-12-19 00:00:00-08:00,True,3398.884950008598,-169.5592745815636,5336.408023092097,1204.4846959633985,1.9829826785158544,False
2021-12-06 00:00:00-08:00,2021-12-20 00:00:00-08:00,True,3418.8024043022183,-70.2570434205426,5336.408023092097,1203.7688848786281,2.055874109942012,False
2021-12-07 00:00:00-08:00,2021-12-21 00:00:00-08:00,True,3447.3930004981853,-49.61020478988104,5336.408023092097,1206.027131427428,2.065604124687165,False
2021-12-08 00:00:00-08:00,2021-12-22 00:00:00-08:00,True,3437.5557552543746,-25.028200956143685,5336.408023092097,1163.6363247133093,2.3572318122195766,False
2021-12-09 00:00:00-08:00,2021-12-23 00:00:00-08:00,True,3447.3463060977047,-194.24599470359013,5336.408023092097,1236.0348956286612,1.7994566827008336,False
2021-12-10 00:00:00-08:00,2021-12-24 00:00:00-08:00,True,3477.057660641212,58.94072796784132,5336.408023092097,1205.562783076865,2.1609348345041526,False
2021-12-11 00:00:00-08:00,2021-12-25 00:00:00-08:00,True,3484.2018593650455,66.38242847946276,5394.753812508382,1246.513330371399,2.020100743216396,False
2021-12-12 00:00:00-08:00,2021-12-26 00:00:00-08:00,True,3490.6779905847416,-15.304004247732987,5394.753812508382,1293.4106117257886,1.7611944151067673,False
2021-12-13 00:00:00-08:00,2021-12-27 00:00:00-08:00,True,3499.4369760315303,86.94229107174198,5394.753812508382,1325.9584338463746,1.7294719284513869,False
2021-12-14 00:00:00-08:00,2021-12-28 00:00:00-08:00,True,3543.0133317582035,437.5628293934973,5394.753812508382,1344.9731579655281,1.987402782320007,False
2021-12-15 00:00:00-08:00,2021-12-29 00:00:00-08:00,True,3556.2701719919182,572.4145608695095,5394.753812508382,1292.826525515379,2.278696093182531,False
2021-12-16 00:00:00-08:00,2021-12-30 00:00:00-08:00,True,3590.2731700708196,635.4166299944017,5394.753812508382,1266.0189689880983,2.4950485648655025,False
2021-12-17 00:00:00-08:00,2021-12-31 00:00:00-08:00,True,3629.735499909875,734.4974324547225,5394.753812508382,1234.6139699713328,2.8062585695848674,False
2021-12-18 00:00:00-08:00,2022-01-01 00:00:00-08:00,True,3678.651426110397,744.0824498682434,5394.753812508382,1238.336274278161,2.9048566007669665,False
