region,metric,annual_peak_mw,annual_peak_time,earliest_peak_covered,selected_peak_mw,selected_to_annual_peak,annual_weekly_mean_mw,annual_week_start,annual_week_stop,selected_weekly_mean_mw,selected_to_annual_weekly_mean,positive_tail_threshold_mw,positive_tail_hours,positive_tail_hours_covered,annual_peak_over_cut_rating
bus_1,import_before_flex,1497.8783592644977,2021-02-19T03:00:00-08:00,True,1497.8783592644977,1.0,539.5899103656672,2021-12-18T00:00:00-08:00,2021-12-25T00:00:00-08:00,368.90360437015545,0.6836740222220952,1171.547186296514,88,41,0.6633650838195295
bus_1,import_after_generation,490.2037621808447,2021-02-19T03:00:00-08:00,True,490.2037621808447,1.0,30.026751524408787,2021-02-13T00:00:00-08:00,2021-02-20T00:00:00-08:00,30.026751524408787,1.0,163.872589212861,88,41,0.21709644029266817
bus_1,import_after_generation_and_discharge,0.0,,,0.0,,0.0,,,0.0,,0.0,0,0,0.0
bus_1,export_before_flex,5750.117048752548,2021-05-01T15:00:00-08:00,True,5750.117048752548,1.0,2486.8919174043035,2021-05-17T00:00:00-08:00,2021-05-24T00:00:00-08:00,2486.8919174043035,1.0,4956.195562441269,88,80,2.5465531659665843
bus_1,export_after_charging,3976.9327540839304,2021-05-01T15:00:00-08:00,True,3976.9327540839304,1.0,1148.0612144726958,2021-05-17T00:00:00-08:00,2021-05-24T00:00:00-08:00,1148.0612144726958,1.0,3183.011267772652,88,80,1.7612633986199868
bus_52,import_before_flex,3115.9830268741157,2021-02-19T03:00:00-08:00,True,3115.9830268741157,1.0,1114.4783182931521,2021-12-02T00:00:00-08:00,2021-12-09T00:00:00-08:00,716.9603324076907,0.6433147425476442,2423.7516411125343,88,41,1.0182951068216064
bus_52,import_after_generation,264.87021029698644,2021-02-19T03:00:00-08:00,True,264.87021029698644,1.0,5.475295125135758,2021-02-13T00:00:00-08:00,2021-02-20T00:00:00-08:00,5.475295125135758,1.0,0.0,9,9,0.08655889225391714
bus_52,import_after_generation_and_discharge,0.0,,,0.0,,0.0,,,0.0,,0.0,0,0,0.0
bus_52,export_before_flex,11879.347071710341,2021-05-01T15:00:00-08:00,True,11879.347071710341,1.0,5276.60310535624,2021-05-01T00:00:00-08:00,2021-05-08T00:00:00-08:00,5276.60310535624,1.0,10260.110805176913,88,78,3.882139565918412
bus_52,export_after_charging,9766.26213873348,2021-05-01T15:00:00-08:00,True,9766.26213873348,1.0,3423.1762125495784,2021-05-17T00:00:00-08:00,2021-05-24T00:00:00-08:00,3423.1762125495784,1.0,8147.025872200053,88,78,3.1915889342266275
bus_87,import_before_flex,926.7994606452207,2021-08-07T10:00:00-08:00,True,926.7994606452207,1.0,408.39337175385816,2021-07-13T00:00:00-08:00,2021-07-20T00:00:00-08:00,408.39337175385816,1.0,756.7184674633971,88,57,0.6814701916508976
bus_87,import_after_generation,430.2530293328646,2021-08-07T10:00:00-08:00,True,430.2530293328646,1.0,81.55917086705247,2021-07-13T00:00:00-08:00,2021-07-20T00:00:00-08:00,81.55917086705247,1.0,260.172036151041,88,57,0.3163625215682828
bus_87,import_after_generation_and_discharge,0.0,,,0.0,,0.0,,,0.0,,0.0,0,0,0.0
bus_87,export_before_flex,1016.1754241120389,2021-05-01T20:00:00-08:00,True,1016.1754241120389,1.0,435.0576935954374,2021-05-01T00:00:00-08:00,2021-05-08T00:00:00-08:00,435.0576935954374,1.0,950.0917956747,88,81,0.7471878118470874
bus_87,export_after_charging,500.20182609131166,2021-05-01T20:00:00-08:00,True,500.20182609131166,1.0,114.00499398959192,2021-05-16T00:00:00-08:00,2021-05-23T00:00:00-08:00,114.00499398959192,1.0,434.11819765397286,88,81,0.3677954603612586
bus_108,import_before_flex,719.94342291372,2021-02-19T03:00:00-08:00,True,719.94342291372,1.0,276.65415176974466,2021-12-18T00:00:00-08:00,2021-12-25T00:00:00-08:00,184.64259186865704,0.6674130523164259,566.1425113286555,88,42,0.6049944730367395
bus_108,import_after_generation,75.27726788685891,2021-02-19T03:00:00-08:00,True,75.27726788685891,1.0,1.8230394060065578,2021-02-13T00:00:00-08:00,2021-02-20T00:00:00-08:00,1.8230394060065578,1.0,0.0,13,11,0.0632582083082848
bus_108,import_after_generation_and_discharge,0.0,,,0.0,,0.0,,,0.0,,0.0,0,0,0.0
bus_108,export_before_flex,2135.26097485076,2021-05-01T15:00:00-08:00,True,2135.26097485076,1.0,899.3090110098485,2021-05-01T00:00:00-08:00,2021-05-08T00:00:00-08:00,899.3090110098485,1.0,1801.5956639611738,88,78,1.7943369536561007
bus_108,export_after_charging,1855.3178525203652,2021-05-01T15:00:00-08:00,True,1855.3178525203652,1.0,658.1569961329503,2021-05-17T00:00:00-08:00,2021-05-24T00:00:00-08:00,658.1569961329503,1.0,1521.6525416307793,88,78,1.5590906323700549
