start,stop_exclusive,net_energy_gwh,peak_net_load_mw,minimum_net_load_mw,Deficit,Persistent surplus,Gross-load peak,Ramp,Regional import,Ordinary control
2021-01-01 00:00:00-08:00,2021-01-08 00:00:00-08:00,196.17783091757016,4743.869331336695,-5633.161377370376,False,False,False,False,False,False
2021-01-02 00:00:00-08:00,2021-01-09 00:00:00-08:00,192.21825482289563,4180.090979046593,-5633.161377370376,False,False,False,False,False,False
2021-01-03 00:00:00-08:00,2021-01-10 00:00:00-08:00,116.90375122610611,4180.090979046593,-9159.468766689555,False,False,False,False,False,False
2021-01-04 00:00:00-08:00,2021-01-11 00:00:00-08:00,95.50929148001875,4180.090979046593,-9159.468766689555,False,False,False,False,False,False
2021-01-05 00:00:00-08:00,2021-01-12 00:00:00-08:00,114.45171525723245,4507.678476346884,-9159.468766689555,False,False,False,False,False,False
2021-01-06 00:00:00-08:00,2021-01-13 00:00:00-08:00,158.00512670167524,4507.678476346884,-9159.468766689555,False,False,False,False,False,False
2021-01-07 00:00:00-08:00,2021-01-14 00:00:00-08:00,113.5623297208454,4507.678476346884,-9159.468766689555,False,False,False,False,False,False
2021-01-08 00:00:00-08:00,2021-01-15 00:00:00-08:00,71.70387972557822,4507.678476346884,-9159.468766689555,False,False,False,False,False,False
2021-01-09 00:00:00-08:00,2021-01-16 00:00:00-08:00,50.39476740120726,4507.678476346884,-9159.468766689555,False,False,False,False,False,False
2021-01-10 00:00:00-08:00,2021-01-17 00:00:00-08:00,63.1344286785521,4507.678476346884,-8478.40530843674,False,False,False,False,False,False
2021-01-11 00:00:00-08:00,2021-01-18 00:00:00-08:00,37.21422686988366,4507.678476346884,-8478.40530843674,False,False,False,False,False,False
2021-01-12 00:00:00-08:00,2021-01-19 00:00:00-08:00,-147.3936388342223,4317.466223471446,-14563.545663554489,False,False,False,False,False,False
2021-01-13 00:00:00-08:00,2021-01-20 00:00:00-08:00,-382.9593065787845,4317.466223471446,-18823.05561747596,False,False,False,False,False,False
2021-01-14 00:00:00-08:00,2021-01-21 00:00:00-08:00,-413.8022262402192,4317.466223471446,-18823.05561747596,False,False,False,False,False,True
2021-01-15 00:00:00-08:00,2021-01-22 00:00:00-08:00,-386.05781551074733,4485.694368200896,-18823.05561747596,False,False,False,False,False,True
2021-01-16 00:00:00-08:00,2021-01-23 00:00:00-08:00,-374.51854915020834,4935.276940498873,-18823.05561747596,False,False,False,False,False,True
2021-01-17 00:00:00-08:00,2021-01-24 00:00:00-08:00,-401.9259038546522,4935.276940498873,-18823.05561747596,False,False,False,False,False,True
2021-01-18 00:00:00-08:00,2021-01-25 00:00:00-08:00,-423.03411270643073,4935.276940498873,-18823.05561747596,False,False,False,False,False,True
2021-01-19 00:00:00-08:00,2021-01-26 00:00:00-08:00,-479.2834544050966,4935.276940498873,-18823.05561747596,False,False,False,False,False,True
2021-01-20 00:00:00-08:00,2021-01-27 00:00:00-08:00,-382.48422552539415,4935.276940498873,-15867.20429573942,False,False,False,False,False,True
2021-01-21 00:00:00-08:00,2021-01-28 00:00:00-08:00,-447.1406224104572,4935.276940498873,-15867.20429573942,False,False,False,False,False,True
2021-01-22 00:00:00-08:00,2021-01-29 00:00:00-08:00,-421.99469839973005,4935.276940498873,-15867.20429573942,False,False,False,False,False,False
2021-01-23 00:00:00-08:00,2021-01-30 00:00:00-08:00,-402.27106257586627,4598.493478389039,-15867.20429573942,False,False,False,False,False,False
2021-01-24 00:00:00-08:00,2021-01-31 00:00:00-08:00,-351.022483247492,4557.588954455796,-15867.20429573942,False,False,False,False,False,False
2021-01-25 00:00:00-08:00,2021-02-01 00:00:00-08:00,-320.5650898054179,4557.588954455796,-15867.20429573942,False,False,False,False,False,False
2021-01-26 00:00:00-08:00,2021-02-02 00:00:00-08:00,-101.82325465979176,4557.588954455796,-8502.551781648694,False,False,False,False,False,False
2021-01-27 00:00:00-08:00,2021-02-03 00:00:00-08:00,36.384977088089286,4557.588954455796,-8502.551781648694,False,False,False,False,False,False
2021-01-28 00:00:00-08:00,2021-02-04 00:00:00-08:00,73.92357888178644,4557.588954455796,-8948.477831025455,False,False,False,False,False,False
2021-01-29 00:00:00-08:00,2021-02-05 00:00:00-08:00,-6.791544265737554,4557.588954455796,-9310.228551943888,False,False,False,False,False,False
2021-01-30 00:00:00-08:00,2021-02-06 00:00:00-08:00,-56.529977924892215,4557.588954455796,-9310.228551943888,False,False,False,False,False,False
2021-01-31 00:00:00-08:00,2021-02-07 00:00:00-08:00,-109.0004552143142,4202.9878612973835,-9310.228551943888,False,False,False,False,False,False
2021-02-01 00:00:00-08:00,2021-02-08 00:00:00-08:00,-127.8966696572832,4202.9878612973835,-9310.228551943888,True,False,False,False,False,False
2021-02-02 00:00:00-08:00,2021-02-09 00:00:00-08:00,-115.52038279753347,4620.012946383704,-9310.228551943888,True,False,False,False,False,False
2021-02-03 00:00:00-08:00,2021-02-10 00:00:00-08:00,-177.76243127820686,4978.135030354352,-9310.228551943888,True,False,False,False,False,False
2021-02-04 00:00:00-08:00,2021-02-11 00:00:00-08:00,-203.82489657374214,4978.135030354352,-10211.618384787576,True,False,False,False,False,False
2021-02-05 00:00:00-08:00,2021-02-12 00:00:00-08:00,-114.67045791928808,4978.135030354352,-10211.618384787576,True,False,False,False,False,False
2021-02-06 00:00:00-08:00,2021-02-13 00:00:00-08:00,-274.6180413374017,4978.135030354352,-17587.52106686378,True,False,False,False,False,False
2021-02-07 00:00:00-08:00,2021-02-14 00:00:00-08:00,-430.5028106615484,4978.135030354352,-18072.05453743624,True,False,False,False,False,False
2021-02-08 00:00:00-08:00,2021-02-15 00:00:00-08:00,-469.6665667607464,4978.135030354352,-18072.05453743624,True,False,False,False,False,False
2021-02-09 00:00:00-08:00,2021-02-16 00:00:00-08:00,-520.2887655678817,5638.874709370793,-18072.05453743624,True,False,False,False,False,False
2021-02-10 00:00:00-08:00,2021-02-17 00:00:00-08:00,-674.2021301760075,5638.874709370793,-18072.05453743624,True,False,False,False,False,False
2021-02-11 00:00:00-08:00,2021-02-18 00:00:00-08:00,-764.2007241563301,5638.874709370793,-18072.05453743624,True,False,False,False,False,False
2021-02-12 00:00:00-08:00,2021-02-19 00:00:00-08:00,-818.0548301010247,5638.874709370793,-18072.05453743624,True,False,False,False,False,False
2021-02-13 00:00:00-08:00,2021-02-20 00:00:00-08:00,-647.1845067186063,6000.0,-18072.05453743624,True,False,False,False,False,False
2021-02-14 00:00:00-08:00,2021-02-21 00:00:00-08:00,-633.3088932780487,6000.0,-17578.142787222103,True,False,False,False,False,False
2021-02-15 00:00:00-08:00,2021-02-22 00:00:00-08:00,-662.5202630267293,6000.0,-17578.142787222103,True,False,False,False,False,False
2021-02-16 00:00:00-08:00,2021-02-23 00:00:00-08:00,-655.6621616242206,6000.0,-17578.142787222103,True,False,False,False,False,False
2021-02-17 00:00:00-08:00,2021-02-24 00:00:00-08:00,-570.3782944643667,6000.0,-17578.142787222103,True,False,False,False,False,False
2021-02-18 00:00:00-08:00,2021-02-25 00:00:00-08:00,-596.8868309452392,6000.0,-17966.482596034028,True,False,False,False,False,False
2021-02-19 00:00:00-08:00,2021-02-26 00:00:00-08:00,-691.2290789629021,6000.0,-17966.482596034028,True,False,False,False,False,False
2021-02-20 00:00:00-08:00,2021-02-27 00:00:00-08:00,-792.3414053443007,5522.187712788235,-17966.482596034028,True,False,False,False,False,False
2021-02-21 00:00:00-08:00,2021-02-28 00:00:00-08:00,-794.3822281971569,5522.187712788235,-19350.8052340166,True,False,False,False,False,False
2021-02-22 00:00:00-08:00,2021-03-01 00:00:00-08:00,-784.5373630502637,5522.187712788235,-19350.8052340166,True,False,False,False,False,False
2021-02-23 00:00:00-08:00,2021-03-02 00:00:00-08:00,-805.3344617820121,5522.187712788235,-19350.8052340166,False,False,False,False,False,False
2021-02-24 00:00:00-08:00,2021-03-03 00:00:00-08:00,-748.5832341734548,5476.169092357082,-19350.8052340166,False,False,False,False,False,False
2021-02-25 00:00:00-08:00,2021-03-04 00:00:00-08:00,-589.1698929874342,5476.169092357082,-19350.8052340166,False,False,False,False,False,False
2021-02-26 00:00:00-08:00,2021-03-05 00:00:00-08:00,-519.4207617375129,5476.169092357082,-19350.8052340166,False,False,False,False,False,False
2021-02-27 00:00:00-08:00,2021-03-06 00:00:00-08:00,-482.61722608788045,5476.169092357082,-19350.8052340166,False,False,False,False,False,False
2021-02-28 00:00:00-08:00,2021-03-07 00:00:00-08:00,-440.7113343870564,5476.169092357082,-11838.85299720718,False,False,False,False,False,False
2021-03-01 00:00:00-08:00,2021-03-08 00:00:00-08:00,-483.7234300874453,5476.169092357082,-11838.85299720718,False,False,False,False,False,False
2021-03-02 00:00:00-08:00,2021-03-09 00:00:00-08:00,-496.43081890863937,5194.164596253369,-11838.85299720718,False,False,False,False,False,False
2021-03-03 00:00:00-08:00,2021-03-10 00:00:00-08:00,-477.0885527787931,4667.343617735262,-11838.85299720718,False,False,False,False,False,False
2021-03-04 00:00:00-08:00,2021-03-11 00:00:00-08:00,-420.14776208981004,4667.343617735262,-11838.85299720718,False,False,False,False,False,False
2021-03-05 00:00:00-08:00,2021-03-12 00:00:00-08:00,-425.81977008376674,4631.093132398616,-11838.85299720718,False,False,False,False,False,False
2021-03-06 00:00:00-08:00,2021-03-13 00:00:00-08:00,-456.82672852683123,4631.093132398616,-11838.85299720718,False,False,False,False,False,False
2021-03-07 00:00:00-08:00,2021-03-14 00:00:00-08:00,-491.6133368204471,4631.093132398616,-16976.836314459033,False,False,False,False,False,False
2021-03-08 00:00:00-08:00,2021-03-15 00:00:00-08:00,-403.82918017287477,4631.093132398616,-16976.836314459033,False,False,False,False,False,False
2021-03-09 00:00:00-08:00,2021-03-16 00:00:00-08:00,-489.9035497671694,4573.135306816769,-16976.836314459033,False,False,False,False,False,False
2021-03-10 00:00:00-08:00,2021-03-17 00:00:00-08:00,-568.4316201017288,4339.373655300548,-16976.836314459033,False,False,False,False,False,False
2021-03-11 00:00:00-08:00,2021-03-18 00:00:00-08:00,-567.0502514883534,4974.918290845184,-16976.836314459033,False,False,False,False,False,False
2021-03-12 00:00:00-08:00,2021-03-19 00:00:00-08:00,-487.5237947398184,4974.918290845184,-16976.836314459033,False,False,False,False,False,False
2021-03-13 00:00:00-08:00,2021-03-20 00:00:00-08:00,-398.4612590666005,5072.400466656341,-16976.836314459033,False,False,False,False,False,False
2021-03-14 00:00:00-08:00,2021-03-21 00:00:00-08:00,-420.0127814820266,5072.400466656341,-14589.416795389669,False,False,False,False,False,False
2021-03-15 00:00:00-08:00,2021-03-22 00:00:00-08:00,-570.2443904743446,5072.400466656341,-16577.56748035487,False,False,False,False,False,False
2021-03-16 00:00:00-08:00,2021-03-23 00:00:00-08:00,-566.8291106600245,5072.400466656341,-16577.56748035487,False,False,False,False,False,False
2021-03-17 00:00:00-08:00,2021-03-24 00:00:00-08:00,-731.7194815308711,5072.400466656341,-20258.61722663663,False,False,False,False,False,False
2021-03-18 00:00:00-08:00,2021-03-25 00:00:00-08:00,-860.5190868100092,5072.400466656341,-20258.61722663663,False,False,False,False,False,False
2021-03-19 00:00:00-08:00,2021-03-26 00:00:00-08:00,-1055.8270362055885,5072.400466656341,-20258.61722663663,False,False,False,False,False,False
2021-03-20 00:00:00-08:00,2021-03-27 00:00:00-08:00,-1148.765758247857,3562.900740163607,-20258.61722663663,False,False,False,False,False,False
2021-03-21 00:00:00-08:00,2021-03-28 00:00:00-08:00,-998.0702337625066,4137.247536180126,-20258.61722663663,False,False,False,False,False,False
2021-03-22 00:00:00-08:00,2021-03-29 00:00:00-08:00,-901.3494834033306,4137.247536180126,-20258.61722663663,False,False,False,False,False,False
2021-03-23 00:00:00-08:00,2021-03-30 00:00:00-08:00,-904.6872626272465,4137.247536180126,-20258.61722663663,False,False,False,False,False,False
2021-03-24 00:00:00-08:00,2021-03-31 00:00:00-08:00,-807.9471364864288,4137.247536180126,-15814.927216701344,False,False,False,False,False,False
2021-03-25 00:00:00-08:00,2021-04-01 00:00:00-08:00,-753.6278521083184,4137.247536180126,-15814.927216701344,False,False,False,False,False,False
2021-03-26 00:00:00-08:00,2021-04-02 00:00:00-08:00,-680.9793091495817,4137.247536180126,-15814.927216701344,False,False,False,False,False,False
2021-03-27 00:00:00-08:00,2021-04-03 00:00:00-08:00,-665.6669791023118,4137.247536180126,-15814.927216701344,False,False,False,False,False,False
2021-03-28 00:00:00-08:00,2021-04-04 00:00:00-08:00,-711.9894817537826,5310.781637152394,-15814.927216701344,False,False,False,False,False,False
2021-03-29 00:00:00-08:00,2021-04-05 00:00:00-08:00,-719.5902294867535,5310.781637152394,-15814.927216701344,False,False,False,False,False,False
2021-03-30 00:00:00-08:00,2021-04-06 00:00:00-08:00,-732.4733599873348,5310.781637152394,-13930.634963734725,False,False,False,False,False,False
2021-03-31 00:00:00-08:00,2021-04-07 00:00:00-08:00,-691.873960558359,5310.781637152394,-13930.634963734725,False,False,False,False,False,False
2021-04-01 00:00:00-08:00,2021-04-08 00:00:00-08:00,-809.3318665146471,5310.781637152394,-19490.37684701981,False,True,False,False,False,False
2021-04-02 00:00:00-08:00,2021-04-09 00:00:00-08:00,-919.7023766393816,5310.781637152394,-19490.37684701981,False,True,False,False,False,False
2021-04-03 00:00:00-08:00,2021-04-10 00:00:00-08:00,-1043.743502085078,5310.781637152394,-19490.37684701981,False,True,False,False,False,False
2021-04-04 00:00:00-08:00,2021-04-11 00:00:00-08:00,-1110.8622920842342,4852.609789946605,-19490.37684701981,False,True,False,False,False,False
2021-04-05 00:00:00-08:00,2021-04-12 00:00:00-08:00,-1126.761239472235,4852.609789946605,-19490.37684701981,False,True,False,False,False,False
2021-04-06 00:00:00-08:00,2021-04-13 00:00:00-08:00,-1095.8149350187962,4852.609789946605,-19490.37684701981,False,True,False,False,False,False
2021-04-07 00:00:00-08:00,2021-04-14 00:00:00-08:00,-1209.025688075275,4456.317257883838,-20240.16792612073,False,True,False,False,False,False
2021-04-08 00:00:00-08:00,2021-04-15 00:00:00-08:00,-1147.8330956099126,4456.317257883838,-20240.16792612073,False,True,False,False,False,False
2021-04-09 00:00:00-08:00,2021-04-16 00:00:00-08:00,-1063.362152726912,4456.317257883838,-20240.16792612073,False,True,False,False,False,False
2021-04-10 00:00:00-08:00,2021-04-17 00:00:00-08:00,-1002.2395053529185,4456.317257883838,-20240.16792612073,False,True,False,False,False,False
2021-04-11 00:00:00-08:00,2021-04-18 00:00:00-08:00,-1007.2431151610682,4456.317257883838,-20240.16792612073,False,True,False,False,False,False
2021-04-12 00:00:00-08:00,2021-04-19 00:00:00-08:00,-1037.6967221427333,4456.317257883838,-20240.16792612073,False,True,False,False,False,False
2021-04-13 00:00:00-08:00,2021-04-20 00:00:00-08:00,-1054.1542182646647,4456.317257883838,-20240.16792612073,False,True,False,False,False,False
2021-04-14 00:00:00-08:00,2021-04-21 00:00:00-08:00,-1006.6127269466523,4160.36714209038,-16394.04061346064,False,True,False,False,False,False
2021-04-15 00:00:00-08:00,2021-04-22 00:00:00-08:00,-1022.2034957703682,4160.36714209038,-16394.04061346064,False,True,False,False,False,False
2021-04-16 00:00:00-08:00,2021-04-23 00:00:00-08:00,-1042.8092543833902,3969.519483879798,-16802.85617844569,False,True,False,False,False,False
2021-04-17 00:00:00-08:00,2021-04-24 00:00:00-08:00,-1024.1876296558485,4054.9787521066896,-16802.85617844569,False,True,False,False,False,False
2021-04-18 00:00:00-08:00,2021-04-25 00:00:00-08:00,-975.2212865404973,4054.9787521066896,-16802.85617844569,False,True,False,False,False,False
2021-04-19 00:00:00-08:00,2021-04-26 00:00:00-08:00,-862.5766139385282,4054.9787521066896,-16802.85617844569,False,True,False,False,False,False
2021-04-20 00:00:00-08:00,2021-04-27 00:00:00-08:00,-893.9176199494367,4054.9787521066896,-16802.85617844569,False,True,False,False,False,False
2021-04-21 00:00:00-08:00,2021-04-28 00:00:00-08:00,-937.258939093526,4054.9787521066896,-16802.85617844569,False,True,False,False,False,False
2021-04-22 00:00:00-08:00,2021-04-29 00:00:00-08:00,-927.1248601337203,4054.9787521066896,-16802.85617844569,False,True,False,False,False,False
2021-04-23 00:00:00-08:00,2021-04-30 00:00:00-08:00,-906.4790956548964,4054.9787521066896,-15453.13357027323,False,True,False,False,False,False
2021-04-24 00:00:00-08:00,2021-05-01 00:00:00-08:00,-881.8252025340415,3558.155626040744,-14915.822738345794,False,True,False,False,False,False
2021-04-25 00:00:00-08:00,2021-05-02 00:00:00-08:00,-1043.0180683161263,3545.0766625701353,-20698.343499972503,False,True,False,False,False,False
2021-04-26 00:00:00-08:00,2021-05-03 00:00:00-08:00,-1308.977253568491,3545.0766625701353,-20698.343499972503,False,True,False,False,False,False
2021-04-27 00:00:00-08:00,2021-05-04 00:00:00-08:00,-1377.0425122096394,3545.0766625701353,-20698.343499972503,False,True,False,False,False,False
2021-04-28 00:00:00-08:00,2021-05-05 00:00:00-08:00,-1297.64776044204,3545.0766625701353,-20698.343499972503,False,True,False,False,False,False
2021-04-29 00:00:00-08:00,2021-05-06 00:00:00-08:00,-1277.9207195335282,3827.1574505660487,-20698.343499972503,False,True,False,False,False,False
2021-04-30 00:00:00-08:00,2021-05-07 00:00:00-08:00,-1416.8165553235701,3827.1574505660487,-20698.343499972503,False,True,False,False,False,False
2021-05-01 00:00:00-08:00,2021-05-08 00:00:00-08:00,-1496.5284684829521,3827.1574505660487,-20698.343499972503,False,True,False,False,False,False
2021-05-02 00:00:00-08:00,2021-05-09 00:00:00-08:00,-1454.046816871518,3827.1574505660487,-20398.187054437614,False,True,False,False,False,False
2021-05-03 00:00:00-08:00,2021-05-10 00:00:00-08:00,-1372.9911452570343,3827.1574505660487,-19893.834404813213,False,True,False,False,False,False
2021-05-04 00:00:00-08:00,2021-05-11 00:00:00-08:00,-1333.4487088380565,3827.1574505660487,-19893.834404813213,False,True,False,False,False,False
2021-05-05 00:00:00-08:00,2021-05-12 00:00:00-08:00,-1328.7977190946374,3827.1574505660487,-19893.834404813213,False,True,False,False,False,False
2021-05-06 00:00:00-08:00,2021-05-13 00:00:00-08:00,-1348.720153373435,3451.985137022611,-19893.834404813213,False,True,False,False,False,False
2021-05-07 00:00:00-08:00,2021-05-14 00:00:00-08:00,-1228.1974452381162,3536.0052389904904,-16231.676704513124,False,True,False,False,False,False
2021-05-08 00:00:00-08:00,2021-05-15 00:00:00-08:00,-1190.6534297817009,3744.7695907225934,-18065.209749471207,False,True,False,False,False,False
2021-05-09 00:00:00-08:00,2021-05-16 00:00:00-08:00,-1094.5715112587573,3744.7695907225934,-18065.209749471207,False,True,False,False,False,False
2021-05-10 00:00:00-08:00,2021-05-17 00:00:00-08:00,-994.0366793722499,3744.7695907225934,-18065.209749471207,False,True,False,False,False,False
2021-05-11 00:00:00-08:00,2021-05-18 00:00:00-08:00,-975.2635761680286,3744.7695907225934,-19516.05741545978,False,True,False,False,False,False
2021-05-12 00:00:00-08:00,2021-05-19 00:00:00-08:00,-1088.1293234369605,3744.7695907225934,-20440.4071711445,False,True,False,False,False,False
2021-05-13 00:00:00-08:00,2021-05-20 00:00:00-08:00,-1229.225847376365,3744.7695907225934,-20542.593345210054,False,True,False,False,False,False
2021-05-14 00:00:00-08:00,2021-05-21 00:00:00-08:00,-1346.178435585063,3744.7695907225934,-20542.593345210054,False,True,False,False,False,False
2021-05-15 00:00:00-08:00,2021-05-22 00:00:00-08:00,-1448.6686031926722,3467.742945549734,-20542.593345210054,False,True,False,False,False,False
2021-05-16 00:00:00-08:00,2021-05-23 00:00:00-08:00,-1455.551767248444,3698.778769274853,-20542.593345210054,False,True,False,False,False,False
2021-05-17 00:00:00-08:00,2021-05-24 00:00:00-08:00,-1472.5876535232333,3698.778769274853,-20542.593345210054,False,True,False,False,False,False
2021-05-18 00:00:00-08:00,2021-05-25 00:00:00-08:00,-1423.922859273924,4457.420835325819,-20542.593345210054,False,True,False,False,False,False
2021-05-19 00:00:00-08:00,2021-05-26 00:00:00-08:00,-1420.7646799138222,4457.420835325819,-20542.593345210054,False,True,False,False,False,False
2021-05-20 00:00:00-08:00,2021-05-27 00:00:00-08:00,-1311.0236126069449,4457.420835325819,-18465.339321852625,False,True,False,False,False,False
2021-05-21 00:00:00-08:00,2021-05-28 00:00:00-08:00,-1316.2513607556687,4457.420835325819,-19795.472999570437,False,True,False,False,False,False
2021-05-22 00:00:00-08:00,2021-05-29 00:00:00-08:00,-1237.8017394965407,4457.420835325819,-19795.472999570437,False,True,False,False,False,False
2021-05-23 00:00:00-08:00,2021-05-30 00:00:00-08:00,-1245.12843319457,4457.420835325819,-19795.472999570437,False,True,False,False,False,False
2021-05-24 00:00:00-08:00,2021-05-31 00:00:00-08:00,-1210.2664008556733,4496.822049553203,-19795.472999570437,False,True,False,False,False,False
2021-05-25 00:00:00-08:00,2021-06-01 00:00:00-08:00,-1190.799848233709,4496.822049553203,-19795.472999570437,False,True,False,False,False,False
2021-05-26 00:00:00-08:00,2021-06-02 00:00:00-08:00,-1077.2220643600422,4496.822049553203,-19795.472999570437,False,False,False,False,False,False
2021-05-27 00:00:00-08:00,2021-06-03 00:00:00-08:00,-1034.3538728936408,4496.822049553203,-19795.472999570437,False,False,False,False,False,False
2021-05-28 00:00:00-08:00,2021-06-04 00:00:00-08:00,-922.7910341368101,4496.822049553203,-17220.206573881722,False,False,False,False,False,False
2021-05-29 00:00:00-08:00,2021-06-05 00:00:00-08:00,-972.3522517702262,4496.822049553203,-19172.167948599425,False,False,False,False,False,False
2021-05-30 00:00:00-08:00,2021-06-06 00:00:00-08:00,-972.1872828487398,4496.822049553203,-19172.167948599425,False,False,False,False,False,False
2021-05-31 00:00:00-08:00,2021-06-07 00:00:00-08:00,-1078.7830113784794,4126.532853453502,-20243.55199849852,False,False,False,False,False,False
2021-06-01 00:00:00-08:00,2021-06-08 00:00:00-08:00,-1204.1113230992619,3439.8828654703334,-20243.55199849852,False,False,False,False,False,False
2021-06-02 00:00:00-08:00,2021-06-09 00:00:00-08:00,-1264.9229853841462,4746.747485242516,-20243.55199849852,False,False,False,False,False,False
2021-06-03 00:00:00-08:00,2021-06-10 00:00:00-08:00,-1363.4571485947135,4746.747485242516,-20243.55199849852,False,False,True,False,False,False
2021-06-04 00:00:00-08:00,2021-06-11 00:00:00-08:00,-1376.0348035212915,4746.747485242516,-20243.55199849852,False,False,True,False,False,False
2021-06-05 00:00:00-08:00,2021-06-12 00:00:00-08:00,-1315.5549096585364,4746.747485242516,-20243.55199849852,False,False,True,False,False,False
2021-06-06 00:00:00-08:00,2021-06-13 00:00:00-08:00,-1334.812399852485,4746.747485242516,-20243.55199849852,False,False,True,False,False,False
2021-06-07 00:00:00-08:00,2021-06-14 00:00:00-08:00,-1341.0518139065666,4746.747485242516,-19262.25809233629,False,False,True,False,False,False
2021-06-08 00:00:00-08:00,2021-06-15 00:00:00-08:00,-1279.45353544436,4746.747485242516,-19262.25809233629,False,False,True,False,False,False
2021-06-09 00:00:00-08:00,2021-06-16 00:00:00-08:00,-1288.9837129486511,2279.73933718059,-19262.25809233629,False,False,True,False,False,False
2021-06-10 00:00:00-08:00,2021-06-17 00:00:00-08:00,-1164.0596474615606,2279.73933718059,-19262.25809233629,False,False,True,False,False,False
2021-06-11 00:00:00-08:00,2021-06-18 00:00:00-08:00,-1100.664766418161,2564.1452377744804,-19262.25809233629,False,False,False,False,False,False
2021-06-12 00:00:00-08:00,2021-06-19 00:00:00-08:00,-1002.4779802265656,3320.6300801703787,-19262.25809233629,False,False,False,False,False,False
2021-06-13 00:00:00-08:00,2021-06-20 00:00:00-08:00,-874.2787305181539,4681.530093314917,-19262.25809233629,False,False,False,False,False,False
2021-06-14 00:00:00-08:00,2021-06-21 00:00:00-08:00,-730.2974721743208,4681.530093314917,-17893.704689443683,False,False,False,False,False,False
2021-06-15 00:00:00-08:00,2021-06-22 00:00:00-08:00,-651.6582149405156,4681.530093314917,-14193.403834329238,False,False,False,False,False,False
2021-06-16 00:00:00-08:00,2021-06-23 00:00:00-08:00,-537.0475313337723,4681.530093314917,-12007.24464021198,False,False,False,False,False,False
2021-06-17 00:00:00-08:00,2021-06-24 00:00:00-08:00,-562.8197324240239,4681.530093314917,-14210.716767363388,False,False,False,False,False,False
2021-06-18 00:00:00-08:00,2021-06-25 00:00:00-08:00,-586.0985353785117,4681.530093314917,-14210.716767363388,False,False,False,False,False,False
2021-06-19 00:00:00-08:00,2021-06-26 00:00:00-08:00,-629.2876432929479,4681.530093314917,-14778.408817998732,False,False,False,False,False,False
2021-06-20 00:00:00-08:00,2021-06-27 00:00:00-08:00,-678.0971255598278,4457.082799119353,-14778.408817998732,False,False,False,False,False,False
2021-06-21 00:00:00-08:00,2021-06-28 00:00:00-08:00,-727.5356147435982,4533.118091005941,-14778.408817998732,False,False,False,False,False,False
2021-06-22 00:00:00-08:00,2021-06-29 00:00:00-08:00,-817.1186559717114,4533.118091005941,-18255.294894214952,False,False,False,False,False,False
2021-06-23 00:00:00-08:00,2021-06-30 00:00:00-08:00,-881.0109828624885,4533.118091005941,-18255.294894214952,False,False,False,False,False,False
2021-06-24 00:00:00-08:00,2021-07-01 00:00:00-08:00,-893.9382681835677,4533.118091005941,-18255.294894214952,False,False,False,False,False,False
2021-06-25 00:00:00-08:00,2021-07-02 00:00:00-08:00,-872.3448171014039,4533.118091005941,-18255.294894214952,False,False,False,False,False,False
2021-06-26 00:00:00-08:00,2021-07-03 00:00:00-08:00,-828.4358501092656,4613.620707615486,-18255.294894214952,False,False,False,False,False,False
2021-06-27 00:00:00-08:00,2021-07-04 00:00:00-08:00,-773.3140725884948,5240.892881168896,-18255.294894214952,False,False,False,False,False,False
2021-06-28 00:00:00-08:00,2021-07-05 00:00:00-08:00,-724.6282470556237,5240.892881168896,-18255.294894214952,False,False,False,False,False,False
2021-06-29 00:00:00-08:00,2021-07-06 00:00:00-08:00,-608.1360267486974,5240.892881168896,-14466.554545737656,False,False,False,False,False,False
2021-06-30 00:00:00-08:00,2021-07-07 00:00:00-08:00,-607.1753427450149,5240.892881168896,-17319.48700754151,False,False,False,False,False,False
2021-07-01 00:00:00-08:00,2021-07-08 00:00:00-08:00,-607.2643222882552,5240.892881168896,-17319.48700754151,False,False,False,False,False,False
2021-07-02 00:00:00-08:00,2021-07-09 00:00:00-08:00,-571.8697500002959,5240.892881168896,-17319.48700754151,False,False,False,False,False,False
2021-07-03 00:00:00-08:00,2021-07-10 00:00:00-08:00,-606.5182014784746,5240.892881168896,-17319.48700754151,False,False,False,False,False,False
2021-07-04 00:00:00-08:00,2021-07-11 00:00:00-08:00,-708.1660361882485,4573.454759388601,-17319.48700754151,False,False,False,False,False,False
2021-07-05 00:00:00-08:00,2021-07-12 00:00:00-08:00,-795.0617075789927,4573.454759388601,-17631.447902481952,False,False,False,False,False,False
2021-07-06 00:00:00-08:00,2021-07-13 00:00:00-08:00,-804.0287608846063,4455.766250159371,-17631.447902481952,False,False,False,False,False,False
2021-07-07 00:00:00-08:00,2021-07-14 00:00:00-08:00,-693.9513333391475,4676.202196361701,-17631.447902481952,False,False,False,False,False,False
2021-07-08 00:00:00-08:00,2021-07-15 00:00:00-08:00,-582.6259167256079,5056.149813080606,-17631.447902481952,False,False,False,False,False,False
2021-07-09 00:00:00-08:00,2021-07-16 00:00:00-08:00,-589.8638557481205,5093.66477001909,-17631.447902481952,False,False,False,False,False,False
2021-07-10 00:00:00-08:00,2021-07-17 00:00:00-08:00,-535.3148139173973,5170.67473325743,-17631.447902481952,False,False,False,False,False,False
2021-07-11 00:00:00-08:00,2021-07-18 00:00:00-08:00,-456.28883848171296,5394.2488276958,-17631.447902481952,False,False,False,False,False,False
2021-07-12 00:00:00-08:00,2021-07-19 00:00:00-08:00,-347.7514610567307,5394.2488276958,-12472.038543434686,False,False,False,False,True,False
2021-07-13 00:00:00-08:00,2021-07-20 00:00:00-08:00,-325.3259844555174,5394.2488276958,-11917.730788368528,False,False,False,False,True,False
2021-07-14 00:00:00-08:00,2021-07-21 00:00:00-08:00,-388.6941590126295,5394.2488276958,-16051.208012898176,False,False,False,False,True,False
2021-07-15 00:00:00-08:00,2021-07-22 00:00:00-08:00,-474.1707553536946,5659.123213685201,-16051.208012898176,False,False,False,False,True,False
2021-07-16 00:00:00-08:00,2021-07-23 00:00:00-08:00,-494.3660216817373,5659.123213685201,-16051.208012898176,False,False,False,False,True,False
2021-07-17 00:00:00-08:00,2021-07-24 00:00:00-08:00,-492.74671552381955,5659.123213685201,-16051.208012898176,False,False,False,False,True,False
2021-07-18 00:00:00-08:00,2021-07-25 00:00:00-08:00,-520.69005313493,5659.123213685201,-16051.208012898176,False,False,False,False,True,False
2021-07-19 00:00:00-08:00,2021-07-26 00:00:00-08:00,-572.4478553075483,5659.123213685201,-16051.208012898176,False,False,False,False,True,False
2021-07-20 00:00:00-08:00,2021-07-27 00:00:00-08:00,-527.2192711707552,5659.123213685201,-16051.208012898176,False,False,False,False,True,False
2021-07-21 00:00:00-08:00,2021-07-28 00:00:00-08:00,-471.13694998394266,5659.123213685201,-15120.237519820996,False,False,False,False,True,False
2021-07-22 00:00:00-08:00,2021-07-29 00:00:00-08:00,-477.8654551303664,4729.4117144984075,-14068.185560343682,False,False,False,False,True,False
2021-07-23 00:00:00-08:00,2021-07-30 00:00:00-08:00,-501.95505764540667,4648.145826382051,-13491.750224513691,False,False,False,False,True,False
2021-07-24 00:00:00-08:00,2021-07-31 00:00:00-08:00,-576.7953131104107,4486.851118475085,-14531.19809230409,False,False,False,False,True,False
2021-07-25 00:00:00-08:00,2021-08-01 00:00:00-08:00,-554.6506427609652,4486.851118475085,-14531.19809230409,False,False,False,False,True,False
2021-07-26 00:00:00-08:00,2021-08-02 00:00:00-08:00,-540.532743602095,4313.400545776525,-14531.19809230409,False,False,False,False,True,False
2021-07-27 00:00:00-08:00,2021-08-03 00:00:00-08:00,-586.1491135608541,4313.400545776525,-14531.19809230409,False,False,False,False,True,False
2021-07-28 00:00:00-08:00,2021-08-04 00:00:00-08:00,-642.8304765325931,4313.400545776525,-14531.19809230409,False,False,False,False,True,False
2021-07-29 00:00:00-08:00,2021-08-05 00:00:00-08:00,-653.4618874807833,4313.400545776525,-15696.579310666022,False,False,False,False,True,False
2021-07-30 00:00:00-08:00,2021-08-06 00:00:00-08:00,-656.1511125914027,4313.400545776525,-15696.579310666022,False,False,False,False,True,False
2021-07-31 00:00:00-08:00,2021-08-07 00:00:00-08:00,-551.6528383962376,4804.180339765705,-15696.579310666022,False,False,False,False,True,False
2021-08-01 00:00:00-08:00,2021-08-08 00:00:00-08:00,-488.3236273147889,5757.511188899134,-15696.579310666022,False,False,False,False,True,False
2021-08-02 00:00:00-08:00,2021-08-09 00:00:00-08:00,-452.0831294100976,5757.511188899134,-15696.579310666022,False,False,False,False,True,False
2021-08-03 00:00:00-08:00,2021-08-10 00:00:00-08:00,-441.7280382205005,5757.511188899134,-15696.579310666022,False,False,False,False,False,False
2021-08-04 00:00:00-08:00,2021-08-11 00:00:00-08:00,-392.411488804009,5757.511188899134,-15696.579310666022,False,False,False,False,False,False
2021-08-05 00:00:00-08:00,2021-08-12 00:00:00-08:00,-392.146619567906,5757.511188899134,-15289.207151737752,False,False,False,False,False,False
2021-08-06 00:00:00-08:00,2021-08-13 00:00:00-08:00,-404.54335347446136,5757.511188899134,-15289.207151737752,False,False,False,False,False,False
2021-08-07 00:00:00-08:00,2021-08-14 00:00:00-08:00,-479.885837207895,5757.511188899134,-15289.207151737752,False,False,False,False,False,False
2021-08-08 00:00:00-08:00,2021-08-15 00:00:00-08:00,-563.3391211526308,4834.630873795365,-15289.207151737752,False,False,False,False,False,False
2021-08-09 00:00:00-08:00,2021-08-16 00:00:00-08:00,-592.517443338438,4834.630873795365,-15289.207151737752,False,False,False,False,False,False
2021-08-10 00:00:00-08:00,2021-08-17 00:00:00-08:00,-662.0022301793113,4172.697365908854,-16625.09276896784,False,False,False,False,False,False
2021-08-11 00:00:00-08:00,2021-08-18 00:00:00-08:00,-741.9148223914476,4028.3042528473343,-16625.09276896784,False,False,False,False,False,False
2021-08-12 00:00:00-08:00,2021-08-19 00:00:00-08:00,-718.0398599243968,4028.3042528473343,-16625.09276896784,False,False,False,False,False,False
2021-08-13 00:00:00-08:00,2021-08-20 00:00:00-08:00,-670.6268049178212,4028.3042528473343,-16625.09276896784,False,False,False,False,False,False
2021-08-14 00:00:00-08:00,2021-08-21 00:00:00-08:00,-610.0352757120124,3850.699602657828,-16625.09276896784,False,False,False,False,False,False
2021-08-15 00:00:00-08:00,2021-08-22 00:00:00-08:00,-566.8855432165377,3850.699602657828,-16625.09276896784,False,False,False,False,False,False
2021-08-16 00:00:00-08:00,2021-08-23 00:00:00-08:00,-548.326421141628,3850.699602657828,-16625.09276896784,False,False,False,False,False,False
2021-08-17 00:00:00-08:00,2021-08-24 00:00:00-08:00,-485.18341316322056,4008.621656141239,-13828.561230174557,False,False,False,False,False,False
2021-08-18 00:00:00-08:00,2021-08-25 00:00:00-08:00,-413.48126983923777,4504.026117603141,-9459.413033182693,False,False,False,False,False,False
2021-08-19 00:00:00-08:00,2021-08-26 00:00:00-08:00,-384.01415144468564,4504.026117603141,-9819.8574915028,False,False,False,False,False,False
2021-08-20 00:00:00-08:00,2021-08-27 00:00:00-08:00,-388.08475806736226,4604.055718938225,-9819.8574915028,False,False,False,False,False,False
2021-08-21 00:00:00-08:00,2021-08-28 00:00:00-08:00,-394.4215585836709,4604.055718938225,-9819.8574915028,False,False,False,False,False,False
2021-08-22 00:00:00-08:00,2021-08-29 00:00:00-08:00,-386.6431068013405,4604.055718938225,-9819.8574915028,False,False,False,False,False,False
2021-08-23 00:00:00-08:00,2021-08-30 00:00:00-08:00,-402.47744494716574,4604.055718938225,-9819.8574915028,False,False,False,False,False,False
2021-08-24 00:00:00-08:00,2021-08-31 00:00:00-08:00,-429.984223232064,4604.055718938225,-11281.832893513918,False,False,False,False,False,False
2021-08-25 00:00:00-08:00,2021-09-01 00:00:00-08:00,-453.20414983458585,4604.055718938225,-12370.489004473817,False,False,False,False,False,False
2021-08-26 00:00:00-08:00,2021-09-02 00:00:00-08:00,-439.6783560597035,4604.055718938225,-12370.489004473817,False,False,False,False,False,False
2021-08-27 00:00:00-08:00,2021-09-03 00:00:00-08:00,-398.5328534196616,4343.336079628508,-12370.489004473817,False,False,False,False,False,False
2021-08-28 00:00:00-08:00,2021-09-04 00:00:00-08:00,-375.4893852842556,4343.336079628508,-12370.489004473817,False,False,False,False,False,False
2021-08-29 00:00:00-08:00,2021-09-05 00:00:00-08:00,-377.10508605393045,4343.336079628508,-12370.489004473817,False,False,False,False,False,False
2021-08-30 00:00:00-08:00,2021-09-06 00:00:00-08:00,-366.66131561202917,4343.336079628508,-12370.489004473817,False,False,False,False,False,False
2021-08-31 00:00:00-08:00,2021-09-07 00:00:00-08:00,-338.6309371749072,4343.336079628508,-12370.489004473817,False,False,False,False,False,False
2021-09-01 00:00:00-08:00,2021-09-08 00:00:00-08:00,-393.2489790136831,4343.336079628508,-17772.46319678393,False,False,False,False,False,False
2021-09-02 00:00:00-08:00,2021-09-09 00:00:00-08:00,-446.3054407003991,4130.45662067994,-17772.46319678393,False,False,False,False,False,False
2021-09-03 00:00:00-08:00,2021-09-10 00:00:00-08:00,-499.7344120628461,4130.45662067994,-17772.46319678393,False,False,False,False,False,False
2021-09-04 00:00:00-08:00,2021-09-11 00:00:00-08:00,-640.3700341360802,4127.3338208868445,-17772.46319678393,False,False,False,False,False,False
2021-09-05 00:00:00-08:00,2021-09-12 00:00:00-08:00,-702.3730761790534,3626.489193068828,-17772.46319678393,False,False,False,False,False,False
2021-09-06 00:00:00-08:00,2021-09-13 00:00:00-08:00,-729.9377411733581,3626.489193068828,-17772.46319678393,False,False,False,False,False,False
2021-09-07 00:00:00-08:00,2021-09-14 00:00:00-08:00,-740.7410173945657,3626.489193068828,-17772.46319678393,False,False,False,False,False,False
2021-09-08 00:00:00-08:00,2021-09-15 00:00:00-08:00,-676.573231497746,3699.1520699092503,-13866.654755902036,False,False,False,False,False,False
2021-09-09 00:00:00-08:00,2021-09-16 00:00:00-08:00,-639.0753329348695,3699.1520699092503,-13866.654755902036,False,False,False,False,False,False
2021-09-10 00:00:00-08:00,2021-09-17 00:00:00-08:00,-581.6192928153465,3781.541471333427,-13866.654755902036,False,False,False,False,False,False
2021-09-11 00:00:00-08:00,2021-09-18 00:00:00-08:00,-448.7417531547426,4627.153952606297,-11887.524067117343,False,False,False,False,False,False
2021-09-12 00:00:00-08:00,2021-09-19 00:00:00-08:00,-431.1211986455154,4627.153952606297,-12099.806412875114,False,False,False,False,False,False
2021-09-13 00:00:00-08:00,2021-09-20 00:00:00-08:00,-440.78101096217307,4627.153952606297,-12099.806412875114,False,False,False,False,False,False
2021-09-14 00:00:00-08:00,2021-09-21 00:00:00-08:00,-445.81773382093206,4627.153952606297,-12099.806412875114,False,False,False,False,False,False
2021-09-15 00:00:00-08:00,2021-09-22 00:00:00-08:00,-395.2032811508654,4627.153952606297,-12099.806412875114,False,False,False,False,False,False
2021-09-16 00:00:00-08:00,2021-09-23 00:00:00-08:00,-397.2602455536955,4627.153952606297,-12099.806412875114,False,False,False,False,False,False
2021-09-17 00:00:00-08:00,2021-09-24 00:00:00-08:00,-416.86829180826305,4627.153952606297,-12099.806412875114,False,False,False,False,False,False
2021-09-18 00:00:00-08:00,2021-09-25 00:00:00-08:00,-433.90134531141246,3628.767199998536,-12099.806412875114,False,False,False,False,False,False
2021-09-19 00:00:00-08:00,2021-09-26 00:00:00-08:00,-394.4594263546412,3366.1978281503225,-9840.008279660267,False,False,False,False,False,False
2021-09-20 00:00:00-08:00,2021-09-27 00:00:00-08:00,-369.4306892670796,3649.438520332387,-12349.380493742983,False,False,False,False,False,False
2021-09-21 00:00:00-08:00,2021-09-28 00:00:00-08:00,-453.92258889835114,3649.438520332387,-17801.970588043645,False,False,False,False,False,False
2021-09-22 00:00:00-08:00,2021-09-29 00:00:00-08:00,-618.4662018550148,3649.438520332387,-17801.970588043645,False,False,False,False,False,False
2021-09-23 00:00:00-08:00,2021-09-30 00:00:00-08:00,-658.876218495188,3649.438520332387,-17801.970588043645,False,False,False,False,False,False
2021-09-24 00:00:00-08:00,2021-10-01 00:00:00-08:00,-651.255722399245,3754.106383349203,-17801.970588043645,False,False,False,False,False,False
2021-09-25 00:00:00-08:00,2021-10-02 00:00:00-08:00,-642.7827474739612,3855.258330454153,-17801.970588043645,False,False,False,False,False,False
2021-09-26 00:00:00-08:00,2021-10-03 00:00:00-08:00,-626.4600840641041,3855.258330454153,-17801.970588043645,False,False,False,False,False,False
2021-09-27 00:00:00-08:00,2021-10-04 00:00:00-08:00,-581.6202770119531,3855.258330454153,-17801.970588043645,False,False,False,False,False,False
2021-09-28 00:00:00-08:00,2021-10-05 00:00:00-08:00,-445.5894549336125,3855.258330454153,-14762.708585244056,False,False,False,False,False,False
2021-09-29 00:00:00-08:00,2021-10-06 00:00:00-08:00,-329.8549429799145,3855.258330454153,-11360.00621299592,False,False,False,False,False,False
2021-09-30 00:00:00-08:00,2021-10-07 00:00:00-08:00,-292.58308859814696,3855.258330454153,-11360.00621299592,False,False,False,False,False,False
2021-10-01 00:00:00-08:00,2021-10-08 00:00:00-08:00,-315.41109523637226,3855.258330454153,-11360.00621299592,False,False,False,False,False,False
2021-10-02 00:00:00-08:00,2021-10-09 00:00:00-08:00,-462.1007430558608,3634.498049641654,-14454.160497080073,False,False,False,False,False,False
2021-10-03 00:00:00-08:00,2021-10-10 00:00:00-08:00,-493.6843233073156,3635.425497044296,-14454.160497080073,False,False,False,False,False,False
2021-10-04 00:00:00-08:00,2021-10-11 00:00:00-08:00,-547.8093612633563,3635.425497044296,-14454.160497080073,False,False,False,False,False,False
2021-10-05 00:00:00-08:00,2021-10-12 00:00:00-08:00,-794.5200887169957,3635.425497044296,-18624.38997210093,False,False,False,False,False,False
2021-10-06 00:00:00-08:00,2021-10-13 00:00:00-08:00,-893.9007113663072,3635.425497044296,-18624.38997210093,False,False,False,False,False,False
2021-10-07 00:00:00-08:00,2021-10-14 00:00:00-08:00,-866.7740891253092,3927.3814182430374,-18624.38997210093,False,False,False,False,False,False
2021-10-08 00:00:00-08:00,2021-10-15 00:00:00-08:00,-868.796002156659,3927.3814182430374,-18624.38997210093,False,False,False,False,False,False
2021-10-09 00:00:00-08:00,2021-10-16 00:00:00-08:00,-713.9247167222328,3927.3814182430374,-18624.38997210093,False,False,False,False,False,False
2021-10-10 00:00:00-08:00,2021-10-17 00:00:00-08:00,-690.6619055883295,3927.3814182430374,-18624.38997210093,False,False,False,False,False,False
2021-10-11 00:00:00-08:00,2021-10-18 00:00:00-08:00,-707.8831689275073,3927.3814182430374,-18624.38997210093,False,False,False,True,False,False
2021-10-12 00:00:00-08:00,2021-10-19 00:00:00-08:00,-486.7055723801771,3927.3814182430374,-16564.683292803726,False,False,False,True,False,False
2021-10-13 00:00:00-08:00,2021-10-20 00:00:00-08:00,-362.04846695502584,4124.77772268895,-13987.593334724095,False,False,False,True,False,False
2021-10-14 00:00:00-08:00,2021-10-21 00:00:00-08:00,-283.3749528742811,4124.77772268895,-13987.593334724095,False,False,False,True,False,False
2021-10-15 00:00:00-08:00,2021-10-22 00:00:00-08:00,-216.99328655927434,4124.77772268895,-13987.593334724095,False,False,False,True,False,False
2021-10-16 00:00:00-08:00,2021-10-23 00:00:00-08:00,-189.33542559796794,4124.77772268895,-13987.593334724095,False,False,False,True,False,False
2021-10-17 00:00:00-08:00,2021-10-24 00:00:00-08:00,-172.69598208991252,4124.77772268895,-13987.593334724095,False,False,False,True,False,False
2021-10-18 00:00:00-08:00,2021-10-25 00:00:00-08:00,-183.53382351597463,4124.77772268895,-11434.45506733938,False,False,False,True,False,False
2021-10-19 00:00:00-08:00,2021-10-26 00:00:00-08:00,-197.4563180117911,4124.77772268895,-12633.59107875435,False,False,False,False,False,False
2021-10-20 00:00:00-08:00,2021-10-27 00:00:00-08:00,-159.49912328071562,3834.9219994128616,-12633.59107875435,False,False,False,False,False,False
2021-10-21 00:00:00-08:00,2021-10-28 00:00:00-08:00,-237.43193531627057,3828.08772626005,-12633.59107875435,False,False,False,False,False,False
2021-10-22 00:00:00-08:00,2021-10-29 00:00:00-08:00,-258.8993640470005,3828.08772626005,-12633.59107875435,False,False,False,False,False,False
2021-10-23 00:00:00-08:00,2021-10-30 00:00:00-08:00,-274.4075341821969,3828.08772626005,-12633.59107875435,False,False,False,False,False,False
2021-10-24 00:00:00-08:00,2021-10-31 00:00:00-08:00,-292.30392064784456,3828.08772626005,-12633.59107875435,False,False,False,False,False,False
2021-10-25 00:00:00-08:00,2021-11-01 00:00:00-08:00,-191.49714580736756,3828.08772626005,-12633.59107875435,False,False,False,False,False,False
2021-10-26 00:00:00-08:00,2021-11-02 00:00:00-08:00,-85.50936046477052,3828.08772626005,-9649.460581241276,False,False,False,False,False,False
2021-10-27 00:00:00-08:00,2021-11-03 00:00:00-08:00,-55.50139439720647,3828.08772626005,-9649.460581241276,False,False,False,False,False,False
2021-10-28 00:00:00-08:00,2021-11-04 00:00:00-08:00,-28.221200694999965,3869.1908143605274,-7102.069467717259,False,False,False,False,False,False
2021-10-29 00:00:00-08:00,2021-11-05 00:00:00-08:00,-39.37332063792348,3869.1908143605274,-8899.262322738103,False,False,False,False,False,False
2021-10-30 00:00:00-08:00,2021-11-06 00:00:00-08:00,-62.410847144243014,3869.1908143605274,-8899.262322738103,False,False,False,False,False,False
2021-10-31 00:00:00-08:00,2021-11-07 00:00:00-08:00,-68.67611618317022,3869.1908143605274,-9844.048415924062,False,False,False,False,False,False
2021-11-01 00:00:00-08:00,2021-11-08 00:00:00-08:00,-128.24624418902735,3869.1908143605274,-10072.785409156048,False,False,False,False,False,False
2021-11-02 00:00:00-08:00,2021-11-09 00:00:00-08:00,-187.71367916964905,4858.884417631154,-10072.785409156048,False,False,False,False,False,False
2021-11-03 00:00:00-08:00,2021-11-10 00:00:00-08:00,-262.5273304751227,4858.884417631154,-10072.785409156048,False,False,False,False,False,False
2021-11-04 00:00:00-08:00,2021-11-11 00:00:00-08:00,-266.4202475389459,5056.234594093602,-10072.785409156048,False,False,False,False,False,False
2021-11-05 00:00:00-08:00,2021-11-12 00:00:00-08:00,-245.88962425333105,5056.234594093602,-10072.785409156048,False,False,False,False,False,False
2021-11-06 00:00:00-08:00,2021-11-13 00:00:00-08:00,-207.6677080823112,5331.32966814429,-10072.785409156048,False,False,False,False,False,False
2021-11-07 00:00:00-08:00,2021-11-14 00:00:00-08:00,-156.75300546938854,5331.32966814429,-10072.785409156048,False,False,False,False,False,False
2021-11-08 00:00:00-08:00,2021-11-15 00:00:00-08:00,-45.78174741291762,5331.32966814429,-8981.257526442796,False,False,False,False,False,False
2021-11-09 00:00:00-08:00,2021-11-16 00:00:00-08:00,13.758588655651561,5331.32966814429,-8240.807259224399,False,False,False,False,False,False
2021-11-10 00:00:00-08:00,2021-11-17 00:00:00-08:00,89.56340588059477,5331.32966814429,-8240.807259224399,False,False,False,False,False,False
2021-11-11 00:00:00-08:00,2021-11-18 00:00:00-08:00,115.69655106528019,5331.32966814429,-8088.1292158683955,False,False,False,False,False,False
2021-11-12 00:00:00-08:00,2021-11-19 00:00:00-08:00,159.53379739260103,5331.32966814429,-6649.801122840451,False,False,False,False,False,False
2021-11-13 00:00:00-08:00,2021-11-20 00:00:00-08:00,148.72784954214308,5193.368506684434,-7099.346563564446,False,False,False,False,False,False
2021-11-14 00:00:00-08:00,2021-11-21 00:00:00-08:00,78.45513576705443,5193.368506684434,-11218.838396883675,False,False,False,False,False,False
2021-11-15 00:00:00-08:00,2021-11-22 00:00:00-08:00,9.020985245741176,5119.02547150589,-11218.838396883675,False,False,False,False,False,False
2021-11-16 00:00:00-08:00,2021-11-23 00:00:00-08:00,-50.07397320864453,5119.02547150589,-11218.838396883675,False,False,False,False,False,False
2021-11-17 00:00:00-08:00,2021-11-24 00:00:00-08:00,-121.53718406235954,4020.3891796581097,-11218.838396883675,False,False,False,False,False,False
2021-11-18 00:00:00-08:00,2021-11-25 00:00:00-08:00,-188.1879645502454,3919.141005302886,-11410.077867008318,False,False,False,False,False,False
2021-11-19 00:00:00-08:00,2021-11-26 00:00:00-08:00,-219.58766316741116,4459.597843409854,-11410.077867008318,False,False,False,False,False,False
2021-11-20 00:00:00-08:00,2021-11-27 00:00:00-08:00,-214.70756757026683,4459.597843409854,-11410.077867008318,False,False,False,False,False,False
2021-11-21 00:00:00-08:00,2021-11-28 00:00:00-08:00,-150.64011013391,4459.597843409854,-11410.077867008318,False,False,False,False,False,False
2021-11-22 00:00:00-08:00,2021-11-29 00:00:00-08:00,-116.97245407368898,4906.570977067061,-11410.077867008318,False,False,False,False,False,False
2021-11-23 00:00:00-08:00,2021-11-30 00:00:00-08:00,-101.65257816231876,4906.570977067061,-11410.077867008318,False,False,False,False,False,False
2021-11-24 00:00:00-08:00,2021-12-01 00:00:00-08:00,-48.33768619218464,4906.570977067061,-11410.077867008318,False,False,False,False,False,False
2021-11-25 00:00:00-08:00,2021-12-02 00:00:00-08:00,15.076088023209033,4906.570977067061,-8126.977722554691,False,False,False,False,False,False
2021-11-26 00:00:00-08:00,2021-12-03 00:00:00-08:00,27.17019599792392,4906.570977067061,-7871.435213563556,False,False,False,False,False,False
2021-11-27 00:00:00-08:00,2021-12-04 00:00:00-08:00,48.20360890294841,4906.570977067061,-7407.951543701896,False,False,False,False,False,False
2021-11-28 00:00:00-08:00,2021-12-05 00:00:00-08:00,62.68908055441096,4906.570977067061,-7346.105580051229,False,False,False,False,False,False
2021-11-29 00:00:00-08:00,2021-12-06 00:00:00-08:00,82.20124403779985,4871.091837149279,-7036.530559558754,False,False,False,False,False,False
2021-11-30 00:00:00-08:00,2021-12-07 00:00:00-08:00,137.92319040175585,4570.434223175738,-6787.162882271379,False,False,False,False,False,False
2021-12-01 00:00:00-08:00,2021-12-08 00:00:00-08:00,184.12696850889478,5201.778157391735,-6787.162882271379,False,False,False,False,False,False
2021-12-02 00:00:00-08:00,2021-12-09 00:00:00-08:00,226.68798886841375,5201.778157391735,-6412.351876550479,False,False,False,False,False,False
2021-12-03 00:00:00-08:00,2021-12-10 00:00:00-08:00,157.9319222723685,5201.778157391735,-7174.80986747456,False,False,False,False,False,False
2021-12-04 00:00:00-08:00,2021-12-11 00:00:00-08:00,110.0744730281829,5201.778157391735,-8917.181744785017,False,False,False,False,False,False
2021-12-05 00:00:00-08:00,2021-12-12 00:00:00-08:00,103.64928562253333,5336.408023092097,-8917.181744785017,False,False,False,False,False,False
2021-12-06 00:00:00-08:00,2021-12-13 00:00:00-08:00,72.4526680323435,5336.408023092097,-8917.181744785017,False,False,False,False,False,False
2021-12-07 00:00:00-08:00,2021-12-14 00:00:00-08:00,-118.1828495854992,5336.408023092097,-9562.134693266831,False,False,False,False,False,False
2021-12-08 00:00:00-08:00,2021-12-15 00:00:00-08:00,-201.99726086004395,5336.408023092097,-10797.997164448472,False,False,False,False,False,False
2021-12-09 00:00:00-08:00,2021-12-16 00:00:00-08:00,-292.7525564164553,5336.408023092097,-10797.997164448472,False,False,False,False,False,False
2021-12-10 00:00:00-08:00,2021-12-17 00:00:00-08:00,-251.0826067488336,5336.408023092097,-10797.997164448472,False,False,False,False,False,False
2021-12-11 00:00:00-08:00,2021-12-18 00:00:00-08:00,-215.98238791162294,5336.408023092097,-10797.997164448472,False,False,False,False,False,False
2021-12-12 00:00:00-08:00,2021-12-19 00:00:00-08:00,-160.6212018819387,4578.982257833433,-10797.997164448472,False,False,False,False,False,False
2021-12-13 00:00:00-08:00,2021-12-20 00:00:00-08:00,-96.05903462164581,4578.982257833433,-10797.997164448472,False,False,False,False,False,False
2021-12-14 00:00:00-08:00,2021-12-21 00:00:00-08:00,101.51382077609917,4578.982257833433,-10797.997164448472,False,False,False,False,False,False
2021-12-15 00:00:00-08:00,2021-12-22 00:00:00-08:00,193.58778533877967,4578.982257833433,-9094.849207024792,False,False,False,False,False,False
2021-12-16 00:00:00-08:00,2021-12-23 00:00:00-08:00,227.485902196049,4578.982257833433,-9710.5603535392,False,False,False,False,False,False
2021-12-17 00:00:00-08:00,2021-12-24 00:00:00-08:00,270.8866913460283,4578.982257833433,-9710.5603535392,False,False,False,False,False,False
2021-12-18 00:00:00-08:00,2021-12-25 00:00:00-08:00,238.28688388072243,5394.753812508382,-16575.707588055768,False,False,False,False,False,False
2021-12-19 00:00:00-08:00,2021-12-26 00:00:00-08:00,155.4790564547004,5394.753812508382,-16575.707588055768,False,False,False,False,False,False
2021-12-20 00:00:00-08:00,2021-12-27 00:00:00-08:00,125.27164442175112,5394.753812508382,-16575.707588055768,False,False,False,False,False,False
2021-12-21 00:00:00-08:00,2021-12-28 00:00:00-08:00,45.50728990011592,5394.753812508382,-16575.707588055768,False,False,False,False,False,False
2021-12-22 00:00:00-08:00,2021-12-29 00:00:00-08:00,-1.25649288662448,5394.753812508382,-16575.707588055768,False,False,False,False,False,False
2021-12-23 00:00:00-08:00,2021-12-30 00:00:00-08:00,-13.985914517930064,5394.753812508382,-16575.707588055768,False,False,False,False,False,False
2021-12-24 00:00:00-08:00,2021-12-31 00:00:00-08:00,-24.095554041241567,5394.753812508382,-16575.707588055768,False,False,False,False,False,False
2021-12-25 00:00:00-08:00,2022-01-01 00:00:00-08:00,11.724819275007388,4679.766097520666,-7932.225826849294,False,False,False,False,False,False
