month,recovery_selected,load_mw,net_load_mw,available_nd_mw,renewable_fraction,p95_dc_utilization,dc_branches_ge_95pct,dc_soc_fraction,dc_charging_mw,dc_discharging_mw,signpost_power_fraction,absolute_net_ramp_mw,generator_net_change_mw,generator_l1_mw,generator_counterdirection_mw,battery_net_change_mw,battery_l1_mw,soc_net_change_mwh,soc_end_l1_mwh,hours
1,False,4680.194682302384,4101.68508355199,578.509598750394,0.12465495511102301,0.9290362524617028,9.226573426573427,0.5366913647013819,24.0704666348327,23.392208977403985,0.30238564332020484,115.11286114124421,171.35621627180794,805.4358939012756,317.0398388147338,0.1402346986169012,18.531724706053875,-7.386727023993626,30.68010790671336,715
1,True,4703.696415187241,4276.672318468057,427.0240967191841,0.09128368963159351,0.9525164278725259,10.517241379310345,0.36865125212154704,8.95117115852506,42.12675461243546,0.3042689917732679,109.52198761358804,181.05021509057423,858.5933841428696,338.77158452614765,-2.6094421227658455,25.081159850198674,0.07832284054697045,40.36521108134211,29
2,False,4614.448588666624,4041.795980310605,572.6526083560198,0.12465106836868382,0.9118260708685895,8.45076923076923,0.5876348197359027,18.848267713852405,19.04943691147103,0.24538294779558786,122.49395065842138,164.41328014596286,784.0477276731351,309.8172237635861,-0.10682713376050305,17.34605552734375,-5.948599765851004,29.70919078555061,650
2,True,4393.976115000819,3913.898532104224,480.07758289659415,0.10702976748888143,0.8846254124769978,7.2727272727272725,0.5794083890569923,2.9975972945522353,7.0629581316428944e-06,0.05272160938842465,106.4477469089673,148.7864547763745,718.4893615168116,284.8514533702186,2.0382748536459325,11.452966350874677,-15.749195706399574,23.212587124284127,22
3,False,4455.433857242371,3817.809036897802,637.6248203445696,0.14425629638345974,0.9274711490632742,9.327707454289733,0.4706057139670647,9.71495727320554,9.802120090244873,0.1448406774476941,133.0278783722267,151.8881123605131,827.3471057498664,337.72949669467664,-0.20124430666556037,18.616446151574706,10.856975147351553,35.36694171579726,711
3,True,4359.805770788364,3876.608575986562,483.1971948018015,0.11013422022147143,0.9235680985944132,9.0,0.4968871134779203,5.681869051923539,0.8810396740903936,0.052781125131125865,108.69277136049857,147.63816757150704,796.4475193366387,324.4046758825658,4.336153776979435,14.949280887094679,4.340164487934213,34.26163821830686,33
4,False,4270.707179764364,3574.1863966371047,696.52078312726,0.16431172518471815,0.933165419377844,10.090361445783133,0.2784057736685953,2.2120590488088103,1.8024329526740586,0.0682589747929871,142.76489242129762,138.45234485084686,891.4173982253369,376.482526687245,-0.03383132437941362,26.05156147730447,16.21543381827847,56.577041706217486,664
4,True,4185.008127333001,3702.8677271289635,482.1404002040368,0.11342960973136987,0.9167458323011364,9.107142857142858,0.23443355744931318,1.2811664842226185,1.682842832201597,0.10351941397053363,139.86296842822162,135.20349199630326,843.8361159122234,354.31631195796007,1.438529828600654,21.077857238931166,1.2263737447036793,78.70657973373963,56
5,False,4052.3356185088237,3332.0249659759597,720.3106525328643,0.1794679056262571,0.9315169728755626,9.835479256080115,0.3501165183570009,0.7102399692576582,0.5332999438092425,0.044411589072618704,153.65343539587462,123.60039273978508,945.1999171333395,410.7997621967771,-0.17634719090882434,23.72499680261236,3.2606655213364024,52.52266563181786,699
5,True,4032.7953806821333,3660.04430941664,372.75107126549386,0.09275434128435893,0.8993772686006088,8.066666666666666,0.30555669309631567,0.6349798547406238,0.17409994211180563,0.047530038644762004,113.9182457316299,126.56692052567914,786.882443488549,330.15776148143493,1.4481391363979728,16.17023285717595,-46.26506603688688,61.81447520397673,45
6,False,3895.6986136037567,3138.9113244762393,756.7872891275173,0.19547688583899733,0.9372466955956181,10.269565217391305,0.41275105462198775,0.8950971091439519,0.7788399937090187,0.07309350809587165,157.38169357148362,115.05914373663126,991.7997643330443,438.37031029820656,-0.34020526445571336,16.751848376264423,7.604564441691972,32.091587130375565,690
6,True,4007.455650114,3648.398752322287,359.0568977917132,0.08936510771413113,0.9035576827255564,8.466666666666667,0.4020700604991599,0.2177864817009159,0.6381714200420366,0.03983904723643013,113.14698882521739,114.9836977776731,821.4752564541471,353.24577933823707,9.10195365419619,9.423023166179501,-26.564197739450993,33.60921865458354,30
7,False,3850.6083016639946,3149.975058816386,700.6332428476087,0.18416728091347107,0.9249432139770061,9.8,0.6054526139610964,1.024825811425196,0.705943704588094,0.06937049553682034,152.87162905652855,111.21902250220913,969.1216959548871,428.9513367263389,0.006870993889252158,15.976334188137846,5.418830698987505,31.164519546590668,740
7,True,3800.215038217501,3277.7806016572913,522.4344365602096,0.13096916829672262,0.9544090947615791,11.0,0.71361227907412,5.9587071864297605e-05,4.307245183451449e-07,2.6064877081147614e-06,111.01921310379032,112.92052580843487,957.2332236701152,422.1563489308402,-2.363466732659114,11.037129529246283,2.7550121358829536,10.645588888785689,4
8,False,3845.037035534444,3140.4054977830338,704.6315377514098,0.18542432830138136,0.9372875361641251,10.317997293640055,0.7922298271161224,1.168670513224235,0.8482479090861057,0.08043604962179418,145.28464224100682,112.28231496446575,983.0553144240457,435.38649972978993,-0.08952764627489482,12.159191029855178,-2.081317223099067,27.517531370489696,739
8,True,4080.6589804427995,3611.2791634086884,469.3798170341118,0.11521243198027933,0.9167223983638649,8.4,0.7969872078628781,3.427412229965726e-05,1.8395546480829394,0.028335884429011797,246.3362555308483,120.60962885071835,806.689526385024,343.03994876715285,6.442652199606357,6.678413556711343,0.5938876477213624,62.72235076146707,5
9,False,4009.695074261669,3381.542937548728,628.1521367129417,0.15746511802282778,0.9264250753551382,9.795197740112995,0.9133900381742519,0.6517340384820757,0.650603084374384,0.05955961798510336,134.29532050669616,120.32385166390199,927.3873080993546,403.53172821772637,0.2904017427708936,8.921305826695175,-13.388540225645741,27.14370297927227,708
9,True,3961.8825407594995,3537.914788769706,423.9677519897935,0.10349179549561643,0.9062240044282367,8.083333333333334,0.9271046250378485,0.00012050907643019013,5.133686988509252e-06,0.035302867482995985,179.0540777023089,130.8504164255993,832.8877221259839,351.01865285019227,-14.912340882904973,14.912359655645167,-84.99334152830336,112.51234122234708,12
10,False,4233.751425835826,3620.572802628892,613.1786232069336,0.14613266431450525,0.9281612781735319,9.762228260869565,0.878588265997358,1.5802459252988164,2.341360457419959,0.09494528662524346,124.47316614255622,136.70095296737884,855.874981161397,359.58190190173605,0.14117448142098232,12.18842973223083,-16.01737388241794,35.956961751033234,736
10,True,4032.5425295085,3636.8633049570017,395.6792245514986,0.0970715528950415,0.9107124550453167,8.625,0.8893553516143412,3.5532441549475426,2.9032534808418607e-07,0.19917978766138633,126.05681667398335,134.09905642318364,835.9743926529368,350.93766811487654,-7.54023011312457,11.840295572689921,-96.24755178608561,114.80544943360546,8
11,False,4427.351485033888,3875.842543228111,551.508941805777,0.12532482812024065,0.9091447770290755,8.551966292134832,0.6992833110623016,7.9854874242412395,7.4696564672800605,0.13361622072438548,116.48000606532854,151.12331832000984,787.9100772100185,318.3933794450043,-0.2147969821742345,12.448537612486163,3.0185194059662255,30.00673127851114,712
11,True,4230.2177781885,3782.241768341747,447.97600984675313,0.10390345911526629,0.8966462995589352,8.625,0.4618129977315913,1.9172863720726696,3.067283740857199e-07,0.08759848888045631,93.33722708028057,128.5397567639125,832.7000059175807,352.0801245768341,10.337065667021005,12.767961309487967,-17.82358766582352,44.291883484705835,8
12,False,4610.122519303399,4059.3396952575563,550.7828240458421,0.12035122594238983,0.9191190618187841,8.705962059620596,0.5268335120029564,15.448844324703085,15.946350169496732,0.22445154827177893,113.91960955776158,165.81424357645426,787.8505426827562,311.018149553151,-0.17499721037496324,15.415064483243016,7.913466627693836,30.202680948724588,738
12,True,4562.030366894,4141.41870520238,420.61166169161964,0.0934014164758778,0.9138622884545993,8.666666666666666,0.4000048509128569,43.815342247030536,37.83107154388019,0.4046368160996943,81.28598464916377,143.19807682946785,763.8517671971539,310.326845183843,21.524658903088724,24.71420535015913,17.427619542151977,27.424831973341796,6
