Month,Dispatchable generation (MWh),Renewable dispatch (MWh),Curtailment (MWh),Battery power (MWh; + discharge),Battery charging (MWh),Battery discharging (MWh),Load shedding (MWh),Served load (MWh),Generator cost,Storage cost,Shedding cost,DC loss proxy cost,SoC start (MWh),SoC end (MWh),Formulation
2021-01-01,773169.4357079602,1786938.8583476765,1268283.5300463163,-6323.48445883405,384878.19033625774,378554.7058774237,1.7573489695946415e-08,2553784.8095968026,18842391.484054424,7634.328962136814,0.00036488880520981485,0.0,7023.2789219949,13346.763380828943,Copper plate
2021-02-01,412901.5090971043,1941616.3931507291,2458253.964914938,731.5933227953591,238780.11448507925,239511.7078078746,1.58199353956075e-08,2355249.495570629,10224305.87059795,4782.918222929538,0.00032847871566062353,0.0,13346.763380828943,12615.17005803358,Copper plate
2021-03-01,325888.46146743855,2135085.5049992674,3037334.5767433844,-137.12206068822718,290430.58615856676,290293.46409787855,1.766982525550023e-08,2460836.8444060176,7765864.26805243,5807.240502564454,0.00036688907765615306,0.0,12615.17005803358,12752.29211872181,Copper plate
2021-04-01,78624.63800433603,2192249.9347352996,4215283.868507082,7426.814063039833,283309.4714994826,290736.2855625224,1.7205714556297352e-08,2278301.386802675,1615884.957290619,5740.45757062005,0.0003572524715268484,0.0,12752.29211872181,5325.478055681982,Copper plate
2021-05-01,28601.001872171455,2481526.691012109,5759376.070157337,-7008.955178092992,177453.31127156698,170444.356093474,1.7633290861931876e-08,2503118.7377061876,502201.2513347948,3478.97667365041,0.00036613049234106353,0.0,5325.478055681982,12334.43323377497,Copper plate
2021-06-01,39075.23454682174,2735488.139461788,4265704.614123205,1633.4990028681082,227145.20266292233,228778.70166579043,1.6706570248716518e-08,2776196.8730114778,710594.7947302748,4559.239043287127,0.0003468884417768288,0.0,12334.43323377497,10700.934230906863,Copper plate
2021-07-01,235946.7495078803,3118384.3359831055,2671153.122118277,-2578.780542874872,403692.64455573104,401113.86401285615,1.677537269037554e-08,3351752.3049481106,5155057.673605893,8048.065085685872,0.00034831702774164547,0.0,10700.934230906863,13279.714773781743,Copper plate
2021-08-01,183105.66606585603,2665909.500129937,2423457.4947358,-766.8430702027905,423651.79539170896,422884.95232150616,1.7281698672831743e-08,2848248.3231255906,3732368.9423820483,8465.367477132151,0.0003588301748730172,0.0,13279.714773781743,14046.557843984534,Copper plate
2021-09-01,182230.13362436197,2293676.52280244,2418088.4658828536,726.8503294034832,379917.93230521976,380644.78263462323,1.7009933178206428e-08,2476633.506756205,3756700.0574780903,7605.62714939843,0.0003531873464794079,0.0,14046.557843984534,13319.707514581047,Copper plate
2021-10-01,279643.2963895145,2062425.463382828,1998827.611032439,-464.1416586037635,373671.4149797989,373207.2733211951,1.7802033439454894e-08,2341604.618113739,5824579.2621057015,7468.7868830099405,0.000369634194711265,0.0,13319.707514581047,13783.849173184819,Copper plate
2021-11-01,790113.1315041641,1428477.923309305,1065921.2221081068,3452.901488955962,394939.3221985887,398392.22368754464,1.7274997132467416e-08,2222043.956302425,19330868.929711055,7933.315458861333,0.00035869102680971765,0.0,13783.849173184819,10330.947684228862,Copper plate
2021-12-01,949868.963627377,1641014.1896079823,778293.7670534296,3307.6687622339628,425428.73412817594,428736.4028904099,1.7537134543655435e-08,2594190.821997593,23618896.909358703,8541.651370185858,0.0003641339415878367,0.0,10330.947684228862,7023.2789219949,Copper plate
2021-01-01,806599.9850172714,1753508.2815003914,1301714.1068936014,-6323.456920910139,389949.8225635161,383626.36564260593,5.683076796893053e-08,2553784.8095967635,19519091.632919297,7735.761882061221,0.0011800109928150782,775.3698364238209,7023.2789219949,13346.735842905036,Lossy DC
2021-02-01,434330.83471782546,1920187.0589427138,2479683.2991229533,731.601910039333,260708.60429175542,261440.20620179473,5.0819343361749316e-08,2355249.4955705935,10665147.265276542,5221.488104935502,0.001055192212909958,714.8796418761785,13346.735842905036,12615.1339328657,Lossy DC
2021-03-01,336089.8587592414,2124884.104892025,3047535.976850627,-137.1192453070281,301236.72034886206,301099.60110355506,5.606512652451924e-08,2460836.844405979,7958497.498871514,6023.363214524171,0.0011641135247137486,713.9798342623857,12615.1339328657,12752.253178172725,Lossy DC
2021-04-01,83706.4261401006,2186822.650004242,4220711.153238139,7772.310658272858,294242.49106550997,302014.8017237828,5.385278700786051e-08,2278301.3868026384,1709413.311143232,5962.5729278929275,0.0011181774051996906,612.4182248162102,12752.253178172725,4979.942519899867,Lossy DC
2021-05-01,46821.26426451712,2464539.6054174914,5776363.155751955,-8242.131975880697,190331.42383516763,182089.29185928695,5.5690893161109155e-08,2503118.7377061495,796215.602810935,3724.207156944546,0.0011563430950946472,706.464115188718,4979.942519899867,13222.074495780565,Lossy DC
2021-06-01,85622.4766107925,2689744.162388781,4311448.591196211,830.2340118414012,258503.53775998775,259333.77177182914,5.5634312212412795e-08,2776196.873011439,1493831.2388718883,5178.373095318169,0.001155168271247781,898.8034796039063,13222.074495780565,12391.840483939171,Lossy DC
2021-07-01,364531.0416015209,2988111.4503662246,2801426.007735158,-890.1870197021503,419635.0055917412,418744.818572039,5.965332838379035e-08,3351752.3049480678,7523146.094964432,8383.798241637802,0.0012386174913096989,1209.1468851609766,12391.840483939171,13282.027503641326,Lossy DC
2021-08-01,251137.45459343388,2597875.3988724207,2491491.595993317,-764.5303403245827,438712.3725712658,437947.8422309412,5.740842490069909e-08,2848248.3231255505,4834917.02529655,8766.60214802207,0.0011920052268176063,981.4917119472059,13282.027503641326,14046.557843965913,Lossy DC
2021-09-01,224720.1686806134,2251186.471772256,2460578.5169130377,726.8663032786784,389115.6591553143,389842.525458593,5.451085464858825e-08,2476633.506756168,4460101.399014721,7789.581846139073,0.001131841254516299,791.6293655943961,14046.557843965913,13319.691540687232,Lossy DC
2021-10-01,304260.0409206713,2037808.7410478739,2023444.3333673931,-464.1638548628205,379709.54528141516,379245.38142655237,5.611418334768975e-08,2341604.6181137008,6254975.873475917,7589.549267079676,0.0011651321206729908,725.9687766005738,13319.691540687232,13783.855395550054,Lossy DC
2021-11-01,801319.6554475542,1417271.3917846621,1077127.7536327494,3452.909070162776,398626.84437050874,402079.75344067154,5.418158034141367e-08,2222043.956302388,19560299.026506532,8007.065978111803,0.0011250043364874947,608.7601267980394,13783.855395550054,10330.946325387267,Lossy DC
2021-12-01,993277.8267902185,1597605.3278039342,821702.6288574776,3307.6674033923623,416766.811754795,420074.4791581874,5.6894833193934186e-08,2594190.8219975536,24605084.076703005,8368.412909129824,0.0011813412171365729,745.218310622612,10330.946325387267,7023.278921994898,Lossy DC
